{"p0":{"LeftToe":[-0.31699999999999995,0.3959999999999999,0.025],"RightToe":[-0.09000000000000008,0.903,0.039],"LeftHeel":[-0.4770000000000001,0.29800000000000004,0.155],"RightHeel":[-0.2370000000000001,0.7280000000000002,0.039],"LeftAnkle":[-0.3999999999999999,0.3410000000000002,0.175],"RightAnkle":[-0.18700000000000006,0.762,0.103],"LeftKnee":[-0.12400000000000011,0.472,0.476],"RightKnee":[-0.10400000000000009,0.7250000000000001,0.525],"LeftHip":[-0.32899999999999996,0.31800000000000006,0.82],"RightHip":[-0.383,0.54,0.796],"LeftShoulder":[-0.008999999999999897,0.4079999999999999,1.266],"RightShoulder":[-0.10400000000000009,0.726,1.235],"LeftElbow":[-0.06400000000000006,0.22599999999999998,1.049],"RightElbow":[-0.24,0.839,1.008],"LeftWrist":[0.14500000000000002,0.3959999999999999,1.092],"RightWrist":[-0.03600000000000003,0.6760000000000002,1.021],"LeftHand":[0.16000000000000014,0.46899999999999986,1.117],"RightHand":[0.021999999999999797,0.6800000000000002,1.078],"LeftFingers":[0.16599999999999993,0.4969999999999999,1.189],"RightFingers":[0.005999999999999783,0.6680000000000001,1.154],"Core":[-0.2909999999999999,0.472,1.038],"Neck":[-0.03200000000000003,0.5800000000000001,1.302],"Head":[0.10099999999999998,0.5790000000000002,1.395]},"p1":{"LeftToe":[0.7570000000000001,-0.004999999999999893,0.029],"RightToe":[0.10599999999999987,0.29700000000000015,0.03],"LeftHeel":[0.7130000000000001,-0.22999999999999998,0.033],"RightHeel":[0.22599999999999998,0.10400000000000009,0.03],"LeftAnkle":[0.7090000000000001,-0.16599999999999993,0.094],"RightAnkle":[0.19300000000000006,0.15300000000000002,0.1],"LeftKnee":[0.6349999999999998,0.10000000000000009,0.421],"RightKnee":[0.1379999999999999,0.2120000000000002,0.525],"LeftHip":[0.516,0.03699999999999992,0.827],"RightHip":[0.29800000000000004,-0.04299999999999993,0.832],"LeftShoulder":[0.476,0.3620000000000001,1.264],"RightShoulder":[0.15799999999999992,0.33599999999999985,1.201],"LeftElbow":[0.43900000000000006,0.31899999999999995,0.976],"RightElbow":[-0.052000000000000046,0.5019999999999998,1.084],"LeftWrist":[0.29000000000000004,0.508,1.095],"RightWrist":[-0.08400000000000007,0.7610000000000001,1.081],"LeftHand":[0.2679999999999998,0.5750000000000002,1.127],"RightHand":[-0.08499999999999996,0.843,1.091],"LeftFingers":[0.19099999999999984,0.601,1.116],"RightFingers":[-0.121,0.8929999999999998,1.043],"Core":[0.379,0.07200000000000006,1.06],"Neck":[0.30299999999999994,0.355,1.301],"Head":[0.2789999999999999,0.4630000000000001,1.427]}}