{"p0":{"LeftToe":[-0.09600000000000009,-0.42399999999999993,0.24],"RightToe":[-0.20799999999999996,-0.46199999999999997,0.025],"LeftHeel":[0.10899999999999999,-0.49,0.154],"RightHeel":[0.007000000000000117,-0.5489999999999999,0.046],"LeftAnkle":[0.08199999999999985,-0.42100000000000004,0.2],"RightAnkle":[-0.06000000000000005,-0.5309999999999999,0.099],"LeftKnee":[0.3799999999999999,-0.1359999999999999,0.332],"RightKnee":[0.19899999999999984,-0.544,0.439],"LeftHip":[0.653,-0.3779999999999999,0.103],"RightHip":[0.5009999999999999,-0.5489999999999999,0.131],"LeftShoulder":[1.0510000000000002,-0.685,0.362],"RightShoulder":[0.778,-0.6060000000000001,0.509],"LeftElbow":[1.117,-0.6240000000000001,0.086],"RightElbow":[0.6299999999999999,-0.3939999999999999,0.375],"LeftWrist":[0.9209999999999998,-0.44999999999999996,0.146],"RightWrist":[0.8330000000000002,-0.44500000000000006,0.217],"LeftHand":[0.911,-0.4159999999999999,0.216],"RightHand":[0.8399999999999999,-0.393,0.154],"LeftFingers":[0.851,-0.369,0.238],"RightFingers":[0.9159999999999999,-0.3620000000000001,0.139],"Core":[0.7599999999999998,-0.6220000000000001,0.142],"Neck":[0.948,-0.645,0.494],"Head":[1.017,-0.593,0.636]},"p1":{"LeftToe":[1.068,-0.7110000000000001,0.226],"RightToe":[0.7709999999999999,-0.2629999999999999,0.033],"LeftHeel":[1.009,-0.4970000000000001,0.155],"RightHeel":[0.5489999999999999,-0.19900000000000007,0.03],"LeftAnkle":[0.9780000000000002,-0.558,0.211],"RightAnkle":[0.6190000000000002,-0.17199999999999993,0.076],"LeftKnee":[0.5760000000000001,-0.44799999999999995,0.316],"RightKnee":[0.6070000000000002,0.1509999999999998,0.358],"LeftHip":[0.2530000000000001,-0.274,0.09],"RightHip":[0.29000000000000004,-0.052000000000000046,0.147],"LeftShoulder":[0.0990000000000002,-0.33499999999999996,0.623],"RightShoulder":[0.2570000000000001,-0.07400000000000007,0.598],"LeftElbow":[0.266,-0.536,0.5],"RightElbow":[0.4849999999999999,-0.15399999999999991,0.434],"LeftWrist":[0.516,-0.5449999999999999,0.407],"RightWrist":[0.669,-0.3380000000000001,0.395],"LeftHand":[0.5899999999999999,-0.5780000000000001,0.407],"RightHand":[0.7349999999999999,-0.387,0.392],"LeftFingers":[0.653,-0.528,0.391],"RightFingers":[0.7210000000000001,-0.46599999999999997,0.369],"Core":[0.09399999999999986,-0.17999999999999994,0.286],"Neck":[0.19499999999999984,-0.20900000000000007,0.691],"Head":[0.29400000000000004,-0.27,0.811]}}