{"p0":{"LeftToe":[0.32600000000000007,-0.603,0.093],"RightToe":[0.24299999999999988,-0.6120000000000001,0.415],"LeftHeel":[0.15399999999999991,-0.45500000000000007,0.048],"RightHeel":[0.24299999999999988,-0.45300000000000007,0.249],"LeftAnkle":[0.16699999999999982,-0.524,0.1],"RightAnkle":[0.2330000000000001,-0.44700000000000006,0.34],"LeftKnee":[-0.11699999999999999,-0.359,0.375],"RightKnee":[0.20000000000000018,-0.02200000000000002,0.392],"LeftHip":[-0.29400000000000004,-0.09000000000000008,0.095],"RightHip":[-0.1060000000000001,0.04499999999999993,0.096],"LeftShoulder":[-0.4570000000000001,0.04999999999999982,0.54],"RightShoulder":[-0.22799999999999998,0.2879999999999998,0.539],"LeftElbow":[-0.2649999999999999,-0.008000000000000007,0.327],"RightElbow":[0.016000000000000014,0.19799999999999995,0.417],"LeftWrist":[-0.03699999999999992,-0.11699999999999999,0.395],"RightWrist":[0.14100000000000001,-0.038000000000000034,0.443],"LeftHand":[0.008000000000000007,-0.15700000000000003,0.452],"RightHand":[0.12300000000000022,-0.1100000000000001,0.47],"LeftFingers":[0.08999999999999986,-0.1519999999999999,0.447],"RightFingers":[0.1499999999999999,-0.17500000000000004,0.432],"Core":[-0.33099999999999996,0.1499999999999999,0.209],"Neck":[-0.33699999999999997,0.16400000000000015,0.592],"Head":[-0.266,0.1030000000000002,0.726]},"p1":{"LeftToe":[-0.08299999999999996,0.278,0.025],"RightToe":[-0.20700000000000007,0.34299999999999997,0.039],"LeftHeel":[0.028000000000000025,0.07399999999999984,0.033],"RightHeel":[-0.04499999999999993,0.18299999999999983,0.03],"LeftAnkle":[0.04899999999999993,0.1589999999999998,0.03],"RightAnkle":[-0.09400000000000008,0.21399999999999997,0.1],"LeftKnee":[0.476,0.137,0.064],"RightKnee":[0.016000000000000014,-0.052999999999999936,0.421],"LeftHip":[0.4500000000000002,-0.29000000000000004,0.097],"RightHip":[0.246,-0.3320000000000001,0.189],"LeftShoulder":[0.6139999999999999,0.1379999999999999,0.374],"RightShoulder":[0.28600000000000003,0.18999999999999995,0.394],"LeftElbow":[0.6560000000000001,-0.016000000000000014,0.129],"RightElbow":[0.16800000000000015,0.3879999999999999,0.213],"LeftWrist":[0.7120000000000002,0.21300000000000008,0.021],"RightWrist":[0.10599999999999987,0.6059999999999999,0.064],"LeftHand":[0.69,0.2799999999999998,0.063],"RightHand":[0.09399999999999986,0.6819999999999999,0.093],"LeftFingers":[0.669,0.3490000000000002,0.025],"RightFingers":[0.09200000000000008,0.7480000000000002,0.05],"Core":[0.4009999999999998,-0.15900000000000003,0.33],"Neck":[0.4580000000000002,0.18800000000000017,0.439],"Head":[0.4700000000000002,0.3460000000000001,0.488]}}