{"p0":{"LeftToe":[-0.062000000000000055,-0.062000000000000055,0.025],"RightToe":[0.005999999999999783,-0.43900000000000006,0.051],"LeftHeel":[0.1629999999999998,-0.11099999999999999,0.03],"RightHeel":[0.22100000000000009,-0.3620000000000001,0.047],"LeftAnkle":[0.0950000000000002,-0.1080000000000001,0.091],"RightAnkle":[0.16500000000000004,-0.3879999999999999,0.116],"LeftKnee":[-0.127,-0.07000000000000006,0.46],"RightKnee":[-0.1200000000000001,-0.44500000000000006,0.436],"LeftHip":[0.28100000000000014,-0.1339999999999999,0.345],"RightHip":[0.28600000000000003,-0.3620000000000001,0.324],"LeftShoulder":[-0.1120000000000001,-0.08600000000000008,0.679],"RightShoulder":[-0.1459999999999999,-0.40900000000000003,0.676],"LeftElbow":[0.039000000000000146,0.05600000000000005,0.475],"RightElbow":[-0.22199999999999998,-0.6240000000000001,0.494],"LeftWrist":[-0.1100000000000001,0.08199999999999985,0.262],"RightWrist":[-0.43399999999999994,-0.478,0.568],"LeftHand":[-0.18300000000000005,0.121,0.255],"RightHand":[-0.4810000000000001,-0.4139999999999999,0.589],"LeftFingers":[-0.23399999999999999,0.10000000000000009,0.194],"RightFingers":[-0.44999999999999996,-0.3420000000000001,0.579],"Core":[0.17499999999999982,-0.276,0.551],"Neck":[-0.17900000000000005,-0.2430000000000001,0.713],"Head":[-0.33699999999999997,-0.22399999999999998,0.761]},"p1":{"LeftToe":[-0.030999999999999917,-0.345,1.102],"RightToe":[-0.08600000000000008,0.09399999999999986,0.487],"LeftHeel":[0.03200000000000003,-0.4019999999999999,0.886],"RightHeel":[-0.07899999999999996,0.028999999999999915,0.264],"LeftAnkle":[-0.038999999999999924,-0.3640000000000001,0.92],"RightAnkle":[-0.1399999999999999,0.06400000000000006,0.316],"LeftKnee":[-0.379,-0.389,0.661],"RightKnee":[-0.5469999999999999,0.18299999999999983,0.228],"LeftHip":[-0.401,-0.42599999999999993,0.234],"RightHip":[-0.44900000000000007,-0.22399999999999998,0.137],"LeftShoulder":[-0.9359999999999999,-0.583,0.243],"RightShoulder":[-0.968,-0.264,0.153],"LeftElbow":[-0.8799999999999999,-0.7929999999999999,0.047],"RightElbow":[-0.8500000000000001,-0.016000000000000014,0.056],"LeftWrist":[-0.619,-0.772,0.045],"RightWrist":[-0.7330000000000001,0.2280000000000002,0.024],"LeftHand":[-0.542,-0.772,0.068],"RightHand":[-0.72,0.2869999999999999,0.079],"LeftFingers":[-0.4790000000000001,-0.7549999999999999,0.027],"RightFingers":[-0.6659999999999999,0.3460000000000001,0.066],"Core":[-0.637,-0.41500000000000004,0.102],"Neck":[-1.001,-0.41900000000000004,0.23],"Head":[-1.105,-0.42300000000000004,0.355]}}