{"p0":{"LeftToe":[0.258,-0.2689999999999999,0.025],"RightToe":[-0.7,-0.1519999999999999,0.025],"LeftHeel":[0.33000000000000007,-0.08000000000000007,0.139],"RightHeel":[-0.542,-0.31899999999999995,0.044],"LeftAnkle":[0.30200000000000005,-0.09899999999999998,0.058],"RightAnkle":[-0.55,-0.238,0.077],"LeftKnee":[0.399,0.31700000000000017,0.059],"RightKnee":[-0.31899999999999995,0.016000000000000014,0.337],"LeftHip":[0.23499999999999988,0.09200000000000008,0.389],"RightHip":[0.07699999999999996,-0.03600000000000003,0.502],"LeftShoulder":[0.11100000000000021,0.5910000000000002,0.52],"RightShoulder":[-0.20799999999999996,0.48,0.551],"LeftElbow":[0.25,0.617,0.268],"RightElbow":[-0.29400000000000004,0.3570000000000002,0.3],"LeftWrist":[0.22199999999999998,0.73,0.034],"RightWrist":[-0.40900000000000003,0.3839999999999999,0.054],"LeftHand":[0.19099999999999984,0.7970000000000002,0.066],"RightHand":[-0.474,0.42600000000000016,0.081],"LeftFingers":[0.1589999999999998,0.8559999999999999,0.02],"RightFingers":[-0.5209999999999999,0.46499999999999986,0.028],"Core":[0.06099999999999994,0.22699999999999987,0.547],"Neck":[-0.052999999999999936,0.5619999999999998,0.58],"Head":[-0.09299999999999997,0.7240000000000002,0.587]},"p1":{"LeftToe":[-0.8180000000000001,-0.522,0.025],"RightToe":[-0.982,-0.2330000000000001,0.025],"LeftHeel":[-0.623,-0.42799999999999994,0.096],"RightHeel":[-0.815,-0.16799999999999993,0.173],"LeftAnkle":[-0.6419999999999999,-0.496,0.036],"RightAnkle":[-0.8700000000000001,-0.129,0.117],"LeftKnee":[-0.2330000000000001,-0.3720000000000001,0.053],"RightKnee":[-0.5569999999999999,0.15600000000000014,0.053],"LeftHip":[-0.5529999999999999,-0.32899999999999996,0.341],"RightHip":[-0.675,-0.1319999999999999,0.352],"LeftShoulder":[-0.12400000000000011,-0.18500000000000005,0.668],"RightShoulder":[-0.17999999999999994,0.11900000000000022,0.591],"LeftElbow":[0.009999999999999787,-0.20999999999999996,0.413],"RightElbow":[-0.052000000000000046,0.14000000000000012,0.334],"LeftWrist":[0.053999999999999826,0.04300000000000015,0.368],"RightWrist":[0.004999999999999893,-0.123,0.362],"LeftHand":[0.03500000000000014,0.12300000000000022,0.379],"RightHand":[0.08400000000000007,-0.1439999999999999,0.357],"LeftFingers":[-0.018000000000000016,0.1459999999999999,0.432],"RightFingers":[0.1160000000000001,-0.17599999999999993,0.425],"Core":[-0.42900000000000005,-0.12200000000000011,0.466],"Neck":[-0.10099999999999998,-0.0129999999999999,0.669],"Head":[0.01200000000000001,0.07200000000000006,0.748]}}