{"p0":{"LeftToe":[0.2290000000000001,0.371,0.039],"RightToe":[0.3210000000000002,0.8170000000000002,0.037],"LeftHeel":[0.23499999999999988,0.4830000000000001,0.243],"RightHeel":[0.43500000000000005,0.6930000000000001,0.197],"LeftAnkle":[0.2789999999999999,0.4169999999999998,0.202],"RightAnkle":[0.45100000000000007,0.7250000000000001,0.117],"LeftKnee":[0.532,0.09699999999999998,0.073],"RightKnee":[0.8759999999999999,0.6699999999999999,0.102],"LeftHip":[0.4249999999999998,0.4119999999999999,0.348],"RightHip":[0.5169999999999999,0.621,0.337],"LeftShoulder":[0.5150000000000001,0.32799999999999985,0.905],"RightShoulder":[0.6789999999999998,0.6160000000000001,0.899],"LeftElbow":[0.5089999999999999,0.04800000000000004,0.835],"RightElbow":[0.8260000000000001,0.8359999999999999,0.786],"LeftWrist":[0.6190000000000002,0.18199999999999994,1.029],"RightWrist":[0.9279999999999999,0.6930000000000001,0.994],"LeftHand":[0.6360000000000001,0.2370000000000001,1.088],"RightHand":[0.9239999999999999,0.6480000000000001,1.058],"LeftFingers":[0.625,0.31599999999999984,1.066],"RightFingers":[0.8540000000000001,0.617,1.09],"Core":[0.5009999999999999,0.5190000000000001,0.587],"Neck":[0.617,0.4620000000000002,0.947],"Head":[0.6890000000000001,0.41000000000000014,1.089]},"p1":{"LeftToe":[1.0219999999999998,1.154,0.374],"RightToe":[0.98,0.609,0.11],"LeftHeel":[1.1389999999999998,1.193,0.566],"RightHeel":[1.0979999999999999,0.7829999999999999,0.198],"LeftAnkle":[1.057,1.1520000000000001,0.553],"RightAnkle":[1.0430000000000001,0.7210000000000001,0.238],"LeftKnee":[0.6579999999999999,1.02,0.647],"RightKnee":[0.863,0.5720000000000001,0.602],"LeftHip":[0.645,0.827,1.028],"RightHip":[0.7919999999999998,0.653,1.018],"LeftShoulder":[0.23399999999999999,0.375,1.02],"RightShoulder":[0.5139999999999998,0.21499999999999986,1.053],"LeftElbow":[0.2250000000000001,0.524,0.769],"RightElbow":[0.73,0.2519999999999998,0.861],"LeftWrist":[0.4049999999999998,0.3719999999999999,0.661],"RightWrist":[0.4950000000000001,0.28200000000000003,0.734],"LeftHand":[0.4630000000000001,0.33999999999999986,0.614],"RightHand":[0.41800000000000015,0.28200000000000003,0.734],"LeftFingers":[0.528,0.3889999999999998,0.602],"RightFingers":[0.3719999999999999,0.32699999999999996,0.778],"Core":[0.5379999999999998,0.5819999999999999,1.073],"Neck":[0.3450000000000002,0.24800000000000022,1.061],"Head":[0.2639999999999998,0.1200000000000001,1.004]}}