{"p0":{"LeftToe":[0.496,-0.6180000000000001,0.034],"RightToe":[-0.244,0.09799999999999986,0.03],"LeftHeel":[0.4900000000000002,-0.518,0.238],"RightHeel":[-0.07400000000000007,-0.05400000000000005,0.037],"LeftAnkle":[0.536,-0.498,0.163],"RightAnkle":[-0.08699999999999997,0.02400000000000002,0.085],"LeftKnee":[0.8079999999999998,-0.17799999999999994,0.079],"RightKnee":[0.08800000000000008,0.10599999999999987,0.468],"LeftHip":[0.5840000000000001,-0.244,0.443],"RightHip":[0.3580000000000001,-0.23199999999999998,0.458],"LeftShoulder":[0.5259999999999998,0.15200000000000014,0.834],"RightShoulder":[0.2839999999999998,-0.020000000000000018,0.948],"LeftElbow":[0.7080000000000002,0.03799999999999981,0.642],"RightElbow":[0.23099999999999987,-0.2529999999999999,0.781],"LeftWrist":[0.5920000000000001,0.18299999999999983,0.458],"RightWrist":[0.133,-0.04299999999999993,0.638],"LeftHand":[0.544,0.24800000000000022,0.454],"RightHand":[0.1389999999999998,0.03399999999999981,0.638],"LeftFingers":[0.5059999999999998,0.2589999999999999,0.382],"RightFingers":[0.1419999999999999,0.07299999999999995,0.564],"Core":[0.4870000000000001,-0.18799999999999994,0.691],"Neck":[0.3900000000000001,0.12199999999999989,0.936],"Head":[0.31000000000000005,0.2450000000000001,1.009]},"p1":{"LeftToe":[0.3719999999999999,-0.016000000000000014,0.757],"RightToe":[0.6000000000000001,-0.3759999999999999,0.226],"LeftHeel":[0.32799999999999985,-0.07400000000000007,0.536],"RightHeel":[0.5110000000000001,-0.17100000000000004,0.18],"LeftAnkle":[0.2829999999999999,-0.040999999999999925,0.605],"RightAnkle":[0.5459999999999998,-0.20399999999999996,0.253],"LeftKnee":[-0.12400000000000011,0.07100000000000017,0.524],"RightKnee":[0.43199999999999994,0.10199999999999987,0.53],"LeftHip":[0.12199999999999989,-0.1200000000000001,0.224],"RightHip":[0.32200000000000006,-0.03699999999999992,0.142],"LeftShoulder":[-0.19300000000000006,0.33199999999999985,0.124],"RightShoulder":[0.10499999999999998,0.4900000000000002,0.082],"LeftElbow":[-0.15100000000000002,0.04599999999999982,0.111],"RightElbow":[0.2669999999999999,0.2639999999999998,0.153],"LeftWrist":[-0.05600000000000005,0.11100000000000021,0.341],"RightWrist":[0.1120000000000001,0.2869999999999999,0.37],"LeftHand":[-0.06099999999999994,0.1419999999999999,0.416],"RightHand":[0.03799999999999981,0.28900000000000015,0.408],"LeftFingers":[-0.006000000000000005,0.14100000000000001,0.47],"RightFingers":[0.03299999999999992,0.23899999999999988,0.472],"Core":[0.1070000000000002,0.1200000000000001,0.106],"Neck":[-0.05499999999999994,0.43599999999999994,0.122],"Head":[-0.1279999999999999,0.5750000000000002,0.173]}}