{"p0":{"LeftToe":[1.3730000000000002,-0.2430000000000001,0.025],"RightToe":[1.08,-0.52,0.025],"LeftHeel":[1.339,-0.2250000000000001,0.249],"RightHeel":[0.9889999999999999,-0.4099999999999999,0.202],"LeftAnkle":[1.299,-0.18199999999999994,0.18],"RightAnkle":[0.9689999999999999,-0.41100000000000003,0.113],"LeftKnee":[0.98,0.08400000000000007,0.075],"RightKnee":[0.5979999999999999,-0.19599999999999995,0.058],"LeftHip":[0.8799999999999999,-0.01200000000000001,0.485],"RightHip":[0.7799999999999998,-0.21199999999999997,0.445],"LeftShoulder":[0.5150000000000001,0.1459999999999999,0.89],"RightShoulder":[0.3929999999999998,-0.16100000000000003,0.869],"LeftElbow":[0.3860000000000001,0.28900000000000015,0.674],"RightElbow":[0.20800000000000018,-0.2290000000000001,0.659],"LeftWrist":[0.2559999999999998,0.17200000000000015,0.48],"RightWrist":[0.08999999999999986,0.01100000000000012,0.61],"LeftHand":[0.18699999999999983,0.13200000000000012,0.466],"RightHand":[0.09799999999999986,0.08400000000000007,0.576],"LeftFingers":[0.16900000000000004,0.121,0.387],"RightFingers":[0.15600000000000014,0.10199999999999987,0.525],"Core":[0.6989999999999998,-0.08899999999999997,0.674],"Neck":[0.43900000000000006,-0.006000000000000005,0.933],"Head":[0.3879999999999999,-0.006000000000000005,1.091]},"p1":{"LeftToe":[0.45699999999999985,-0.4570000000000001,0.027],"RightToe":[-0.554,0.2570000000000001,0.025],"LeftHeel":[0.4630000000000001,-0.276,0.173],"RightHeel":[-0.361,0.137,0.03],"LeftAnkle":[0.476,-0.2909999999999999,0.087],"RightAnkle":[-0.4039999999999999,0.17899999999999983,0.094],"LeftKnee":[0.4990000000000001,0.1349999999999998,0.118],"RightKnee":[-0.16500000000000004,0.10999999999999988,0.448],"LeftHip":[0.43999999999999995,-0.050000000000000044,0.504],"RightHip":[0.21499999999999986,-0.08699999999999997,0.496],"LeftShoulder":[0.4089999999999998,0.2589999999999999,0.959],"RightShoulder":[0.12400000000000011,0.08700000000000019,1.044],"LeftElbow":[0.5579999999999998,0.30600000000000005,0.712],"RightElbow":[0.1200000000000001,0.10599999999999987,0.757],"LeftWrist":[0.34399999999999986,0.19499999999999984,0.622],"RightWrist":[0.23499999999999988,0.20299999999999985,0.534],"LeftHand":[0.27300000000000013,0.22699999999999987,0.636],"RightHand":[0.266,0.21700000000000008,0.459],"LeftFingers":[0.20400000000000018,0.21399999999999997,0.603],"RightFingers":[0.28900000000000015,0.15700000000000003,0.41],"Core":[0.31099999999999994,-0.02200000000000002,0.742],"Neck":[0.266,0.19200000000000017,1.039],"Head":[0.238,0.29899999999999993,1.162]}}