{"p0":{"LeftToe":[-0.3939999999999999,-0.28600000000000003,0.028],"RightToe":[-0.6319999999999999,0.04700000000000015,0.026],"LeftHeel":[-0.2869999999999999,-0.20900000000000007,0.22],"RightHeel":[-0.4770000000000001,0.06099999999999994,0.191],"LeftAnkle":[-0.2649999999999999,-0.21199999999999997,0.134],"RightAnkle":[-0.476,0.09699999999999998,0.107],"LeftKnee":[0.1429999999999998,-0.09800000000000009,0.051],"RightKnee":[-0.1439999999999999,0.367,0.05],"LeftHip":[-0.17900000000000005,-0.1120000000000001,0.331],"RightHip":[-0.31299999999999994,0.07799999999999985,0.324],"LeftShoulder":[0.2400000000000002,-0.030999999999999917,0.47],"RightShoulder":[0.16699999999999982,0.30799999999999983,0.438],"LeftElbow":[0.28500000000000014,-0.274,0.318],"RightElbow":[0.1389999999999998,0.41999999999999993,0.172],"LeftWrist":[0.42700000000000005,-0.19900000000000007,0.116],"RightWrist":[0.3999999999999999,0.3759999999999999,0.212],"LeftHand":[0.504,-0.19500000000000006,0.099],"RightHand":[0.45199999999999996,0.3650000000000002,0.271],"LeftFingers":[0.5270000000000001,-0.19599999999999995,0.02],"RightFingers":[0.5230000000000001,0.32799999999999985,0.254],"Core":[-0.11299999999999999,0.08000000000000007,0.505],"Neck":[0.22699999999999987,0.1469999999999998,0.474],"Head":[0.3620000000000001,0.24400000000000022,0.477]},"p1":{"LeftToe":[0.03299999999999992,-0.02299999999999991,0.887],"RightToe":[-0.09800000000000009,-0.008000000000000007,0.782],"LeftHeel":[0.019000000000000128,-0.02299999999999991,0.655],"RightHeel":[-0.06600000000000006,0.04999999999999982,0.563],"LeftAnkle":[0.027000000000000135,0.03799999999999981,0.72],"RightAnkle":[-0.020999999999999908,0.06400000000000006,0.639],"LeftKnee":[-0.05499999999999994,0.3929999999999998,0.493],"RightKnee":[0.39800000000000013,0.06599999999999984,0.548],"LeftHip":[0.121,0.23399999999999999,0.132],"RightHip":[0.254,0.04700000000000015,0.142],"LeftShoulder":[0.597,0.5830000000000002,0.165],"RightShoulder":[0.7509999999999999,0.2879999999999998,0.135],"LeftElbow":[0.35199999999999987,0.5099999999999998,0.299],"RightElbow":[0.544,0.1030000000000002,0.045],"LeftWrist":[0.2549999999999999,0.33199999999999985,0.458],"RightWrist":[0.43900000000000006,-0.1379999999999999,0.095],"LeftHand":[0.2410000000000001,0.29400000000000004,0.529],"RightHand":[0.4900000000000002,-0.15799999999999992,0.157],"LeftFingers":[0.2549999999999999,0.21499999999999986,0.538],"RightFingers":[0.4910000000000001,-0.2370000000000001,0.175],"Core":[0.3849999999999998,0.2829999999999999,0.107],"Neck":[0.7189999999999999,0.4580000000000002,0.174],"Head":[0.855,0.524,0.244]}}