{"p0":{"LeftToe":[-0.2769999999999999,-0.403,0.025],"RightToe":[-0.5740000000000001,0.17300000000000004,0.025],"LeftHeel":[-0.17100000000000004,-0.2270000000000001,0.127],"RightHeel":[-0.355,0.1339999999999999,0.076],"LeftAnkle":[-0.1439999999999999,-0.29400000000000004,0.072],"RightAnkle":[-0.395,0.20999999999999996,0.042],"LeftKnee":[0.2639999999999998,-0.20100000000000007,0.052],"RightKnee":[-0.020999999999999908,0.4049999999999998,0.05],"LeftHip":[-0.15500000000000003,-0.1299999999999999,0.165],"RightHip":[-0.2789999999999999,0.06499999999999995,0.166],"LeftShoulder":[0.21399999999999997,-0.04800000000000004,0.458],"RightShoulder":[0.125,0.2719999999999998,0.423],"LeftElbow":[0.20500000000000007,-0.121,0.176],"RightElbow":[-0.038999999999999924,0.4750000000000001,0.296],"LeftWrist":[0.05600000000000005,0.08499999999999996,0.111],"RightWrist":[-0.04699999999999993,0.2570000000000001,0.139],"LeftHand":[-0.0020000000000000018,0.1379999999999999,0.124],"RightHand":[-0.038000000000000034,0.20400000000000018,0.083],"LeftFingers":[-0.06499999999999995,0.1499999999999999,0.074],"RightFingers":[0.017999999999999794,0.1509999999999998,0.08],"Core":[-0.1419999999999999,0.015000000000000124,0.394],"Neck":[0.2200000000000002,0.1299999999999999,0.462],"Head":[0.355,0.2290000000000001,0.476]},"p1":{"LeftToe":[0.18199999999999994,-0.04400000000000004,0.783],"RightToe":[-0.07699999999999996,0.06099999999999994,0.703],"LeftHeel":[0.03500000000000014,-0.03299999999999992,0.603],"RightHeel":[-0.08099999999999996,0.1429999999999998,0.489],"LeftAnkle":[0.07100000000000017,0.02400000000000002,0.661],"RightAnkle":[-0.020999999999999908,0.09399999999999986,0.532],"LeftKnee":[-0.1200000000000001,0.33999999999999986,0.467],"RightKnee":[0.395,0.05799999999999983,0.586],"LeftHip":[0.08400000000000007,0.20199999999999996,0.101],"RightHip":[0.23099999999999987,0.04499999999999993,0.175],"LeftShoulder":[0.5760000000000001,0.5750000000000002,0.147],"RightShoulder":[0.71,0.29499999999999993,0.157],"LeftElbow":[0.3340000000000001,0.4750000000000001,0.27],"RightElbow":[0.5,0.10400000000000009,0.203],"LeftWrist":[0.262,0.30500000000000016,0.457],"RightWrist":[0.41400000000000015,0.1120000000000001,0.456],"LeftHand":[0.21700000000000008,0.2639999999999998,0.513],"RightHand":[0.41500000000000004,0.11500000000000021,0.535],"LeftFingers":[0.22699999999999987,0.18699999999999983,0.53],"RightFingers":[0.3530000000000002,0.1389999999999998,0.576],"Core":[0.34299999999999997,0.28600000000000003,0.114],"Neck":[0.706,0.4670000000000001,0.178],"Head":[0.8130000000000002,0.5070000000000001,0.296]}}