{"p0":{"LeftToe":[0.7759999999999998,0.9969999999999999,0.407],"RightToe":[1.1150000000000002,1.2650000000000001,0.106],"LeftHeel":[0.6309999999999998,0.9180000000000001,0.249],"RightHeel":[0.9660000000000002,1.093,0.093],"LeftAnkle":[0.698,0.8759999999999999,0.295],"RightAnkle":[1.0070000000000001,1.13,0.167],"LeftKnee":[0.8650000000000002,0.5489999999999999,0.067],"RightKnee":[0.7530000000000001,0.875,0.403],"LeftHip":[0.43900000000000006,0.512,0.094],"RightHip":[0.4049999999999998,0.7069999999999999,0.21],"LeftShoulder":[0.7160000000000002,0.31300000000000017,0.375],"RightShoulder":[0.6190000000000002,0.472,0.642],"LeftElbow":[0.7170000000000001,0.28100000000000014,0.085],"RightElbow":[0.5139999999999998,0.7269999999999999,0.545],"LeftWrist":[0.9300000000000002,0.41800000000000015,0.02],"RightWrist":[0.75,0.8399999999999999,0.479],"LeftHand":[0.9900000000000002,0.44799999999999995,0.062],"RightHand":[0.815,0.887,0.497],"LeftFingers":[1.0619999999999998,0.4620000000000002,0.026],"RightFingers":[0.8679999999999999,0.895,0.435],"Core":[0.3889999999999998,0.4820000000000002,0.355],"Neck":[0.7309999999999999,0.383,0.537],"Head":[0.8650000000000002,0.3809999999999998,0.638]},"p1":{"LeftToe":[-0.30699999999999994,1.3599999999999999,0.074],"RightToe":[-0.43100000000000005,1.092,0.027],"LeftHeel":[-0.08000000000000007,1.351,0.072],"RightHeel":[-0.20500000000000007,1.088,0.054],"LeftAnkle":[-0.1399999999999999,1.3090000000000002,0.127],"RightAnkle":[-0.2689999999999999,1.028,0.081],"LeftKnee":[0.06199999999999983,1.2240000000000002,0.498],"RightKnee":[-0.1200000000000001,0.694,0.305],"LeftHip":[0.2490000000000001,1.1589999999999998,0.117],"RightHip":[0.15200000000000014,0.952,0.094],"LeftShoulder":[0.794,0.9449999999999998,0.092],"RightShoulder":[0.645,0.665,0.144],"LeftElbow":[0.5499999999999998,1.097,0.085],"RightElbow":[0.5800000000000001,0.3969999999999998,0.23],"LeftWrist":[0.7029999999999998,0.988,0.268],"RightWrist":[0.31999999999999984,0.3610000000000002,0.283],"LeftHand":[0.7690000000000001,0.9620000000000002,0.308],"RightHand":[0.26900000000000013,0.33899999999999997,0.339],"LeftFingers":[0.7639999999999998,0.923,0.378],"RightFingers":[0.2370000000000001,0.3860000000000001,0.396],"Core":[0.42399999999999993,0.956,0.111],"Neck":[0.7749999999999999,0.778,0.131],"Head":[0.9340000000000002,0.7450000000000001,0.153]}}