{"p0":{"LeftToe":[0.09399999999999986,0.04300000000000015,0.027],"RightToe":[-0.6140000000000001,0.992,0.034],"LeftHeel":[-0.131,0.08599999999999985,0.057],"RightHeel":[-0.722,0.7909999999999999,0.069],"LeftAnkle":[-0.06000000000000005,0.07900000000000018,0.108],"RightAnkle":[-0.675,0.8479999999999999,0.116],"LeftKnee":[-0.04600000000000004,0.18000000000000016,0.528],"RightKnee":[-0.42300000000000004,0.8700000000000001,0.461],"LeftHip":[-0.3320000000000001,0.3839999999999999,0.78],"RightHip":[-0.34099999999999997,0.6150000000000002,0.797],"LeftShoulder":[0.19799999999999995,0.33499999999999996,0.987],"RightShoulder":[0.18999999999999995,0.4849999999999999,0.677],"LeftElbow":[-0.004999999999999893,0.19899999999999984,1.144],"RightElbow":[0.16800000000000015,0.395,0.4],"LeftWrist":[0.06000000000000005,0.10000000000000009,0.912],"RightWrist":[0.266,0.21799999999999997,0.218],"LeftHand":[0.09699999999999998,0.137,0.852],"RightHand":[0.2639999999999998,0.14400000000000013,0.184],"LeftFingers":[0.06599999999999984,0.12699999999999978,0.777],"RightFingers":[0.19799999999999995,0.10000000000000009,0.199],"Core":[-0.11499999999999999,0.5009999999999999,0.885],"Neck":[0.2330000000000001,0.39400000000000013,0.824],"Head":[0.351,0.2829999999999999,0.788]},"p1":{"LeftToe":[0.27700000000000014,0.2650000000000001,0.025],"RightToe":[-0.5740000000000001,-0.10499999999999998,0.03],"LeftHeel":[0.10099999999999998,0.11799999999999988,0.033],"RightHeel":[-0.558,-0.32699999999999996,0.08],"LeftAnkle":[0.1419999999999999,0.16699999999999982,0.094],"RightAnkle":[-0.5469999999999999,-0.256,0.13],"LeftKnee":[0.24400000000000022,0.20500000000000007,0.509],"RightKnee":[-0.389,-0.020999999999999908,0.456],"LeftHip":[0.03500000000000014,-0.1180000000000001,0.706],"RightHip":[-0.129,0.01100000000000012,0.8],"LeftShoulder":[0.42799999999999994,0.040000000000000036,1.012],"RightShoulder":[0.2280000000000002,0.238,1.112],"LeftElbow":[0.5510000000000002,0.020999999999999908,0.747],"RightElbow":[0.02499999999999991,0.2160000000000002,0.908],"LeftWrist":[0.6200000000000001,0.18000000000000016,0.552],"RightWrist":[0.01399999999999979,0.3580000000000001,0.682],"LeftHand":[0.6640000000000001,0.2330000000000001,0.51],"RightHand":[-0.06299999999999994,0.3700000000000001,0.708],"LeftFingers":[0.6549999999999998,0.2530000000000001,0.435],"RightFingers":[-0.11699999999999999,0.3879999999999999,0.648],"Core":[0.07299999999999995,-0.062000000000000055,0.965],"Neck":[0.3969999999999998,0.18900000000000006,1.101],"Head":[0.5089999999999999,0.31300000000000017,1.11]}}