{"p0":{"LeftToe":[-0.129,0.3210000000000002,0.026],"RightToe":[1.166,0.1259999999999999,0.031],"LeftHeel":[0.09399999999999986,0.3799999999999999,0.03],"RightHeel":[1.169,0.29000000000000004,0.188],"LeftAnkle":[0.03399999999999981,0.3530000000000002,0.09],"RightAnkle":[1.101,0.2320000000000002,0.163],"LeftKnee":[0.08099999999999996,0.4159999999999999,0.51],"RightKnee":[0.6949999999999998,0.15300000000000002,0.288],"LeftHip":[0.4540000000000002,0.4900000000000002,0.71],"RightHip":[0.6160000000000001,0.3340000000000001,0.671],"LeftShoulder":[0.16800000000000015,0.15399999999999991,1.072],"RightShoulder":[0.1589999999999998,0.08499999999999996,0.751],"LeftElbow":[0.04499999999999993,0.41500000000000004,1.072],"RightElbow":[0.11900000000000022,0.10599999999999987,0.462],"LeftWrist":[-0.09800000000000009,0.4209999999999998,0.857],"RightWrist":[0.05600000000000005,0.17099999999999982,0.205],"LeftHand":[-0.14300000000000002,0.3769999999999998,0.808],"RightHand":[0.053999999999999826,0.2160000000000002,0.136],"LeftFingers":[-0.119,0.2999999999999998,0.795],"RightFingers":[0.10599999999999987,0.2799999999999998,0.133],"Core":[0.4540000000000002,0.2759999999999998,0.876],"Neck":[0.1259999999999999,0.07399999999999984,0.925],"Head":[-0.016999999999999904,-0.0020000000000000018,0.964]},"p1":{"LeftToe":[0.2519999999999998,0.1200000000000001,0.042],"RightToe":[0.41999999999999993,0.9500000000000002,0.176],"LeftHeel":[0.18000000000000016,0.33499999999999996,0.039],"RightHeel":[0.2280000000000002,0.9849999999999999,0.052],"LeftAnkle":[0.16599999999999993,0.2679999999999998,0.099],"RightAnkle":[0.25,0.9460000000000002,0.128],"LeftKnee":[-0.07800000000000007,0.20000000000000018,0.449],"RightKnee":[0.238,0.7000000000000002,0.476],"LeftHip":[-0.28200000000000003,0.5680000000000001,0.541],"RightHip":[-0.1299999999999999,0.6600000000000001,0.691],"LeftShoulder":[-0.351,0.1120000000000001,0.717],"RightShoulder":[-0.1459999999999999,0.18999999999999995,0.966],"LeftElbow":[-0.41300000000000003,0.08000000000000007,0.434],"RightElbow":[0.07600000000000007,0.3799999999999999,0.961],"LeftWrist":[-0.44100000000000006,0.08599999999999985,0.173],"RightWrist":[0.32399999999999984,0.2909999999999999,1.01],"LeftHand":[-0.4079999999999999,0.08499999999999996,0.099],"RightHand":[0.387,0.2679999999999998,1.05],"LeftFingers":[-0.44599999999999995,0.08999999999999986,0.031],"RightFingers":[0.4500000000000002,0.23399999999999999,1.012],"Core":[-0.30299999999999994,0.4750000000000001,0.791],"Neck":[-0.2709999999999999,0.1080000000000001,0.873],"Head":[-0.2909999999999999,-0.04800000000000004,0.932]}}