{"p0":{"LeftToe":[0.1499999999999999,-0.2789999999999999,0.028],"RightToe":[-0.19900000000000007,-0.5509999999999999,0.025],"LeftHeel":[0.05900000000000016,-0.20300000000000007,0.222],"RightHeel":[-0.09899999999999998,-0.42500000000000004,0.188],"LeftAnkle":[0.07799999999999985,-0.15799999999999992,0.144],"RightAnkle":[-0.17199999999999993,-0.41100000000000003,0.134],"LeftKnee":[-0.010999999999999899,0.2610000000000001,0.091],"RightKnee":[-0.4910000000000001,-0.1339999999999999,0.054],"LeftHip":[-0.1120000000000001,0.052000000000000046,0.457],"RightHip":[-0.262,-0.1160000000000001,0.419],"LeftShoulder":[-0.3420000000000001,0.4740000000000002,0.344],"RightShoulder":[-0.615,0.363,0.307],"LeftElbow":[-0.30800000000000005,0.41999999999999993,0.064],"RightElbow":[-0.7829999999999999,0.4500000000000002,0.086],"LeftWrist":[-0.5549999999999999,0.5,0.025],"RightWrist":[-0.5940000000000001,0.6349999999999998,0.029],"LeftHand":[-0.6060000000000001,0.5579999999999998,0.024],"RightHand":[-0.5349999999999999,0.6800000000000002,0.055],"LeftFingers":[-0.683,0.5609999999999999,0.033],"RightFingers":[-0.492,0.6509999999999998,0.119],"Core":[-0.3740000000000001,0.1280000000000001,0.465],"Neck":[-0.5149999999999999,0.5059999999999998,0.337],"Head":[-0.5349999999999999,0.6699999999999999,0.307]},"p1":{"LeftToe":[-0.31200000000000006,-0.7589999999999999,0.439],"RightToe":[-0.262,-0.5449999999999999,0.474],"LeftHeel":[-0.1060000000000001,-0.653,0.448],"RightHeel":[-0.22999999999999998,-0.32299999999999995,0.43],"LeftAnkle":[-0.18500000000000005,-0.6319999999999999,0.412],"RightAnkle":[-0.30699999999999994,-0.373,0.432],"LeftKnee":[-0.42300000000000004,-0.31600000000000006,0.246],"RightKnee":[-0.615,-0.09699999999999998,0.305],"LeftHip":[-0.18500000000000005,0.007000000000000117,0.09],"RightHip":[-0.2250000000000001,0.07600000000000007,0.303],"LeftShoulder":[-0.704,0.31999999999999984,0.091],"RightShoulder":[-0.4970000000000001,0.5640000000000001,0.082],"LeftElbow":[-0.669,0.040999999999999925,0.165],"RightElbow":[-0.21399999999999997,0.5289999999999999,0.045],"LeftWrist":[-0.5549999999999999,0.2120000000000002,0.322],"RightWrist":[-0.11499999999999999,0.31400000000000006,0.172],"LeftHand":[-0.573,0.18500000000000005,0.397],"RightHand":[-0.15500000000000003,0.2909999999999999,0.236],"LeftFingers":[-0.5349999999999999,0.21899999999999986,0.46],"RightFingers":[-0.11299999999999999,0.2549999999999999,0.296],"Core":[-0.3480000000000001,0.2240000000000002,0.113],"Neck":[-0.631,0.4710000000000001,0.138],"Head":[-0.7270000000000001,0.5830000000000002,0.206]}}