{"p0":{"LeftToe":[-0.2749999999999999,0.4590000000000001,0.061],"RightToe":[0.1160000000000001,0.17899999999999983,0.047],"LeftHeel":[-0.050999999999999934,0.5049999999999999,0.053],"RightHeel":[0.3490000000000002,0.18500000000000005,0.03],"LeftAnkle":[-0.1120000000000001,0.504,0.12],"RightAnkle":[0.28900000000000015,0.1549999999999998,0.087],"LeftKnee":[0.1629999999999998,0.5059999999999998,0.449],"RightKnee":[0.33599999999999985,0.12699999999999978,0.511],"LeftHip":[0.4119999999999999,0.5059999999999998,0.097],"RightHip":[0.4119999999999999,0.2749999999999999,0.113],"LeftShoulder":[1.001,0.512,0.161],"RightShoulder":[0.9670000000000001,0.19899999999999984,0.139],"LeftElbow":[0.7850000000000001,0.6179999999999999,0.327],"RightElbow":[0.7879999999999998,-0.02400000000000002,0.197],"LeftWrist":[0.7850000000000001,0.3610000000000002,0.292],"RightWrist":[0.8370000000000002,0.23099999999999987,0.261],"LeftHand":[0.81,0.29499999999999993,0.329],"RightHand":[0.847,0.29000000000000004,0.316],"LeftFingers":[0.7909999999999999,0.22100000000000009,0.309],"RightFingers":[0.8380000000000001,0.3660000000000001,0.287],"Core":[0.657,0.3929999999999998,0.101],"Neck":[1.0619999999999998,0.347,0.17],"Head":[1.197,0.34299999999999997,0.27]},"p1":{"LeftToe":[-0.026000000000000023,-0.843,0.059],"RightToe":[0.19099999999999984,-0.724,0.025],"LeftHeel":[0,-0.6180000000000001,0.035],"RightHeel":[0.23099999999999987,-0.496,0.035],"LeftAnkle":[-0.0129999999999999,-0.6719999999999999,0.107],"RightAnkle":[0.20999999999999996,-0.56,0.093],"LeftKnee":[-0.05499999999999994,-0.42599999999999993,0.454],"RightKnee":[0.18999999999999995,-0.4970000000000001,0.515],"LeftHip":[0.008000000000000007,-0.18199999999999994,0.104],"RightHip":[0.20699999999999985,-0.17799999999999994,0.224],"LeftShoulder":[-0.0009999999999998899,0.4079999999999999,0.096],"RightShoulder":[0.2909999999999999,0.3690000000000002,0.235],"LeftElbow":[0.02400000000000002,0.27700000000000014,0.356],"RightElbow":[0.5790000000000002,0.3540000000000001,0.241],"LeftWrist":[0.22299999999999986,0.4289999999999998,0.419],"RightWrist":[0.8460000000000001,0.30500000000000016,0.255],"LeftHand":[0.2559999999999998,0.4929999999999999,0.459],"RightHand":[0.9279999999999999,0.30100000000000016,0.265],"LeftFingers":[0.2519999999999998,0.5680000000000001,0.424],"RightFingers":[0.964,0.2759999999999998,0.329],"Core":[0.12300000000000022,0.06099999999999994,0.128],"Neck":[0.14000000000000012,0.43999999999999995,0.19],"Head":[0.12699999999999978,0.601,0.19]}}