{"p0":{"LeftToe":[-0.3979999999999999,-0.4970000000000001,0.029],"RightToe":[-0.659,0.0009999999999998899,0.026],"LeftHeel":[-0.24,-0.349,0.1],"RightHeel":[-0.42900000000000005,-0.03699999999999992,0.03],"LeftAnkle":[-0.2410000000000001,-0.4139999999999999,0.042],"RightAnkle":[-0.4830000000000001,0.03200000000000003,0.03],"LeftKnee":[0.16900000000000004,-0.2909999999999999,0.055],"RightKnee":[-0.18999999999999995,0.34299999999999997,0.056],"LeftHip":[-0.2410000000000001,-0.262,0.185],"RightHip":[-0.33499999999999996,-0.05600000000000005,0.138],"LeftShoulder":[0.0950000000000002,-0.15500000000000003,0.441],"RightShoulder":[-0.020999999999999908,0.16199999999999992,0.462],"LeftElbow":[0.17600000000000016,0.052999999999999936,0.256],"RightElbow":[0.18599999999999994,0.05500000000000016,0.286],"LeftWrist":[0.43500000000000005,0.06999999999999984,0.268],"RightWrist":[0.4460000000000002,0.12699999999999978,0.271],"LeftHand":[0.4990000000000001,0.03500000000000014,0.242],"RightHand":[0.5190000000000001,0.15600000000000014,0.277],"LeftFingers":[0.573,0.053999999999999826,0.27],"RightFingers":[0.5819999999999999,0.10999999999999988,0.277],"Core":[-0.27,-0.10000000000000009,0.398],"Neck":[0.052999999999999936,0.007000000000000117,0.502],"Head":[0.10199999999999987,0.14000000000000012,0.584]},"p1":{"LeftToe":[0.2509999999999999,-0.09200000000000008,0.91],"RightToe":[0.04400000000000004,-0.15999999999999992,0.861],"LeftHeel":[0.06599999999999984,-0.07200000000000006,0.773],"RightHeel":[-0.04499999999999993,-0.026999999999999913,0.694],"LeftAnkle":[0.15300000000000002,-0.04899999999999993,0.765],"RightAnkle":[0.02300000000000013,-0.08299999999999996,0.702],"LeftKnee":[0.31800000000000006,0.21099999999999985,0.467],"RightKnee":[0.3210000000000002,-0.18500000000000005,0.413],"LeftHip":[0.052999999999999936,0.20100000000000007,0.125],"RightHip":[0.04700000000000015,-0.030000000000000027,0.117],"LeftShoulder":[0.6509999999999998,0.16599999999999993,0.145],"RightShoulder":[0.5710000000000002,-0.16500000000000004,0.114],"LeftElbow":[0.43500000000000005,0.3599999999999999,0.122],"RightElbow":[0.3039999999999998,-0.26,0.186],"LeftWrist":[0.48099999999999987,0.19899999999999984,0.318],"RightWrist":[0.383,-0.014000000000000012,0.255],"LeftHand":[0.45999999999999996,0.12300000000000022,0.327],"RightHand":[0.3570000000000002,0.028999999999999915,0.314],"LeftFingers":[0.5030000000000001,0.06300000000000017,0.3],"RightFingers":[0.3340000000000001,0.10599999999999987,0.307],"Core":[0.29300000000000015,0.07600000000000007,0.1],"Neck":[0.6459999999999999,-0.008000000000000007,0.148],"Head":[0.782,-0.04600000000000004,0.234]}}