{"p0":{"LeftToe":[0.2589999999999999,-0.29699999999999993,0.026],"RightToe":[-0.385,-0.56,0.025],"LeftHeel":[0.1549999999999998,-0.14300000000000002,0.162],"RightHeel":[-0.31600000000000006,-0.3799999999999999,0.151],"LeftAnkle":[0.19300000000000006,-0.14300000000000002,0.083],"RightAnkle":[-0.3779999999999999,-0.3919999999999999,0.084],"LeftKnee":[0.0950000000000002,0.27300000000000013,0.065],"RightKnee":[-0.597,-0.02299999999999991,0.071],"LeftHip":[-0.06299999999999994,-0.07600000000000007,0.266],"RightHip":[-0.2729999999999999,-0.15399999999999991,0.327],"LeftShoulder":[-0.10299999999999998,0.395,0.612],"RightShoulder":[-0.3819999999999999,0.3769999999999998,0.426],"LeftElbow":[0.03500000000000014,0.4700000000000002,0.367],"RightElbow":[-0.19799999999999995,0.46399999999999997,0.217],"LeftWrist":[-0.21500000000000008,0.5209999999999999,0.403],"RightWrist":[0.01399999999999979,0.41800000000000015,0.377],"LeftHand":[-0.2869999999999999,0.5419999999999998,0.425],"RightHand":[-0.04299999999999993,0.47699999999999987,0.385],"LeftFingers":[-0.31699999999999995,0.5310000000000001,0.497],"RightFingers":[-0.014000000000000012,0.548,0.414],"Core":[-0.18300000000000005,0.06599999999999984,0.46],"Neck":[-0.266,0.42399999999999993,0.551],"Head":[-0.278,0.5870000000000002,0.58]},"p1":{"LeftToe":[-0.21500000000000008,0.41000000000000014,0.894],"RightToe":[-0.0020000000000000018,0.10099999999999998,0.923],"LeftHeel":[-0.383,0.43800000000000017,0.741],"RightHeel":[-0.16900000000000004,0.2240000000000002,0.82],"LeftAnkle":[-0.29400000000000004,0.44300000000000006,0.739],"RightAnkle":[-0.08699999999999997,0.19399999999999995,0.798],"LeftKnee":[-0.0129999999999999,0.577,0.445],"RightKnee":[0.029999999999999805,0.2330000000000001,0.388],"LeftHip":[-0.42599999999999993,0.5259999999999998,0.335],"RightHip":[-0.3620000000000001,0.33000000000000007,0.239],"LeftShoulder":[0.03600000000000003,0.7120000000000002,0.142],"RightShoulder":[0.027000000000000135,0.379,0.091],"LeftElbow":[-0.18999999999999995,0.6299999999999999,0.308],"RightElbow":[-0.18799999999999994,0.18500000000000005,0.135],"LeftWrist":[-0.20500000000000007,0.3740000000000001,0.273],"RightWrist":[-0.010999999999999899,-0.0009999999999998899,0.055],"LeftHand":[-0.19399999999999995,0.32699999999999996,0.208],"RightHand":[0.06300000000000017,0.008000000000000007,0.082],"LeftFingers":[-0.2310000000000001,0.254,0.21],"RightFingers":[0.0950000000000002,0.06499999999999995,0.124],"Core":[-0.29899999999999993,0.5569999999999999,0.1],"Neck":[0.08400000000000007,0.5430000000000001,0.119],"Head":[0.23899999999999988,0.5259999999999998,0.179]}}