{"p0":{"LeftToe":[0.16400000000000015,-0.0029999999999998916,0.131],"RightToe":[0.42700000000000005,0.3820000000000001,0.275],"LeftHeel":[-0.006999999999999895,0.12699999999999978,0.207],"RightHeel":[0.2280000000000002,0.28600000000000003,0.217],"LeftAnkle":[0.08199999999999985,0.14400000000000013,0.2],"RightAnkle":[0.258,0.3719999999999999,0.207],"LeftKnee":[0.04300000000000015,0.52,0.409],"RightKnee":[-0.03200000000000003,0.6600000000000001,0.067],"LeftHip":[-0.16700000000000004,0.1629999999999998,0.304],"RightHip":[-0.1499999999999999,0.2490000000000001,0.09],"LeftShoulder":[-0.5189999999999999,0.3730000000000002,0.54],"RightShoulder":[-0.4970000000000001,0.621,0.316],"LeftElbow":[-0.33099999999999996,0.18999999999999995,0.413],"RightElbow":[-0.30600000000000005,0.565,0.102],"LeftWrist":[-0.20100000000000007,0.379,0.278],"RightWrist":[-0.10899999999999999,0.42399999999999993,0.205],"LeftHand":[-0.18100000000000005,0.44399999999999995,0.232],"RightHand":[-0.1259999999999999,0.3490000000000002,0.187],"LeftFingers":[-0.15599999999999992,0.42799999999999994,0.155],"RightFingers":[-0.17100000000000004,0.29800000000000004,0.225],"Core":[-0.389,0.28600000000000003,0.206],"Neck":[-0.5409999999999999,0.5289999999999999,0.461],"Head":[-0.52,0.6339999999999999,0.588]},"p1":{"LeftToe":[-0.5980000000000001,0.5270000000000001,0.168],"RightToe":[-0.403,0.13200000000000012,0.42],"LeftHeel":[-0.4099999999999999,0.4460000000000002,0.069],"RightHeel":[-0.21799999999999997,0.015000000000000124,0.353],"LeftAnkle":[-0.41999999999999993,0.4900000000000002,0.15],"RightAnkle":[-0.2250000000000001,0.09100000000000019,0.404],"LeftKnee":[-0.0129999999999999,0.565,0.268],"RightKnee":[0.053999999999999826,0.383,0.547],"LeftHip":[0.1299999999999999,0.20000000000000018,0.096],"RightHip":[0.242,0.1080000000000001,0.273],"LeftShoulder":[0.6160000000000001,0.5459999999999998,0.133],"RightShoulder":[0.5939999999999999,0.3380000000000001,0.395],"LeftElbow":[0.3410000000000002,0.5800000000000001,0.045],"RightElbow":[0.30799999999999983,0.3889999999999998,0.428],"LeftWrist":[0.1070000000000002,0.45199999999999996,0.02],"RightWrist":[0.05500000000000016,0.44399999999999995,0.469],"LeftHand":[0.09399999999999986,0.5249999999999999,0.056],"RightHand":[-0.02499999999999991,0.4630000000000001,0.473],"LeftFingers":[0.07100000000000017,0.5190000000000001,0.135],"RightFingers":[-0.05800000000000005,0.52,0.428],"Core":[0.391,0.2509999999999999,0.1],"Neck":[0.6269999999999998,0.4830000000000001,0.298],"Head":[0.6579999999999999,0.5960000000000001,0.418]}}