{"p0":{"LeftToe":[-0.33899999999999997,0.9009999999999998,0.038],"RightToe":[0.8740000000000001,0.24400000000000022,0.025],"LeftHeel":[-0.1180000000000001,0.847,0.042],"RightHeel":[0.8399999999999999,0.3450000000000002,0.23],"LeftAnkle":[-0.17799999999999994,0.855,0.111],"RightAnkle":[0.7869999999999999,0.2919999999999998,0.177],"LeftKnee":[-0.1120000000000001,0.7719999999999998,0.53],"RightKnee":[0.387,0.23099999999999987,0.329],"LeftHip":[0.28600000000000003,0.6640000000000001,0.657],"RightHip":[0.379,0.45599999999999996,0.697],"LeftShoulder":[-0.121,0.681,0.985],"RightShoulder":[-0.09099999999999997,0.3530000000000002,0.998],"LeftElbow":[-0.238,0.8090000000000002,0.749],"RightElbow":[-0.2569999999999999,0.3769999999999998,0.759],"LeftWrist":[-0.4710000000000001,0.7650000000000001,0.618],"RightWrist":[-0.389,0.512,0.582],"LeftHand":[-0.55,0.7530000000000001,0.603],"RightHand":[-0.47,0.5270000000000001,0.583],"LeftFingers":[-0.577,0.7229999999999999,0.536],"RightFingers":[-0.4890000000000001,0.605,0.564],"Core":[0.20800000000000018,0.544,0.887],"Neck":[-0.12400000000000011,0.5179999999999998,1.051],"Head":[-0.272,0.4870000000000001,1.11]},"p1":{"LeftToe":[-0.817,0.31300000000000017,0.025],"RightToe":[-0.07299999999999995,0.746,0.027],"LeftHeel":[-1.0070000000000001,0.44799999999999995,0.03],"RightHeel":[-0.30200000000000005,0.7589999999999999,0.039],"LeftAnkle":[-0.933,0.43900000000000006,0.076],"RightAnkle":[-0.236,0.7490000000000001,0.099],"LeftKnee":[-0.7,0.3919999999999999,0.431],"RightKnee":[-0.2829999999999999,0.6970000000000001,0.523],"LeftHip":[-0.7,0.4710000000000001,0.852],"RightHip":[-0.534,0.6320000000000001,0.868],"LeftShoulder":[-0.548,0.3839999999999999,1.428],"RightShoulder":[-0.554,0.7040000000000002,1.426],"LeftElbow":[-0.41999999999999993,0.27,1.198],"RightElbow":[-0.44799999999999995,0.7149999999999999,1.158],"LeftWrist":[-0.17700000000000005,0.33099999999999996,1.097],"RightWrist":[-0.22399999999999998,0.6720000000000002,1.038],"LeftHand":[-0.10699999999999998,0.3410000000000002,1.131],"RightHand":[-0.18399999999999994,0.6709999999999998,1.108],"LeftFingers":[-0.04699999999999993,0.387,1.111],"RightFingers":[-0.1080000000000001,0.6440000000000001,1.109],"Core":[-0.629,0.5390000000000001,1.105],"Neck":[-0.51,0.5449999999999999,1.486],"Head":[-0.3819999999999999,0.5329999999999999,1.593]}}