{"p0":{"LeftToe":[-0.3400000000000001,0.2400000000000002,0.179],"RightToe":[-0.6020000000000001,-0.06099999999999994,0.226],"LeftHeel":[-0.18100000000000005,0.31999999999999984,0.03],"RightHeel":[-0.4910000000000001,-0.0029999999999998916,0.03],"LeftAnkle":[-0.21999999999999997,0.3490000000000002,0.102],"RightAnkle":[-0.4790000000000001,0.005999999999999783,0.116],"LeftKnee":[-0.1060000000000001,0.4790000000000001,0.493],"RightKnee":[-0.11499999999999999,0.19200000000000017,0.242],"LeftHip":[0.1509999999999998,0.556,0.155],"RightHip":[0.254,0.3580000000000001,0.093],"LeftShoulder":[0.22199999999999998,0.34799999999999986,0.664],"RightShoulder":[0.3250000000000002,0.10999999999999988,0.466],"LeftElbow":[-0.0009999999999998899,0.2829999999999999,0.488],"RightElbow":[0.39400000000000013,-0.08699999999999997,0.264],"LeftWrist":[-0.21500000000000008,0.17700000000000005,0.388],"RightWrist":[0.4159999999999999,-0.2789999999999999,0.077],"LeftHand":[-0.2569999999999999,0.1429999999999998,0.45],"RightHand":[0.43000000000000016,-0.3580000000000001,0.079],"LeftFingers":[-0.30000000000000004,0.07399999999999984,0.438],"RightFingers":[0.4079999999999999,-0.4079999999999999,0.024],"Core":[0.3340000000000001,0.45599999999999996,0.331],"Neck":[0.29400000000000004,0.19099999999999984,0.622],"Head":[0.30799999999999983,0.06000000000000005,0.731]},"p1":{"LeftToe":[-0.5660000000000001,0.0990000000000002,0.494],"RightToe":[-0.935,0.027000000000000135,0.047],"LeftHeel":[-0.5289999999999999,-0.04400000000000004,0.319],"RightHeel":[-0.7549999999999999,-0.11299999999999999,0.07],"LeftAnkle":[-0.502,0.03699999999999992,0.34],"RightAnkle":[-0.776,-0.03200000000000003,0.109],"LeftKnee":[-0.389,0.33099999999999996,0.05],"RightKnee":[-0.5189999999999999,0.21899999999999986,0.345],"LeftHip":[-0.10099999999999998,0.01200000000000001,0.099],"RightHip":[-0.129,0.03500000000000014,0.325],"LeftShoulder":[0.4169999999999998,0.2400000000000002,0.08],"RightShoulder":[0.4790000000000001,0.1120000000000001,0.344],"LeftElbow":[0.3420000000000001,0.5150000000000001,0.045],"RightElbow":[0.4049999999999998,0.2709999999999999,0.573],"LeftWrist":[0.3370000000000002,0.6320000000000001,0.275],"RightWrist":[0.4580000000000002,0.3599999999999999,0.321],"LeftHand":[0.3570000000000002,0.637,0.351],"RightHand":[0.492,0.379,0.249],"LeftFingers":[0.30900000000000016,0.601,0.406],"RightFingers":[0.44399999999999995,0.42300000000000004,0.199],"Core":[0.1259999999999999,0.07399999999999984,0.234],"Neck":[0.4980000000000002,0.11799999999999988,0.172],"Head":[0.6499999999999999,0.1589999999999998,0.214]}}