{"p0":{"LeftToe":[-0.397,-0.575,0.145],"RightToe":[-0.09699999999999998,-0.585,0.167],"LeftHeel":[-0.32499999999999996,-0.401,0.273],"RightHeel":[-0.29899999999999993,-0.4830000000000001,0.202],"LeftAnkle":[-0.30899999999999994,-0.42199999999999993,0.184],"RightAnkle":[-0.2390000000000001,-0.4790000000000001,0.133],"LeftKnee":[-0.20900000000000007,-0.02400000000000002,0.05],"RightKnee":[-0.5449999999999999,-0.18399999999999994,0.07],"LeftHip":[-0.1399999999999999,-0.21300000000000008,0.428],"RightHip":[-0.345,-0.31899999999999995,0.426],"LeftShoulder":[-0.2869999999999999,0.2490000000000001,0.229],"RightShoulder":[-0.5960000000000001,0.21099999999999985,0.332],"LeftElbow":[-0.15599999999999992,0.03600000000000003,0.077],"RightElbow":[-0.7549999999999999,0.19399999999999995,0.091],"LeftWrist":[-0.2889999999999999,0.2559999999999998,0.024],"RightWrist":[-0.692,0.44700000000000006,0.023],"LeftHand":[-0.33099999999999996,0.31300000000000017,0.065],"RightHand":[-0.694,0.5209999999999999,0.051],"LeftFingers":[-0.347,0.3849999999999998,0.033],"RightFingers":[-0.639,0.5750000000000002,0.021],"Core":[-0.3540000000000001,-0.04800000000000004,0.435],"Neck":[-0.44999999999999996,0.2959999999999998,0.282],"Head":[-0.4870000000000001,0.4590000000000001,0.277]},"p1":{"LeftToe":[-0.5920000000000001,-0.569,0.025],"RightToe":[-0.02200000000000002,-0.7629999999999999,0.059],"LeftHeel":[-0.6200000000000001,-0.33899999999999997,0.034],"RightHeel":[-0.19599999999999995,-0.613,0.031],"LeftAnkle":[-0.6419999999999999,-0.4059999999999999,0.09],"RightAnkle":[-0.1160000000000001,-0.609,0.074],"LeftKnee":[-0.712,-0.16199999999999992,0.436],"RightKnee":[-0.244,-0.252,0.271],"LeftHip":[-0.6020000000000001,0.12400000000000011,0.134],"RightHip":[-0.3740000000000001,0.137,0.143],"LeftShoulder":[-0.6639999999999999,0.7050000000000001,0.09],"RightShoulder":[-0.3680000000000001,0.7240000000000002,0.085],"LeftElbow":[-0.7769999999999999,0.44099999999999984,0.125],"RightElbow":[-0.2829999999999999,0.4540000000000002,0.045],"LeftWrist":[-0.635,0.33099999999999996,0.316],"RightWrist":[-0.2589999999999999,0.3420000000000001,0.275],"LeftHand":[-0.607,0.3210000000000002,0.389],"RightHand":[-0.252,0.31899999999999995,0.353],"LeftFingers":[-0.5549999999999999,0.2629999999999999,0.411],"RightFingers":[-0.2829999999999999,0.24299999999999988,0.368],"Core":[-0.5,0.3759999999999999,0.108],"Neck":[-0.518,0.7799999999999998,0.145],"Head":[-0.5429999999999999,0.9209999999999998,0.221]}}