{"p0":{"LeftToe":[0.47299999999999986,-0.14300000000000002,0.031],"RightToe":[0.20299999999999985,-0.74,0.031],"LeftHeel":[0.4950000000000001,-0.123,0.257],"RightHeel":[0.3969999999999998,-0.6859999999999999,0.139],"LeftAnkle":[0.42600000000000016,-0.1339999999999999,0.206],"RightAnkle":[0.30900000000000016,-0.6799999999999999,0.167],"LeftKnee":[0.020000000000000018,-0.14700000000000002,0.339],"RightKnee":[-0.06800000000000006,-0.5980000000000001,0.361],"LeftHip":[-0.07800000000000007,-0.16500000000000004,0.755],"RightHip":[-0.1319999999999999,-0.3879999999999999,0.734],"LeftShoulder":[-0.639,-0.10200000000000009,0.929],"RightShoulder":[-0.565,-0.28200000000000003,1.143],"LeftElbow":[-0.7809999999999999,-0.19900000000000007,0.693],"RightElbow":[-0.6299999999999999,-0.5549999999999999,1.21],"LeftWrist":[-0.972,-0.33699999999999997,0.797],"RightWrist":[-0.867,-0.5,1.092],"LeftHand":[-0.95,-0.3919999999999999,0.85],"RightHand":[-0.9219999999999999,-0.46599999999999997,1.041],"LeftFingers":[-0.8799999999999999,-0.3879999999999999,0.893],"RightFingers":[-0.8979999999999999,-0.4039999999999999,0.993],"Core":[-0.29600000000000004,-0.2430000000000001,0.895],"Neck":[-0.687,-0.16700000000000004,1.087],"Head":[-0.812,-0.15399999999999991,1.197]},"p1":{"LeftToe":[-0.903,-1.0510000000000002,1.373],"RightToe":[-1.046,-1.01,0.779],"LeftHeel":[-0.9199999999999999,-0.8240000000000001,1.334],"RightHeel":[-1.198,-0.839,0.775],"LeftAnkle":[-0.8560000000000001,-0.885,1.318],"RightAnkle":[-1.1059999999999999,-0.8380000000000001,0.779],"LeftKnee":[-0.6359999999999999,-0.5800000000000001,1.112],"RightKnee":[-0.7709999999999999,-0.5640000000000001,0.775],"LeftHip":[-0.9059999999999999,-0.256,1.039],"RightHip":[-0.8939999999999999,-0.15399999999999991,0.831],"LeftShoulder":[-0.5269999999999999,0.11299999999999999,1.143],"RightShoulder":[-0.6539999999999999,0.2490000000000001,0.868],"LeftElbow":[-0.389,-0.14300000000000002,1.173],"RightElbow":[-0.635,0.15300000000000002,0.594],"LeftWrist":[-0.21399999999999997,-0.31200000000000006,1.074],"RightWrist":[-0.5800000000000001,0.10099999999999998,0.332],"LeftHand":[-0.16999999999999993,-0.377,1.078],"RightHand":[-0.5329999999999999,0.15300000000000002,0.29],"LeftFingers":[-0.12400000000000011,-0.3999999999999999,1.015],"RightFingers":[-0.5129999999999999,0.14800000000000013,0.215],"Core":[-0.8700000000000001,0.009999999999999787,1.046],"Neck":[-0.573,0.2360000000000002,1.025],"Head":[-0.44500000000000006,0.33899999999999997,1.052]}}