{"p0":{"LeftToe":[0.11500000000000021,0.32699999999999996,0.025],"RightToe":[-0.04600000000000004,-0.08299999999999996,0.027],"LeftHeel":[-0.010999999999999899,0.3370000000000002,0.216],"RightHeel":[0.13099999999999978,0.03699999999999992,0.116],"LeftAnkle":[-0.018999999999999906,0.3799999999999999,0.136],"RightAnkle":[0.040000000000000036,0.03399999999999981,0.136],"LeftKnee":[-0.32299999999999995,0.6720000000000002,0.062],"RightKnee":[-0.377,0.015000000000000124,0.243],"LeftHip":[-0.28,0.512,0.457],"RightHip":[-0.21500000000000008,0.29899999999999993,0.521],"LeftShoulder":[-0.685,0.5699999999999998,0.836],"RightShoulder":[-0.629,0.238,0.885],"LeftElbow":[-0.5609999999999999,0.8239999999999998,0.762],"RightElbow":[-0.645,0.14500000000000002,0.609],"LeftWrist":[-0.6759999999999999,0.9020000000000001,0.528],"RightWrist":[-0.7170000000000001,0.3650000000000002,0.492],"LeftHand":[-0.746,0.8860000000000001,0.488],"RightHand":[-0.704,0.4460000000000002,0.486],"LeftFingers":[-0.7649999999999999,0.806,0.483],"RightFingers":[-0.627,0.46799999999999997,0.502],"Core":[-0.3759999999999999,0.42799999999999994,0.697],"Neck":[-0.667,0.4089999999999998,0.909],"Head":[-0.8140000000000001,0.41800000000000015,0.985]},"p1":{"LeftToe":[-0.597,0.2280000000000002,0.032],"RightToe":[-0.6659999999999999,0.9860000000000002,0.03],"LeftHeel":[-0.812,0.30600000000000005,0.033],"RightHeel":[-0.887,0.9249999999999998,0.036],"LeftAnkle":[-0.7470000000000001,0.30799999999999983,0.099],"RightAnkle":[-0.825,0.9289999999999998,0.1],"LeftKnee":[-0.5920000000000001,0.3500000000000001,0.501],"RightKnee":[-0.562,0.8410000000000002,0.43],"LeftHip":[-0.8720000000000001,0.5089999999999999,0.788],"RightHip":[-0.837,0.7309999999999999,0.739],"LeftShoulder":[-0.663,0.4049999999999998,1.214],"RightShoulder":[-0.4770000000000001,0.6589999999999998,1.154],"LeftElbow":[-0.6699999999999999,0.1549999999999998,1.066],"RightElbow":[-0.562,0.8039999999999998,0.915],"LeftWrist":[-0.4630000000000001,0.21099999999999985,0.898],"RightWrist":[-0.5429999999999999,0.5510000000000002,0.969],"LeftHand":[-0.387,0.24400000000000022,0.891],"RightHand":[-0.508,0.4780000000000002,0.982],"LeftFingers":[-0.369,0.29700000000000015,0.835],"RightFingers":[-0.5269999999999999,0.41400000000000015,0.937],"Core":[-0.8109999999999999,0.6699999999999999,0.999],"Neck":[-0.5269999999999999,0.512,1.233],"Head":[-0.3819999999999999,0.43599999999999994,1.268]}}