{"p0":{"LeftToe":[0.5,-0.254,0.025],"RightToe":[-0.21999999999999997,-0.482,0.051],"LeftHeel":[0.29899999999999993,-0.3620000000000001,0.03],"RightHeel":[-0.276,-0.41100000000000003,0.265],"LeftAnkle":[0.34399999999999986,-0.31200000000000006,0.093],"RightAnkle":[-0.2490000000000001,-0.369,0.192],"LeftKnee":[0.29499999999999993,-0.17900000000000005,0.499],"RightKnee":[-0.31200000000000006,0.052999999999999936,0.122],"LeftHip":[-0.04499999999999993,-0.42100000000000004,0.391],"RightHip":[-0.2310000000000001,-0.2929999999999999,0.367],"LeftShoulder":[0.20100000000000007,0.07500000000000018,0.523],"RightShoulder":[-0.121,0.16199999999999992,0.556],"LeftElbow":[0.24400000000000022,0.1349999999999998,0.241],"RightElbow":[-0.21100000000000008,0.04899999999999993,0.304],"LeftWrist":[0.14800000000000013,0.3849999999999998,0.208],"RightWrist":[-0.2270000000000001,0.2549999999999999,0.141],"LeftHand":[0.11799999999999988,0.44700000000000006,0.249],"RightHand":[-0.258,0.31300000000000017,0.188],"LeftFingers":[0.08400000000000007,0.508,0.208],"RightFingers":[-0.2669999999999999,0.3889999999999998,0.162],"Core":[-0.050000000000000044,-0.19900000000000007,0.548],"Neck":[0.052999999999999936,0.1589999999999998,0.551],"Head":[0.08400000000000007,0.3210000000000002,0.56]},"p1":{"LeftToe":[-0.2889999999999999,-0.8220000000000001,0.025],"RightToe":[-0.56,-0.5920000000000001,0.413],"LeftHeel":[-0.08699999999999997,-0.712,0.035],"RightHeel":[-0.3440000000000001,-0.5309999999999999,0.372],"LeftAnkle":[-0.17199999999999993,-0.6859999999999999,0.03],"RightAnkle":[-0.4179999999999999,-0.4810000000000001,0.394],"LeftKnee":[-0.44399999999999995,-0.3560000000000001,0.05],"RightKnee":[-0.3819999999999999,-0.05400000000000005,0.447],"LeftHip":[-0.062000000000000055,-0.16700000000000004,0.09],"RightHip":[0.017999999999999794,-0.1259999999999999,0.301],"LeftShoulder":[-0.21100000000000008,0.3860000000000001,0.092],"RightShoulder":[0.0950000000000002,0.4460000000000002,0.129],"LeftElbow":[-0.3879999999999999,0.1589999999999998,0.045],"RightElbow":[0.27700000000000014,0.22999999999999998,0.058],"LeftWrist":[-0.28,0.11299999999999999,0.286],"RightWrist":[0.19300000000000006,0.08000000000000007,0.25],"LeftHand":[-0.2769999999999999,0.1280000000000001,0.363],"RightHand":[0.1339999999999999,0.10199999999999987,0.303],"LeftFingers":[-0.21300000000000008,0.15399999999999991,0.4],"RightFingers":[0.10000000000000009,0.039000000000000146,0.344],"Core":[0.0040000000000000036,0.08899999999999997,0.136],"Neck":[-0.07400000000000007,0.4830000000000001,0.142],"Head":[-0.121,0.6309999999999998,0.204]}}