{"p0":{"LeftToe":[0.43900000000000006,-1.067,0.026],"RightToe":[-0.30499999999999994,-0.3779999999999999,0.026],"LeftHeel":[0.4830000000000001,-0.9079999999999999,0.19],"RightHeel":[-0.1479999999999999,-0.544,0.03],"LeftAnkle":[0.5,-0.919,0.104],"RightAnkle":[-0.18199999999999994,-0.4910000000000001,0.091],"LeftKnee":[0.649,-0.5189999999999999,0.079],"RightKnee":[-0.052000000000000046,-0.5229999999999999,0.498],"LeftHip":[0.44700000000000006,-0.692,0.419],"RightHip":[0.262,-0.819,0.48],"LeftShoulder":[0.42399999999999993,-0.383,0.895],"RightShoulder":[0.1200000000000001,-0.4610000000000001,0.853],"LeftElbow":[0.5070000000000001,-0.399,0.617],"RightElbow":[0.11500000000000021,-0.544,0.575],"LeftWrist":[0.2650000000000001,-0.3460000000000001,0.697],"RightWrist":[0.16800000000000015,-0.29499999999999993,0.659],"LeftHand":[0.22999999999999998,-0.2889999999999999,0.739],"RightHand":[0.1379999999999999,-0.2669999999999999,0.731],"LeftFingers":[0.16199999999999992,-0.29400000000000004,0.779],"RightFingers":[0.18299999999999983,-0.21300000000000008,0.771],"Core":[0.3700000000000001,-0.6759999999999999,0.679],"Neck":[0.2530000000000001,-0.373,0.922],"Head":[0.2200000000000002,-0.2330000000000001,0.998]},"p1":{"LeftToe":[-0.02400000000000002,-0.5780000000000001,0.098],"RightToe":[0.798,-0.522,0.183],"LeftHeel":[0.03699999999999992,-0.361,0.051],"RightHeel":[0.605,-0.44199999999999995,0.083],"LeftAnkle":[-0.008000000000000007,-0.4019999999999999,0.115],"RightAnkle":[0.6680000000000001,-0.4099999999999999,0.135],"LeftKnee":[-0.08200000000000007,-0.06099999999999994,0.363],"RightKnee":[0.6280000000000001,-0.004999999999999893,0.278],"LeftHip":[0.08499999999999996,0.2330000000000001,0.094],"RightHip":[0.31599999999999984,0.24800000000000022,0.116],"LeftShoulder":[0.04499999999999993,0.15399999999999991,0.656],"RightShoulder":[0.351,0.12300000000000022,0.616],"LeftElbow":[0.07799999999999985,-0.12400000000000011,0.579],"RightElbow":[0.484,-0.1120000000000001,0.516],"LeftWrist":[0.258,-0.28800000000000003,0.672],"RightWrist":[0.5459999999999998,-0.3520000000000001,0.618],"LeftHand":[0.2610000000000001,-0.32400000000000007,0.747],"RightHand":[0.5579999999999998,-0.42599999999999993,0.64],"LeftFingers":[0.2599999999999998,-0.405,0.745],"RightFingers":[0.5009999999999999,-0.474,0.666],"Core":[0.17399999999999993,0.2919999999999998,0.341],"Neck":[0.21099999999999985,0.16699999999999982,0.707],"Head":[0.2519999999999998,0.06499999999999995,0.832]}}