{"p0":{"LeftToe":[-0.7390000000000001,1.3370000000000002,0.041],"RightToe":[-0.07699999999999996,0.5990000000000002,0.028],"LeftHeel":[-0.5189999999999999,1.263,0.03],"RightHeel":[-0.15300000000000002,0.613,0.242],"LeftAnkle":[-0.585,1.255,0.087],"RightAnkle":[-0.19500000000000006,0.6179999999999999,0.163],"LeftKnee":[-0.698,1.1669999999999998,0.494],"RightKnee":[-0.585,0.7589999999999999,0.052],"LeftHip":[-0.3640000000000001,0.8929999999999998,0.51],"RightHip":[-0.45599999999999996,0.6869999999999998,0.458],"LeftShoulder":[-0.7210000000000001,1.0550000000000002,0.878],"RightShoulder":[-0.877,0.7639999999999998,0.821],"LeftElbow":[-0.6659999999999999,1.089,0.593],"RightElbow":[-0.875,0.8290000000000002,0.54],"LeftWrist":[-0.877,1.0619999999999998,0.442],"RightWrist":[-0.94,1.0310000000000001,0.373],"LeftHand":[-0.948,1.0550000000000002,0.404],"RightHand":[-0.9319999999999999,1.101,0.335],"LeftFingers":[-0.9590000000000001,1.0339999999999998,0.329],"RightFingers":[-0.859,1.1280000000000001,0.314],"Core":[-0.532,0.7949999999999999,0.694],"Neck":[-0.7929999999999999,0.8969999999999998,0.903],"Head":[-0.899,0.931,1.026]},"p1":{"LeftToe":[-1.036,0.24299999999999988,0.025],"RightToe":[-0.7310000000000001,1.1709999999999998,0.036],"LeftHeel":[-1.218,0.3809999999999998,0.032],"RightHeel":[-0.9470000000000001,1.1030000000000002,0.03],"LeftAnkle":[-1.1560000000000001,0.3610000000000002,0.093],"RightAnkle":[-0.8859999999999999,1.104,0.099],"LeftKnee":[-0.994,0.4209999999999998,0.486],"RightKnee":[-0.8440000000000001,0.984,0.513],"LeftHip":[-1.08,0.6190000000000002,0.857],"RightHip":[-1.026,0.8410000000000002,0.878],"LeftShoulder":[-0.585,0.5430000000000001,1.169],"RightShoulder":[-0.635,0.835,1.248],"LeftElbow":[-0.7050000000000001,0.5150000000000001,0.903],"RightElbow":[-0.6459999999999999,1.0270000000000001,1.029],"LeftWrist":[-0.558,0.6600000000000001,0.74],"RightWrist":[-0.488,0.8969999999999998,0.849],"LeftHand":[-0.48,0.6400000000000001,0.761],"RightHand":[-0.42900000000000005,0.8439999999999999,0.831],"LeftFingers":[-0.42700000000000005,0.7010000000000001,0.753],"RightFingers":[-0.41700000000000004,0.8170000000000002,0.755],"Core":[-0.909,0.677,1.058],"Neck":[-0.54,0.6890000000000001,1.257],"Head":[-0.3819999999999999,0.6789999999999998,1.303]}}