{"p0":{"LeftToe":[0.605,-0.688,0.025],"RightToe":[-0.09400000000000008,-0.6599999999999999,0.027],"LeftHeel":[0.5249999999999999,-0.502,0.129],"RightHeel":[0.019000000000000128,-0.502,0.15],"LeftAnkle":[0.5960000000000001,-0.5149999999999999,0.072],"RightAnkle":[-0.038999999999999924,-0.5,0.085],"LeftKnee":[0.577,-0.08699999999999997,0.063],"RightKnee":[-0.12400000000000011,-0.08099999999999996,0.054],"LeftHip":[0.3039999999999998,0.01100000000000012,0.382],"RightHip":[0.08599999999999985,-0.052999999999999936,0.43],"LeftShoulder":[0.040999999999999925,0.4700000000000002,0.086],"RightShoulder":[-0.21599999999999997,0.347,0.248],"LeftElbow":[0.30500000000000016,0.512,0.194],"RightElbow":[-0.28400000000000003,0.13099999999999978,0.068],"LeftWrist":[0.27,0.2679999999999998,0.287],"RightWrist":[-0.3360000000000001,0.3889999999999998,0.02],"LeftHand":[0.2570000000000001,0.19799999999999995,0.244],"RightHand":[-0.34299999999999997,0.46099999999999985,0.06],"LeftFingers":[0.27,0.1299999999999999,0.289],"RightFingers":[-0.359,0.5289999999999999,0.02],"Core":[0.11299999999999999,0.18699999999999983,0.31],"Neck":[-0.1080000000000001,0.46499999999999986,0.178],"Head":[-0.21199999999999997,0.577,0.11]},"p1":{"LeftToe":[0.9380000000000002,0.9870000000000001,0.027],"RightToe":[0.3730000000000002,0.8919999999999999,0.025],"LeftHeel":[0.927,0.7559999999999998,0.03],"RightHeel":[0.4460000000000002,0.6709999999999998,0.03],"LeftAnkle":[0.871,0.8239999999999998,0.043],"RightAnkle":[0.371,0.7170000000000001,0.056],"LeftKnee":[0.4780000000000002,0.8130000000000002,0.215],"RightKnee":[0.041999999999999815,0.5390000000000001,0.266],"LeftHip":[0.508,0.3959999999999999,0.106],"RightHip":[0.32200000000000006,0.258,0.095],"LeftShoulder":[0.28500000000000014,0.5419999999999998,0.525],"RightShoulder":[0.13200000000000012,0.254,0.534],"LeftElbow":[0.18299999999999983,0.6760000000000002,0.289],"RightElbow":[-0.1060000000000001,0.17600000000000016,0.384],"LeftWrist":[-0.010999999999999899,0.629,0.118],"RightWrist":[-0.18599999999999994,0.28100000000000014,0.147],"LeftHand":[-0.07899999999999996,0.661,0.083],"RightHand":[-0.2250000000000001,0.347,0.131],"LeftFingers":[-0.1060000000000001,0.6160000000000001,0.02],"RightFingers":[-0.19599999999999995,0.42200000000000015,0.146],"Core":[0.44300000000000006,0.26900000000000013,0.335],"Neck":[0.16599999999999993,0.42200000000000015,0.575],"Head":[0.03699999999999992,0.4670000000000001,0.67]}}