{"p0":{"LeftToe":[0.3900000000000001,1.2999999999999998,0.084],"RightToe":[0.07600000000000007,1.2719999999999998,0.419],"LeftHeel":[0.4169999999999998,1.0739999999999998,0.048],"RightHeel":[0.1549999999999998,1.146,0.242],"LeftAnkle":[0.43299999999999983,1.1309999999999998,0.114],"RightAnkle":[0.1339999999999999,1.13,0.326],"LeftKnee":[0.4900000000000002,0.782,0.356],"RightKnee":[0.19499999999999984,0.7080000000000002,0.39],"LeftHip":[0.3599999999999999,0.44799999999999995,0.118],"RightHip":[0.1429999999999998,0.371,0.126],"LeftShoulder":[0.52,0.0950000000000002,0.518],"RightShoulder":[0.21399999999999997,0.06700000000000017,0.54],"LeftElbow":[0.617,0.07399999999999984,0.246],"RightElbow":[0.1349999999999998,0.015000000000000124,0.263],"LeftWrist":[0.6400000000000001,0.32699999999999996,0.333],"RightWrist":[0.08599999999999985,0.11500000000000021,0.027],"LeftHand":[0.6080000000000001,0.3959999999999999,0.345],"RightHand":[0.021999999999999797,0.15300000000000002,0.057],"LeftFingers":[0.597,0.45299999999999985,0.293],"RightFingers":[-0.02400000000000002,0.20400000000000018,0.02],"Core":[0.33000000000000007,0.19600000000000017,0.215],"Neck":[0.3700000000000001,0.10400000000000009,0.602],"Head":[0.3769999999999998,0.16900000000000004,0.752]},"p1":{"LeftToe":[0.633,0.911,0.403],"RightToe":[0.7469999999999999,0.4940000000000002,0.156],"LeftHeel":[0.46399999999999997,0.9119999999999999,0.557],"RightHeel":[0.5830000000000002,0.5489999999999999,0.311],"LeftAnkle":[0.4660000000000002,0.8959999999999999,0.468],"RightAnkle":[0.5880000000000001,0.5030000000000001,0.235],"LeftKnee":[0.14400000000000013,0.7650000000000001,0.216],"RightKnee":[0.18900000000000006,0.355,0.287],"LeftHip":[-0.08299999999999996,0.6669999999999998,0.569],"RightHip":[-0.018999999999999906,0.4580000000000002,0.646],"LeftShoulder":[-0.2250000000000001,0.6019999999999999,0.124],"RightShoulder":[-0.1359999999999999,0.28500000000000014,0.157],"LeftElbow":[-0.030000000000000027,0.8119999999999998,0.07],"RightElbow":[0.11699999999999999,0.19899999999999984,0.045],"LeftWrist":[0.09799999999999986,0.577,0.067],"RightWrist":[0.3730000000000002,0.2490000000000001,0.02],"LeftHand":[0.03299999999999992,0.5270000000000001,0.067],"RightHand":[0.44099999999999984,0.29300000000000015,0.027],"LeftFingers":[0.052000000000000046,0.44799999999999995,0.072],"RightFingers":[0.47299999999999986,0.31300000000000017,0.095],"Core":[-0.2250000000000001,0.4620000000000002,0.467],"Neck":[-0.2290000000000001,0.43000000000000016,0.149],"Head":[-0.09699999999999998,0.5219999999999998,0.11]}}