{"p0":{"LeftToe":[-0.353,-0.5489999999999999,0.025],"RightToe":[-0.6479999999999999,0.008000000000000007,0.026],"LeftHeel":[-0.2849999999999999,-0.3320000000000001,0.031],"RightHeel":[-0.42199999999999993,-0.028000000000000025,0.03],"LeftAnkle":[-0.2370000000000001,-0.41100000000000003,0.038],"RightAnkle":[-0.4710000000000001,0.04999999999999982,0.031],"LeftKnee":[0.16800000000000015,-0.30299999999999994,0.052],"RightKnee":[-0.19999999999999996,0.371,0.051],"LeftHip":[-0.20900000000000007,-0.21500000000000008,0.265],"RightHip":[-0.32499999999999996,-0.020000000000000018,0.216],"LeftShoulder":[0.24800000000000022,-0.18500000000000005,0.306],"RightShoulder":[0.2709999999999999,0.1629999999999998,0.285],"LeftElbow":[0.375,-0.21999999999999997,0.045],"RightElbow":[0.3740000000000001,0.29499999999999993,0.049],"LeftWrist":[0.4580000000000002,0.004999999999999893,0.138],"RightWrist":[0.43500000000000005,0.03699999999999992,0.02],"LeftHand":[0.48,0.07699999999999996,0.138],"RightHand":[0.4580000000000002,-0.020999999999999908,0.074],"LeftFingers":[0.45599999999999996,0.129,0.078],"RightFingers":[0.4929999999999999,-0.09000000000000008,0.047],"Core":[-0.06499999999999995,0.009999999999999787,0.284],"Neck":[0.2599999999999998,-0.008999999999999897,0.322],"Head":[0.4049999999999998,0.06000000000000005,0.281]},"p1":{"LeftToe":[0.2290000000000001,-0.44900000000000007,0.461],"RightToe":[0.31700000000000017,-0.18199999999999994,0.613],"LeftHeel":[0.137,-0.238,0.431],"RightHeel":[0.2400000000000002,0.0019999999999997797,0.504],"LeftAnkle":[0.21700000000000008,-0.2729999999999999,0.44],"RightAnkle":[0.28900000000000015,-0.07000000000000006,0.472],"LeftKnee":[0.45299999999999985,0.06400000000000006,0.522],"RightKnee":[0.3540000000000001,-0.06800000000000006,0.055],"LeftHip":[0.1200000000000001,0.2879999999999998,0.338],"RightHip":[0.1030000000000002,0.2869999999999999,0.106],"LeftShoulder":[0.6160000000000001,0.4870000000000001,0.399],"RightShoulder":[0.641,0.34799999999999986,0.094],"LeftElbow":[0.3490000000000002,0.379,0.383],"RightElbow":[0.6280000000000001,0.05900000000000016,0.087],"LeftWrist":[0.41500000000000004,0.129,0.385],"RightWrist":[0.4249999999999998,-0.06099999999999994,0.22],"LeftHand":[0.42600000000000016,0.06099999999999994,0.422],"RightHand":[0.4159999999999999,-0.09200000000000008,0.294],"LeftFingers":[0.3860000000000001,-0.008999999999999897,0.404],"RightFingers":[0.3889999999999998,-0.04299999999999993,0.355],"Core":[0.30200000000000005,0.43500000000000005,0.208],"Neck":[0.6749999999999998,0.43299999999999983,0.246],"Head":[0.8279999999999998,0.3919999999999999,0.289]}}