{"p0":{"LeftToe":[-0.966,-0.383,0.072],"RightToe":[-0.905,-0.43599999999999994,0.025],"LeftHeel":[-0.74,-0.32800000000000007,0.08],"RightHeel":[-0.714,-0.31200000000000006,0.033],"LeftAnkle":[-0.798,-0.371,0.13],"RightAnkle":[-0.7270000000000001,-0.4039999999999999,0.034],"LeftKnee":[-0.607,-0.71,0.308],"RightKnee":[-0.44399999999999995,-0.7270000000000001,0.071],"LeftHip":[-0.30800000000000005,-0.4019999999999999,0.315],"RightHip":[-0.1399999999999999,-0.43799999999999994,0.158],"LeftShoulder":[-0.1200000000000001,-0.792,0.562],"RightShoulder":[-0.028999999999999915,-0.7869999999999999,0.237],"LeftElbow":[-0.345,-0.635,0.463],"RightElbow":[-0.246,-0.744,0.047],"LeftWrist":[-0.518,-0.696,0.277],"RightWrist":[-0.45399999999999996,-0.7350000000000001,0.216],"LeftHand":[-0.45500000000000007,-0.671,0.239],"RightHand":[-0.5309999999999999,-0.728,0.234],"LeftFingers":[-0.391,-0.712,0.214],"RightFingers":[-0.5569999999999999,-0.718,0.308],"Core":[-0.06099999999999994,-0.46199999999999997,0.413],"Neck":[-0.05899999999999994,-0.841,0.404],"Head":[-0.1060000000000001,-0.992,0.456]},"p1":{"LeftToe":[-0.909,-0.98,0.025],"RightToe":[-0.923,-0.6759999999999999,0.442],"LeftHeel":[-0.78,-0.7909999999999999,0.036],"RightHeel":[-0.792,-0.675,0.255],"LeftAnkle":[-0.806,-0.851,0.093],"RightAnkle":[-0.78,-0.704,0.339],"LeftKnee":[-0.6220000000000001,-0.71,0.453],"RightKnee":[-0.3540000000000001,-0.766,0.374],"LeftHip":[-0.565,-0.3680000000000001,0.204],"RightHip":[-0.379,-0.44599999999999995,0.09],"LeftShoulder":[-0.4910000000000001,-0.04699999999999993,0.493],"RightShoulder":[-0.16399999999999992,0.008000000000000007,0.427],"LeftElbow":[-0.6160000000000001,0.005999999999999783,0.234],"RightElbow":[-0.06299999999999994,-0.016999999999999904,0.159],"LeftWrist":[-0.7290000000000001,-0.10699999999999998,0.027],"RightWrist":[-0.19300000000000006,-0.21500000000000008,0.024],"LeftHand":[-0.7789999999999999,-0.15700000000000003,0.059],"RightHand":[-0.258,-0.2470000000000001,0.063],"LeftFingers":[-0.8420000000000001,-0.19199999999999995,0.02],"RightFingers":[-0.30699999999999994,-0.30099999999999993,0.026],"Core":[-0.357,-0.19599999999999995,0.184],"Neck":[-0.31299999999999994,-0.04299999999999993,0.506],"Head":[-0.264,-0.1200000000000001,0.642]}}