{"p0":{"LeftToe":[0.18400000000000016,1.6230000000000002,0.027],"RightToe":[0.28500000000000014,0.6909999999999998,0.027],"LeftHeel":[0.399,1.545,0.039],"RightHeel":[0.4870000000000001,0.8050000000000002,0.038],"LeftAnkle":[0.3370000000000002,1.5590000000000002,0.103],"RightAnkle":[0.4249999999999998,0.7789999999999999,0.094],"LeftKnee":[0.23099999999999987,1.4620000000000002,0.509],"RightKnee":[0.29000000000000004,0.8610000000000002,0.491],"LeftHip":[0.3860000000000001,1.267,0.861],"RightHip":[0.43500000000000005,1.044,0.854],"LeftShoulder":[0.2679999999999998,1.3319999999999999,1.387],"RightShoulder":[0.35599999999999987,1.0110000000000001,1.438],"LeftElbow":[0.1280000000000001,1.283,1.14],"RightElbow":[0.5150000000000001,0.976,1.195],"LeftWrist":[0.1499999999999999,1.0259999999999998,1.164],"RightWrist":[0.42700000000000005,0.7290000000000001,1.138],"LeftHand":[0.18599999999999994,0.968,1.2],"RightHand":[0.3740000000000001,0.6749999999999998,1.115],"LeftFingers":[0.2370000000000001,0.984,1.262],"RightFingers":[0.30600000000000005,0.6840000000000002,1.078],"Core":[0.42700000000000005,1.153,1.102],"Neck":[0.31000000000000005,1.1800000000000002,1.456],"Head":[0.22999999999999998,1.162,1.602]},"p1":{"LeftToe":[0.5579999999999998,0.6000000000000001,0.025],"RightToe":[-0.030999999999999917,0.9409999999999998,0.025],"LeftHeel":[0.42700000000000005,0.4089999999999998,0.03],"RightHeel":[-0.026000000000000023,0.714,0.035],"LeftAnkle":[0.45199999999999996,0.47699999999999987,0.096],"RightAnkle":[-0.0129999999999999,0.7749999999999999,0.099],"LeftKnee":[0.5419999999999998,0.7519999999999998,0.421],"RightKnee":[0.05500000000000016,0.9359999999999999,0.489],"LeftHip":[0.4209999999999998,0.802,0.836],"RightHip":[0.19200000000000017,0.8079999999999998,0.873],"LeftShoulder":[0.488,0.8679999999999999,1.434],"RightShoulder":[0.16599999999999993,0.8759999999999999,1.421],"LeftElbow":[0.5670000000000002,1.069,1.244],"RightElbow":[0.17799999999999994,1.0750000000000002,1.212],"LeftWrist":[0.47299999999999986,1.295,1.166],"RightWrist":[0.30200000000000005,1.279,1.091],"LeftHand":[0.4039999999999999,1.331,1.142],"RightHand":[0.3660000000000001,1.322,1.084],"LeftFingers":[0.3370000000000002,1.283,1.137],"RightFingers":[0.43999999999999995,1.3079999999999998,1.101],"Core":[0.33899999999999997,0.81,1.096],"Neck":[0.3250000000000002,0.8879999999999999,1.488],"Head":[0.3460000000000001,0.9750000000000001,1.628]}}