{"p0":{"LeftToe":[-0.3959999999999999,-0.484,0.025],"RightToe":[-0.8839999999999999,0.30200000000000005,0.027],"LeftHeel":[-0.2390000000000001,-0.3660000000000001,0.15],"RightHeel":[-0.756,0.2639999999999998,0.211],"LeftAnkle":[-0.24,-0.4179999999999999,0.079],"RightAnkle":[-0.734,0.2599999999999998,0.121],"LeftKnee":[0.16999999999999993,-0.2929999999999999,0.096],"RightKnee":[-0.32299999999999995,0.14900000000000002,0.05],"LeftHip":[-0.14100000000000001,-0.17300000000000004,0.372],"RightHip":[-0.22999999999999998,0.027000000000000135,0.45],"LeftShoulder":[0.4009999999999998,0.015000000000000124,0.345],"RightShoulder":[0.29000000000000004,0.29300000000000015,0.447],"LeftElbow":[0.30799999999999983,-0.20100000000000007,0.174],"RightElbow":[0.18199999999999994,0.18900000000000006,0.698],"LeftWrist":[0.46799999999999997,-0.01200000000000001,0.248],"RightWrist":[0.03600000000000003,0.16900000000000004,0.469],"LeftHand":[0.4780000000000002,0.03799999999999981,0.306],"RightHand":[-0.01200000000000001,0.2290000000000001,0.458],"LeftFingers":[0.44700000000000006,0.10899999999999999,0.317],"RightFingers":[-0.06299999999999994,0.22599999999999998,0.393],"Core":[0.03500000000000014,0.029999999999999805,0.409],"Neck":[0.4159999999999999,0.18800000000000017,0.383],"Head":[0.565,0.2549999999999999,0.414]},"p1":{"LeftToe":[-0.7869999999999999,0.20199999999999996,0.071],"RightToe":[-0.135,-0.20399999999999996,0.514],"LeftHeel":[-0.661,0.07799999999999985,0.217],"RightHeel":[0.051000000000000156,-0.16100000000000003,0.381],"LeftAnkle":[-0.6579999999999999,0.16199999999999992,0.187],"RightAnkle":[0.03399999999999981,-0.17199999999999993,0.47],"LeftKnee":[-0.2450000000000001,0.28600000000000003,0.162],"RightKnee":[0.44899999999999984,-0.10299999999999998,0.554],"LeftHip":[0.005999999999999783,-0.06499999999999995,0.153],"RightHip":[0.18800000000000017,-0.19100000000000006,0.223],"LeftShoulder":[0.3450000000000002,0.399,0.134],"RightShoulder":[0.5710000000000002,0.17499999999999982,0.218],"LeftElbow":[0.08099999999999996,0.2829999999999999,0.17],"RightElbow":[0.43599999999999994,0.07500000000000018,0.456],"LeftWrist":[0.041999999999999815,0.242,0.425],"RightWrist":[0.18800000000000017,0.16900000000000004,0.515],"LeftHand":[0.0019999999999997797,0.2519999999999998,0.495],"RightHand":[0.14100000000000001,0.2320000000000002,0.515],"LeftFingers":[-0.06499999999999995,0.21099999999999985,0.508],"RightFingers":[0.06400000000000006,0.23899999999999988,0.529],"Core":[0.2469999999999999,0.04300000000000015,0.1],"Neck":[0.4969999999999999,0.33099999999999996,0.179],"Head":[0.5310000000000001,0.42600000000000016,0.311]}}