{"p0":{"LeftToe":[-0.2689999999999999,0.40200000000000014,0.578],"RightToe":[-0.2649999999999999,0.33000000000000007,0.593],"LeftHeel":[-0.22399999999999998,0.347,0.361],"RightHeel":[-0.26,0.2650000000000001,0.373],"LeftAnkle":[-0.18300000000000005,0.3340000000000001,0.437],"RightAnkle":[-0.29699999999999993,0.23099999999999987,0.45],"LeftKnee":[0.20400000000000018,0.2719999999999998,0.584],"RightKnee":[-0.46599999999999997,-0.0040000000000000036,0.146],"LeftHip":[0.129,0.24800000000000022,0.148],"RightHip":[-0.09499999999999997,0.22999999999999998,0.115],"LeftShoulder":[0.10999999999999988,-0.371,0.141],"RightShoulder":[-0.21399999999999997,-0.2709999999999999,0.122],"LeftElbow":[0.02499999999999991,-0.1140000000000001,0.247],"RightElbow":[-0.31200000000000006,-0.05699999999999994,0.292],"LeftWrist":[-0.09000000000000008,-0.19799999999999995,0.468],"RightWrist":[-0.2789999999999999,0.12199999999999989,0.49],"LeftHand":[-0.1080000000000001,-0.20700000000000007,0.546],"RightHand":[-0.2509999999999999,0.16599999999999993,0.549],"LeftFingers":[-0.07499999999999996,-0.15900000000000003,0.603],"RightFingers":[-0.18399999999999994,0.1429999999999998,0.587],"Core":[0.040999999999999925,-0.006999999999999895,0.108],"Neck":[-0.06000000000000005,-0.3480000000000001,0.154],"Head":[-0.09600000000000009,-0.377,0.315]},"p1":{"LeftToe":[-0.268,0.08999999999999986,0.696],"RightToe":[-0.21999999999999997,-0.17900000000000005,0.603],"LeftHeel":[-0.21199999999999997,0.04400000000000004,0.475],"RightHeel":[-0.04299999999999993,-0.16599999999999993,0.453],"LeftAnkle":[-0.18900000000000006,0.10199999999999987,0.536],"RightAnkle":[-0.062000000000000055,-0.135,0.533],"LeftKnee":[-0.01200000000000001,0.48099999999999987,0.52],"RightKnee":[0.2959999999999998,-0.2509999999999999,0.721],"LeftHip":[0.07799999999999985,0.0990000000000002,0.324],"RightHip":[0.125,-0.1279999999999999,0.336],"LeftShoulder":[0.4870000000000001,0.3530000000000002,0.173],"RightShoulder":[0.6549999999999998,0.06800000000000006,0.093],"LeftElbow":[0.3610000000000002,0.4590000000000001,0.409],"RightElbow":[0.629,-0.21799999999999997,0.046],"LeftWrist":[0.44499999999999984,0.2160000000000002,0.428],"RightWrist":[0.3860000000000001,-0.33899999999999997,0.02],"LeftHand":[0.4780000000000002,0.14500000000000002,0.421],"RightHand":[0.33000000000000007,-0.373,0.066],"LeftFingers":[0.46499999999999986,0.08300000000000018,0.467],"RightFingers":[0.2749999999999999,-0.41999999999999993,0.028],"Core":[0.32799999999999985,0.028999999999999915,0.259],"Neck":[0.605,0.22999999999999998,0.145],"Head":[0.7189999999999999,0.34799999999999986,0.156]}}