{"p0":{"LeftToe":[0.33599999999999985,0.6080000000000001,0.027],"RightToe":[-0.567,0.7759999999999998,1.056],"LeftHeel":[0.35199999999999987,0.3809999999999998,0.037],"RightHeel":[-0.42399999999999993,0.6110000000000002,0.986],"LeftAnkle":[0.3490000000000002,0.44399999999999995,0.103],"RightAnkle":[-0.4139999999999999,0.6779999999999999,1.049],"LeftKnee":[0.2959999999999998,0.5089999999999999,0.522],"RightKnee":[-0.09899999999999998,0.6000000000000001,1.327],"LeftHip":[0.33599999999999985,0.3769999999999998,0.927],"RightHip":[0.1299999999999999,0.4079999999999999,1.019],"LeftShoulder":[0.44200000000000017,0.5790000000000002,1.481],"RightShoulder":[0.19700000000000006,0.3580000000000001,1.535],"LeftElbow":[0.31300000000000017,0.56,1.224],"RightElbow":[0.04300000000000015,0.16100000000000003,1.384],"LeftWrist":[0.07799999999999985,0.6150000000000002,1.316],"RightWrist":[-0.19399999999999995,0.09799999999999986,1.268],"LeftHand":[0.03500000000000014,0.6640000000000001,1.366],"RightHand":[-0.2569999999999999,0.1469999999999998,1.274],"LeftFingers":[-0.04299999999999993,0.665,1.357],"RightFingers":[-0.3320000000000001,0.133,1.258],"Core":[0.3340000000000001,0.3730000000000002,1.194],"Neck":[0.2999999999999998,0.5009999999999999,1.553],"Head":[0.28100000000000014,0.6059999999999999,1.681]},"p1":{"LeftToe":[-0.9490000000000001,0.31499999999999995,0.062],"RightToe":[-0.21900000000000008,0.6869999999999998,0.05],"LeftHeel":[-1.061,0.42200000000000015,0.229],"RightHeel":[-0.44399999999999995,0.6949999999999998,0.094],"LeftAnkle":[-0.9790000000000001,0.3799999999999999,0.229],"RightAnkle":[-0.3720000000000001,0.6869999999999998,0.143],"LeftKnee":[-0.667,0.30699999999999994,0.52],"RightKnee":[-0.29699999999999993,0.661,0.563],"LeftHip":[-0.716,0.45500000000000007,0.922],"RightHip":[-0.5489999999999999,0.6139999999999999,0.906],"LeftShoulder":[-0.563,0.3500000000000001,1.457],"RightShoulder":[-0.45300000000000007,0.6299999999999999,1.477],"LeftElbow":[-0.496,0.3919999999999999,1.176],"RightElbow":[-0.5720000000000001,0.762,1.245],"LeftWrist":[-0.28,0.5369999999999999,1.149],"RightWrist":[-0.3580000000000001,0.73,1.082],"LeftHand":[-0.20799999999999996,0.5569999999999999,1.124],"RightHand":[-0.3520000000000001,0.69,1.014],"LeftFingers":[-0.16900000000000004,0.6240000000000001,1.131],"RightFingers":[-0.367,0.609,1.016],"Core":[-0.6220000000000001,0.5510000000000002,1.155],"Neck":[-0.45799999999999996,0.46499999999999986,1.538],"Head":[-0.32800000000000007,0.45999999999999996,1.636]}}