{"p0":{"LeftToe":[0.7290000000000001,-0.742,0.029],"RightToe":[1.0510000000000002,-0.6739999999999999,0.028],"LeftHeel":[0.5609999999999999,-0.581,0.038],"RightHeel":[0.8220000000000001,-0.716,0.03],"LeftAnkle":[0.6440000000000001,-0.5900000000000001,0.064],"RightAnkle":[0.875,-0.6459999999999999,0.03],"LeftKnee":[0.6970000000000001,-0.29000000000000004,0.365],"RightKnee":[0.7519999999999998,-0.2370000000000001,0.054],"LeftHip":[0.29800000000000004,-0.34299999999999997,0.217],"RightHip":[0.3330000000000002,-0.15500000000000003,0.09],"LeftShoulder":[0.40200000000000014,-0.0009999999999998899,0.649],"RightShoulder":[0.30900000000000016,0.2410000000000001,0.419],"LeftElbow":[0.3780000000000001,-0.276,0.552],"RightElbow":[0.3740000000000001,0.3759999999999999,0.168],"LeftWrist":[0.5110000000000001,-0.16500000000000004,0.362],"RightWrist":[0.5960000000000001,0.2709999999999999,0.052],"LeftHand":[0.5609999999999999,-0.11099999999999999,0.335],"RightHand":[0.6699999999999999,0.238,0.055],"LeftFingers":[0.5710000000000002,-0.09099999999999997,0.26],"RightFingers":[0.6909999999999998,0.16900000000000004,0.025],"Core":[0.2400000000000002,-0.11099999999999999,0.337],"Neck":[0.3719999999999999,0.1429999999999998,0.551],"Head":[0.4889999999999999,0.2450000000000001,0.613]},"p1":{"LeftToe":[-0.43700000000000006,0.14100000000000001,0.025],"RightToe":[-0.2829999999999999,-0.026000000000000023,0.472],"LeftHeel":[-0.20599999999999996,0.1629999999999998,0.03],"RightHeel":[-0.10099999999999998,0.04800000000000004,0.348],"LeftAnkle":[-0.2709999999999999,0.1459999999999999,0.087],"RightAnkle":[-0.1439999999999999,-0.026999999999999913,0.359],"LeftKnee":[-0.24,0.06800000000000006,0.507],"RightKnee":[0.06499999999999995,-0.381,0.237],"LeftHip":[0.06199999999999983,0.20699999999999985,0.231],"RightHip":[0.08300000000000018,0.0259999999999998,0.091],"LeftShoulder":[0.5609999999999999,0.3820000000000001,0.287],"RightShoulder":[0.6779999999999999,0.11699999999999999,0.116],"LeftElbow":[0.40200000000000014,0.16100000000000003,0.394],"RightElbow":[0.5169999999999999,-0.10299999999999998,0.207],"LeftWrist":[0.42700000000000005,-0.06400000000000006,0.523],"RightWrist":[0.3919999999999999,-0.19100000000000006,0.428],"LeftHand":[0.4790000000000001,-0.1180000000000001,0.551],"RightHand":[0.44700000000000006,-0.18799999999999994,0.487],"LeftFingers":[0.45299999999999985,-0.17900000000000005,0.599],"RightFingers":[0.43699999999999983,-0.244,0.547],"Core":[0.31000000000000005,0.16500000000000004,0.126],"Neck":[0.657,0.2679999999999998,0.196],"Head":[0.7959999999999998,0.31300000000000017,0.27]}}