{"p0":{"LeftToe":[0.03200000000000003,-1.361,0.985],"RightToe":[0.4620000000000002,-1.6139999999999999,0.823],"LeftHeel":[0.03699999999999992,-1.4060000000000001,0.763],"RightHeel":[0.43500000000000005,-1.562,0.603],"LeftAnkle":[0.027000000000000135,-1.325,0.806],"RightAnkle":[0.41500000000000004,-1.5150000000000001,0.679],"LeftKnee":[-0.026999999999999913,-0.9219999999999999,0.662],"RightKnee":[0.31599999999999984,-1.095,0.66],"LeftHip":[0.027000000000000135,-1.02,0.246],"RightHip":[0.2509999999999999,-1.075,0.235],"LeftShoulder":[-0.010999999999999899,-0.5209999999999999,0.132],"RightShoulder":[0.32299999999999995,-0.486,0.215],"LeftElbow":[-0.16100000000000003,-0.7709999999999999,0.146],"RightElbow":[0.5369999999999999,-0.657,0.121],"LeftWrist":[-0.09800000000000009,-0.6930000000000001,0.394],"RightWrist":[0.3900000000000001,-0.845,0.222],"LeftHand":[-0.06899999999999995,-0.665,0.461],"RightHand":[0.4169999999999998,-0.881,0.29],"LeftFingers":[-0.018000000000000016,-0.7110000000000001,0.505],"RightFingers":[0.41800000000000015,-0.9630000000000001,0.288],"Core":[0.19200000000000017,-0.8260000000000001,0.15],"Neck":[0.1499999999999999,-0.4710000000000001,0.185],"Head":[0.10899999999999999,-0.32699999999999996,0.258]},"p1":{"LeftToe":[-0.825,0.03799999999999981,0.669],"RightToe":[-0.5389999999999999,0.399,0.025],"LeftHeel":[-0.615,0.11299999999999999,0.707],"RightHeel":[-0.43900000000000006,0.3500000000000001,0.229],"LeftAnkle":[-0.6439999999999999,0.03399999999999981,0.67],"RightAnkle":[-0.44599999999999995,0.3039999999999998,0.149],"LeftKnee":[-0.3720000000000001,-0.26,0.508],"RightKnee":[-0.19799999999999995,-0.03200000000000003,0.05],"LeftHip":[0.02400000000000002,-0.10099999999999998,0.538],"RightHip":[0.08599999999999985,0.03600000000000003,0.362],"LeftShoulder":[0.47699999999999987,-0.45599999999999996,0.319],"RightShoulder":[0.44499999999999984,-0.21999999999999997,0.097],"LeftElbow":[0.21399999999999997,-0.583,0.31],"RightElbow":[0.43800000000000017,-0.506,0.07],"LeftWrist":[0.3730000000000002,-0.784,0.232],"RightWrist":[0.3839999999999999,-0.7230000000000001,0.202],"LeftHand":[0.43999999999999995,-0.823,0.235],"RightHand":[0.3690000000000002,-0.7709999999999999,0.268],"LeftFingers":[0.45699999999999985,-0.895,0.207],"RightFingers":[0.32799999999999985,-0.8360000000000001,0.269],"Core":[0.23499999999999988,-0.18799999999999994,0.397],"Neck":[0.5299999999999998,-0.33499999999999996,0.201],"Head":[0.6459999999999999,-0.4119999999999999,0.111]}}