{"p0":{"LeftToe":[-0.238,-1.113,0.032],"RightToe":[0.43299999999999983,-0.9910000000000001,0.026],"LeftHeel":[-0.345,-0.9079999999999999,0.037],"RightHeel":[0.21700000000000008,-0.9139999999999999,0.03],"LeftAnkle":[-0.264,-0.9390000000000001,0.049],"RightAnkle":[0.29800000000000004,-0.869,0.031],"LeftKnee":[0.1030000000000002,-0.7410000000000001,0.149],"RightKnee":[0.5539999999999998,-0.522,0.053],"LeftHip":[0.129,-0.3380000000000001,0.292],"RightHip":[0.21899999999999986,-0.2569999999999999,0.093],"LeftShoulder":[0.4929999999999999,-0.07600000000000007,0.509],"RightShoulder":[0.3929999999999998,0.21300000000000008,0.393],"LeftElbow":[0.496,-0.242,0.272],"RightElbow":[0.29800000000000004,0.3639999999999999,0.162],"LeftWrist":[0.4460000000000002,-0.18599999999999994,0.024],"RightWrist":[0.5630000000000002,0.3740000000000001,0.195],"LeftHand":[0.516,-0.17700000000000005,0.065],"RightHand":[0.6440000000000001,0.3889999999999998,0.192],"LeftFingers":[0.5840000000000001,-0.17900000000000005,0.022],"RightFingers":[0.6960000000000002,0.3580000000000001,0.241],"Core":[0.19200000000000017,-0.07699999999999996,0.29],"Neck":[0.4950000000000001,0.09299999999999997,0.471],"Head":[0.6400000000000001,0.15799999999999992,0.427]},"p1":{"LeftToe":[-0.5249999999999999,-0.016000000000000014,0.025],"RightToe":[-0.264,-0.125,0.48],"LeftHeel":[-0.30200000000000005,0.04499999999999993,0.03],"RightHeel":[-0.1100000000000001,-0.020999999999999908,0.349],"LeftAnkle":[-0.3620000000000001,0.02499999999999991,0.091],"RightAnkle":[-0.14100000000000001,-0.10699999999999998,0.347],"LeftKnee":[-0.2390000000000001,-0.03699999999999992,0.499],"RightKnee":[0.020999999999999908,-0.3759999999999999,0.051],"LeftHip":[0.08099999999999996,0.15600000000000014,0.291],"RightHip":[0.0990000000000002,0.04599999999999982,0.09],"LeftShoulder":[0.6299999999999999,0.31700000000000017,0.319],"RightShoulder":[0.673,0.11799999999999988,0.087],"LeftElbow":[0.4049999999999998,0.4969999999999999,0.31],"RightElbow":[0.3919999999999999,0.06300000000000017,0.051],"LeftWrist":[0.40600000000000014,0.29700000000000015,0.478],"RightWrist":[0.504,-0.17799999999999994,0.02],"LeftHand":[0.4249999999999998,0.24299999999999988,0.531],"RightHand":[0.5630000000000002,-0.22799999999999998,0.02],"LeftFingers":[0.43699999999999983,0.16699999999999982,0.521],"RightFingers":[0.5680000000000001,-0.30499999999999994,0.02],"Core":[0.31899999999999995,0.18400000000000016,0.171],"Neck":[0.7210000000000001,0.2589999999999999,0.183],"Head":[0.8769999999999998,0.21499999999999986,0.224]}}