{"p0":{"LeftToe":[0.7280000000000002,-0.734,0.032],"RightToe":[1.0499999999999998,-0.673,0.028],"LeftHeel":[0.565,-0.5760000000000001,0.042],"RightHeel":[0.8220000000000001,-0.714,0.03],"LeftAnkle":[0.6480000000000001,-0.579,0.08],"RightAnkle":[0.8730000000000002,-0.6399999999999999,0.03],"LeftKnee":[0.7919999999999998,-0.30499999999999994,0.366],"RightKnee":[0.75,-0.236,0.054],"LeftHip":[0.355,-0.30600000000000005,0.306],"RightHip":[0.30900000000000016,-0.246,0.091],"LeftShoulder":[0.6499999999999999,0.12400000000000011,0.326],"RightShoulder":[0.3730000000000002,0.31199999999999983,0.365],"LeftElbow":[0.806,0.16100000000000003,0.083],"RightElbow":[0.32200000000000006,0.45500000000000007,0.115],"LeftWrist":[0.625,0.34799999999999986,0.069],"RightWrist":[0.5630000000000002,0.34399999999999986,0.062],"LeftHand":[0.5489999999999999,0.367,0.082],"RightHand":[0.629,0.30500000000000016,0.071],"LeftFingers":[0.5019999999999998,0.4079999999999999,0.035],"RightFingers":[0.6699999999999999,0.262,0.02],"Core":[0.3250000000000002,-0.040000000000000036,0.265],"Neck":[0.5379999999999998,0.2509999999999999,0.379],"Head":[0.5419999999999998,0.399,0.447]},"p1":{"LeftToe":[-0.817,0.22299999999999986,0.026],"RightToe":[-0.6990000000000001,-0.3460000000000001,0.031],"LeftHeel":[-0.591,0.2490000000000001,0.03],"RightHeel":[-0.5,-0.2350000000000001,0.043],"LeftAnkle":[-0.6499999999999999,0.238,0.099],"RightAnkle":[-0.5569999999999999,-0.262,0.109],"LeftKnee":[-0.34299999999999997,0.16199999999999992,0.378],"RightKnee":[-0.2589999999999999,-0.15799999999999992,0.391],"LeftHip":[0.04800000000000004,0.17799999999999994,0.174],"RightHip":[0.0990000000000002,-0.04400000000000004,0.157],"LeftShoulder":[0.5790000000000002,0.371,0.169],"RightShoulder":[0.6659999999999999,0.08000000000000007,0.081],"LeftElbow":[0.30100000000000016,0.2999999999999998,0.191],"RightElbow":[0.42600000000000016,-0.08400000000000007,0.045],"LeftWrist":[0.532,0.31199999999999983,0.311],"RightWrist":[0.5110000000000001,-0.16700000000000004,0.273],"LeftHand":[0.6099999999999999,0.31000000000000005,0.339],"RightHand":[0.512,-0.17100000000000004,0.356],"LeftFingers":[0.633,0.30100000000000016,0.412],"RightFingers":[0.4670000000000001,-0.21700000000000008,0.399],"Core":[0.30200000000000005,0.1280000000000001,0.109],"Neck":[0.6789999999999998,0.2290000000000001,0.177],"Head":[0.794,0.30900000000000016,0.267]}}