{"p0":{"LeftToe":[-1.04,0.015000000000000124,0.124],"RightToe":[-0.847,0.46899999999999986,0.026],"LeftHeel":[-0.8560000000000001,0.1509999999999998,0.111],"RightHeel":[-0.6259999999999999,0.4129999999999998,0.032],"LeftAnkle":[-0.8660000000000001,0.06700000000000017,0.148],"RightAnkle":[-0.7010000000000001,0.3610000000000002,0.033],"LeftKnee":[-0.5609999999999999,-0.15300000000000002,0.362],"RightKnee":[-0.524,-0.030000000000000027,0.076],"LeftHip":[-0.20199999999999996,0.07699999999999996,0.33],"RightHip":[-0.137,0.15399999999999991,0.121],"LeftShoulder":[0.04300000000000015,-0.3480000000000001,0.409],"RightShoulder":[0.1459999999999999,-0.33499999999999996,0.086],"LeftElbow":[-0.06000000000000005,-0.07899999999999996,0.447],"RightElbow":[-0.014000000000000012,-0.09099999999999997,0.054],"LeftWrist":[-0.2749999999999999,-0.09499999999999997,0.306],"RightWrist":[-0.238,-0.2390000000000001,0.07],"LeftHand":[-0.30099999999999993,-0.15999999999999992,0.269],"RightHand":[-0.29200000000000004,-0.2749999999999999,0.023],"LeftFingers":[-0.371,-0.15500000000000003,0.227],"RightFingers":[-0.3700000000000001,-0.268,0.048],"Core":[0.03100000000000014,-0.020999999999999908,0.242],"Neck":[0.09200000000000008,-0.395,0.245],"Head":[0.0009999999999998899,-0.5269999999999999,0.264]},"p1":{"LeftToe":[-0.9159999999999999,-0.41999999999999993,0.197],"RightToe":[-0.7230000000000001,-0.43199999999999994,0.556],"LeftHeel":[-0.837,-0.2250000000000001,0.297],"RightHeel":[-0.7010000000000001,-0.21799999999999997,0.48],"LeftAnkle":[-0.825,-0.31099999999999994,0.311],"RightAnkle":[-0.653,-0.29499999999999993,0.46],"LeftKnee":[-0.43500000000000005,-0.381,0.474],"RightKnee":[-0.373,-0.18900000000000006,0.149],"LeftHip":[-0.43100000000000005,0.052000000000000046,0.474],"RightHip":[-0.486,0.19399999999999995,0.301],"LeftShoulder":[-0.125,0.2330000000000001,0.783],"RightShoulder":[0.019000000000000128,0.32399999999999984,0.515],"LeftElbow":[-0.393,0.31700000000000017,0.711],"RightElbow":[-0.09400000000000008,0.472,0.29],"LeftWrist":[-0.3939999999999999,0.05900000000000016,0.687],"RightWrist":[-0.21100000000000008,0.46099999999999985,0.045],"LeftHand":[-0.3660000000000001,-0.018000000000000016,0.688],"RightHand":[-0.21799999999999997,0.3849999999999998,0.062],"LeftFingers":[-0.4099999999999999,-0.07699999999999996,0.653],"RightFingers":[-0.2470000000000001,0.32600000000000007,0.02],"Core":[-0.3480000000000001,0.30900000000000016,0.501],"Neck":[0.007000000000000117,0.2519999999999998,0.673],"Head":[0.133,0.1509999999999998,0.706]}}