{"p0":{"LeftToe":[-0.625,-0.43500000000000005,0.319],"RightToe":[-0.7150000000000001,-0.393,0.379],"LeftHeel":[-0.47,-0.33499999999999996,0.184],"RightHeel":[-0.5960000000000001,-0.27,0.225],"LeftAnkle":[-0.5569999999999999,-0.31099999999999994,0.206],"RightAnkle":[-0.629,-0.248,0.309],"LeftKnee":[-0.6399999999999999,0.08099999999999996,0.05],"RightKnee":[-0.45399999999999996,0.1299999999999999,0.426],"LeftHip":[-0.2310000000000001,0.20999999999999996,0.09],"RightHip":[-0.07899999999999996,0.2599999999999998,0.257],"LeftShoulder":[-0.2809999999999999,0.8300000000000001,0.161],"RightShoulder":[-0.1459999999999999,0.7290000000000001,0.425],"LeftElbow":[-0.502,0.665,0.066],"RightElbow":[-0.1259999999999999,0.43999999999999995,0.438],"LeftWrist":[-0.4139999999999999,0.5049999999999999,0.266],"RightWrist":[-0.3340000000000001,0.5630000000000002,0.349],"LeftHand":[-0.3720000000000001,0.4870000000000001,0.335],"RightHand":[-0.4019999999999999,0.6019999999999999,0.329],"LeftFingers":[-0.29200000000000004,0.4780000000000002,0.332],"RightFingers":[-0.42700000000000005,0.6139999999999999,0.256],"Core":[-0.2390000000000001,0.46499999999999986,0.183],"Neck":[-0.258,0.8210000000000002,0.333],"Head":[-0.3560000000000001,0.8540000000000001,0.463]},"p1":{"LeftToe":[-0.29499999999999993,0.9529999999999998,0.262],"RightToe":[-0.9119999999999999,-0.355,0.432],"LeftHeel":[-0.496,0.8479999999999999,0.284],"RightHeel":[-0.738,-0.33299999999999996,0.279],"LeftAnkle":[-0.41300000000000003,0.8170000000000002,0.272],"RightAnkle":[-0.748,-0.32499999999999996,0.371],"LeftKnee":[-0.30699999999999994,0.40200000000000014,0.298],"RightKnee":[-0.45100000000000007,-0.1180000000000001,0.6],"LeftHip":[-0.3879999999999999,0.007000000000000117,0.141],"RightHip":[-0.4790000000000001,-0.20300000000000007,0.178],"LeftShoulder":[0.13099999999999978,-0.18999999999999995,0.233],"RightShoulder":[-0.08200000000000007,-0.2789999999999999,0.44],"LeftElbow":[0.021999999999999797,0.04700000000000015,0.106],"RightElbow":[-0.3520000000000001,-0.18500000000000005,0.393],"LeftWrist":[-0.09699999999999998,0.1549999999999998,0.325],"RightWrist":[-0.2549999999999999,0.05699999999999994,0.405],"LeftHand":[-0.1299999999999999,0.17099999999999982,0.393],"RightHand":[-0.2410000000000001,0.1259999999999999,0.444],"LeftFingers":[-0.16599999999999993,0.23499999999999988,0.419],"RightFingers":[-0.2929999999999999,0.18900000000000006,0.442],"Core":[-0.21700000000000008,-0.19700000000000006,0.105],"Neck":[0.07799999999999985,-0.22999999999999998,0.393],"Head":[0.11699999999999999,-0.16399999999999992,0.539]}}