{"p0":{"LeftToe":[0.30100000000000016,-0.4610000000000001,0.025],"RightToe":[-0.42700000000000005,-0.08699999999999997,0.025],"LeftHeel":[0.34299999999999997,-0.2809999999999999,0.158],"RightHeel":[-0.31400000000000006,-0.2889999999999999,0.03],"LeftAnkle":[0.3450000000000002,-0.29000000000000004,0.067],"RightAnkle":[-0.31600000000000006,-0.21500000000000008,0.081],"LeftKnee":[0.41900000000000004,0.1259999999999999,0.05],"RightKnee":[-0.2569999999999999,-0.08699999999999997,0.475],"LeftHip":[0.23899999999999988,-0.18500000000000005,0.308],"RightHip":[0.0990000000000002,-0.3380000000000001,0.408],"LeftShoulder":[0.14900000000000002,0.22999999999999998,0.668],"RightShoulder":[-0.12200000000000011,0.03500000000000014,0.724],"LeftElbow":[0.2400000000000002,0.11100000000000021,0.417],"RightElbow":[-0.30800000000000005,-0.1519999999999999,0.599],"LeftWrist":[0.16500000000000004,0.3500000000000001,0.357],"RightWrist":[-0.238,0.07799999999999985,0.472],"LeftHand":[0.16699999999999982,0.43199999999999994,0.361],"RightHand":[-0.28600000000000003,0.1389999999999998,0.45],"LeftFingers":[0.1200000000000001,0.46899999999999986,0.305],"RightFingers":[-0.30400000000000005,0.1499999999999999,0.371],"Core":[0.16800000000000015,-0.121,0.558],"Neck":[-0.006000000000000005,0.16699999999999982,0.727],"Head":[-0.10699999999999998,0.29800000000000004,0.753]},"p1":{"LeftToe":[-0.6799999999999999,-0.4850000000000001,0.026],"RightToe":[-0.6220000000000001,-0.351,0.154],"LeftHeel":[-0.637,-0.258,0.03],"RightHeel":[-0.524,-0.1499999999999999,0.1],"LeftAnkle":[-0.6000000000000001,-0.33099999999999996,0.063],"RightAnkle":[-0.49,-0.2290000000000001,0.133],"LeftKnee":[-0.3460000000000001,-0.3859999999999999,0.39],"RightKnee":[-0.10400000000000009,-0.3979999999999999,0.162],"LeftHip":[-0.4179999999999999,0.028999999999999915,0.264],"RightHip":[-0.2689999999999999,0.0009999999999998899,0.09],"LeftShoulder":[0.06499999999999995,0.33599999999999985,0.4],"RightShoulder":[0.08300000000000018,0.32200000000000006,0.08],"LeftElbow":[-0.19799999999999995,0.22199999999999998,0.428],"RightElbow":[0.18900000000000006,0.05699999999999994,0.045],"LeftWrist":[-0.31800000000000006,-0.004999999999999893,0.406],"RightWrist":[0.3650000000000002,-0.1299999999999999,0.123],"LeftHand":[-0.351,-0.07800000000000007,0.417],"RightHand":[0.42600000000000016,-0.08699999999999997,0.144],"LeftFingers":[-0.30600000000000005,-0.14300000000000002,0.433],"RightFingers":[0.43299999999999983,-0.026000000000000023,0.19],"Core":[-0.2450000000000001,0.2330000000000001,0.22],"Neck":[0.10000000000000009,0.3889999999999998,0.239],"Head":[0.262,0.3690000000000002,0.232]}}