{"p0":{"LeftToe":[0.30100000000000016,-0.45599999999999996,0.025],"RightToe":[-0.5409999999999999,-0.33299999999999996,0.079],"LeftHeel":[0.3420000000000001,-0.2769999999999999,0.159],"RightHeel":[-0.43599999999999994,-0.371,0.278],"LeftAnkle":[0.33499999999999996,-0.28200000000000003,0.067],"RightAnkle":[-0.4670000000000001,-0.2929999999999999,0.242],"LeftKnee":[0.31099999999999994,0.1499999999999999,0.061],"RightKnee":[-0.21999999999999997,0.017999999999999794,0.076],"LeftHip":[0.23099999999999987,-0.16799999999999993,0.342],"RightHip":[0.008000000000000007,-0.22599999999999998,0.344],"LeftShoulder":[0.2160000000000002,0.2639999999999998,0.568],"RightShoulder":[-0.08800000000000008,0.21499999999999986,0.672],"LeftElbow":[0.30799999999999983,0.04300000000000015,0.405],"RightElbow":[-0.21100000000000008,0.07500000000000018,0.447],"LeftWrist":[0.15399999999999991,0.22999999999999998,0.309],"RightWrist":[0.03200000000000003,0.05699999999999994,0.327],"LeftHand":[0.11100000000000021,0.29499999999999993,0.294],"RightHand":[0.10400000000000009,0.016999999999999904,0.322],"LeftFingers":[0.07900000000000018,0.31099999999999994,0.224],"RightFingers":[0.11799999999999988,-0.03499999999999992,0.385],"Core":[0.09100000000000019,-0.08499999999999996,0.558],"Neck":[0.07100000000000017,0.2909999999999999,0.662],"Head":[0.04599999999999982,0.44700000000000006,0.706]},"p1":{"LeftToe":[-0.683,-0.6020000000000001,0.092],"RightToe":[-0.772,-0.534,0.108],"LeftHeel":[-0.6479999999999999,-0.3939999999999999,0.187],"RightHeel":[-0.71,-0.31699999999999995,0.055],"LeftAnkle":[-0.595,-0.472,0.19],"RightAnkle":[-0.669,-0.3919999999999999,0.073],"LeftKnee":[-0.16999999999999993,-0.4179999999999999,0.251],"RightKnee":[-0.2450000000000001,-0.44599999999999995,0.05],"LeftHip":[-0.4159999999999999,-0.07499999999999996,0.317],"RightHip":[-0.43799999999999994,-0.06099999999999994,0.09],"LeftShoulder":[0.017999999999999794,0.16500000000000004,0.399],"RightShoulder":[0.0259999999999998,0.2799999999999998,0.084],"LeftElbow":[-0.135,-0.0029999999999998916,0.583],"RightElbow":[0.03600000000000003,-0.006999999999999895,0.069],"LeftWrist":[0.04899999999999993,-0.18199999999999994,0.628],"RightWrist":[0.2759999999999998,-0.1060000000000001,0.133],"LeftHand":[0.1259999999999999,-0.20700000000000007,0.642],"RightHand":[0.35599999999999987,-0.09800000000000009,0.142],"LeftFingers":[0.18299999999999983,-0.16599999999999993,0.603],"RightFingers":[0.39400000000000013,-0.040999999999999925,0.179],"Core":[-0.29699999999999993,0.14100000000000001,0.205],"Neck":[0.07799999999999985,0.21799999999999997,0.241],"Head":[0.2370000000000001,0.2360000000000002,0.206]}}