{"p0":{"LeftToe":[0.2959999999999998,-0.476,0.026],"RightToe":[-0.5089999999999999,-0.32099999999999995,0.138],"LeftHeel":[0.3410000000000002,-0.28800000000000003,0.154],"RightHeel":[-0.3919999999999999,-0.363,0.33],"LeftAnkle":[0.3460000000000001,-0.31000000000000005,0.07],"RightAnkle":[-0.3799999999999999,-0.30400000000000005,0.259],"LeftKnee":[0.40200000000000014,0.11399999999999988,0.079],"RightKnee":[-0.20100000000000007,0.02300000000000013,0.052],"LeftHip":[0.1499999999999999,-0.18500000000000005,0.263],"RightHip":[-0.05600000000000005,-0.2589999999999999,0.34],"LeftShoulder":[0.14900000000000002,0.19899999999999984,0.62],"RightShoulder":[-0.133,0.07299999999999995,0.7],"LeftElbow":[0.2679999999999998,0.040999999999999925,0.406],"RightElbow":[-0.367,-0.04200000000000004,0.57],"LeftWrist":[0.18299999999999983,0.2799999999999998,0.355],"RightWrist":[-0.2450000000000001,0.17399999999999993,0.469],"LeftHand":[0.16599999999999993,0.33899999999999997,0.404],"RightHand":[-0.21199999999999997,0.246,0.483],"LeftFingers":[0.13200000000000012,0.40700000000000003,0.372],"RightFingers":[-0.1439999999999999,0.2650000000000001,0.443],"Core":[0.10499999999999998,-0.15399999999999991,0.526],"Neck":[-0.0029999999999998916,0.19300000000000006,0.712],"Head":[-0.09299999999999997,0.31599999999999984,0.78]},"p1":{"LeftToe":[-0.6020000000000001,-0.6279999999999999,0.252],"RightToe":[-0.7709999999999999,-0.5049999999999999,0.185],"LeftHeel":[-0.665,-0.4159999999999999,0.18],"RightHeel":[-0.708,-0.28400000000000003,0.151],"LeftAnkle":[-0.595,-0.45399999999999996,0.217],"RightAnkle":[-0.6699999999999999,-0.3640000000000001,0.147],"LeftKnee":[-0.17700000000000005,-0.4139999999999999,0.305],"RightKnee":[-0.2609999999999999,-0.44900000000000007,0.05],"LeftHip":[-0.365,-0.028999999999999915,0.318],"RightHip":[-0.3819999999999999,-0.03499999999999992,0.09],"LeftShoulder":[0.051000000000000156,0.2879999999999998,0.413],"RightShoulder":[0.09299999999999997,0.3410000000000002,0.08],"LeftElbow":[-0.21199999999999997,0.16000000000000014,0.416],"RightElbow":[0.17899999999999983,0.06899999999999995,0.045],"LeftWrist":[-0.16399999999999992,-0.0009999999999998899,0.219],"RightWrist":[0.32200000000000006,-0.1439999999999999,0.125],"LeftHand":[-0.22599999999999998,-0.050999999999999934,0.231],"RightHand":[0.383,-0.11699999999999999,0.167],"LeftFingers":[-0.21900000000000008,-0.125,0.196],"RightFingers":[0.4079999999999999,-0.04499999999999993,0.175],"Core":[-0.20700000000000007,0.14900000000000002,0.188],"Neck":[0.11500000000000021,0.3370000000000002,0.256],"Head":[0.2759999999999998,0.3620000000000001,0.288]}}