{"p0":{"LeftToe":[0.4119999999999999,0.052999999999999936,0.025],"RightToe":[-0.14100000000000001,0.7839999999999998,0.025],"LeftHeel":[0.18599999999999994,0.08599999999999985,0.031],"RightHeel":[-0.2829999999999999,0.6040000000000001,0.03],"LeftAnkle":[0.25,0.09100000000000019,0.095],"RightAnkle":[-0.2350000000000001,0.6429999999999998,0.094],"LeftKnee":[0.31599999999999984,0.1200000000000001,0.52],"RightKnee":[-0.07099999999999995,0.7429999999999999,0.478],"LeftHip":[0.04400000000000004,0.2879999999999998,0.812],"RightHip":[-0.09099999999999997,0.4750000000000001,0.814],"LeftShoulder":[0.15399999999999991,0.33499999999999996,1.38],"RightShoulder":[-0.010000000000000009,0.6219999999999999,1.332],"LeftElbow":[0.2410000000000001,0.12300000000000022,1.205],"RightElbow":[0.07200000000000006,0.8479999999999999,1.167],"LeftWrist":[0.46899999999999986,0.02400000000000002,1.286],"RightWrist":[0.27700000000000014,0.6819999999999999,1.233],"LeftHand":[0.5110000000000001,0.017999999999999794,1.357],"RightHand":[0.31999999999999984,0.6240000000000001,1.262],"LeftFingers":[0.5920000000000001,0.01100000000000012,1.354],"RightFingers":[0.3959999999999999,0.609,1.257],"Core":[-0.018000000000000016,0.3780000000000001,1.056],"Neck":[0.07699999999999996,0.4889999999999999,1.404],"Head":[0.14100000000000001,0.5289999999999999,1.553]},"p1":{"LeftToe":[0.008999999999999897,0.20900000000000007,0.638],"RightToe":[-0.617,0.802,0.986],"LeftHeel":[-0.08499999999999996,0.41400000000000015,0.61],"RightHeel":[-0.492,0.972,0.893],"LeftAnkle":[-0.0020000000000000018,0.3889999999999998,0.641],"RightAnkle":[-0.5029999999999999,0.8860000000000001,0.879],"LeftKnee":[0.1499999999999999,0.7810000000000001,0.72],"RightKnee":[-0.3460000000000001,0.5990000000000002,0.602],"LeftHip":[-0.14100000000000001,1.0939999999999999,0.661],"RightHip":[-0.29899999999999993,1.02,0.516],"LeftShoulder":[0.22599999999999998,1.0630000000000002,0.266],"RightShoulder":[-0.028999999999999915,0.9700000000000002,0.099],"LeftElbow":[0.06999999999999984,0.944,0.483],"RightElbow":[-0.23399999999999999,0.8740000000000001,0.284],"LeftWrist":[-0.018999999999999906,0.7050000000000001,0.426],"RightWrist":[-0.15900000000000003,0.6240000000000001,0.352],"LeftHand":[-0.07899999999999996,0.6509999999999998,0.445],"RightHand":[-0.12200000000000011,0.5710000000000002,0.305],"LeftFingers":[-0.14900000000000002,0.6800000000000002,0.478],"RightFingers":[-0.040999999999999925,0.5699999999999998,0.304],"Core":[-0.09899999999999998,1.1669999999999998,0.401],"Neck":[0.13099999999999978,0.9569999999999999,0.166],"Head":[0.2519999999999998,0.8559999999999999,0.205]}}