{"p0":{"LeftToe":[1.3330000000000002,-0.583,0.032],"RightToe":[-0.006999999999999895,-0.929,0.025],"LeftHeel":[1.226,-0.78,0.073],"RightHeel":[0.16599999999999993,-1.081,0.038],"LeftAnkle":[1.2069999999999999,-0.6950000000000001,0.103],"RightAnkle":[0.1469999999999998,-1.005,0.081],"LeftKnee":[0.9300000000000002,-0.518,0.382],"RightKnee":[0.16999999999999993,-0.696,0.377],"LeftHip":[0.6309999999999998,-0.5229999999999999,0.691],"RightHip":[0.43900000000000006,-0.647,0.707],"LeftShoulder":[0.5070000000000001,-0.030000000000000027,0.621],"RightShoulder":[0.18599999999999994,-0.09099999999999997,0.611],"LeftElbow":[0.5209999999999999,-0.20300000000000007,0.386],"RightElbow":[0.1259999999999999,0.06499999999999995,0.376],"LeftWrist":[0.4910000000000001,-0.2589999999999999,0.136],"RightWrist":[0.31199999999999983,0.20000000000000018,0.236],"LeftHand":[0.5619999999999998,-0.2829999999999999,0.101],"RightHand":[0.3460000000000001,0.2589999999999999,0.278],"LeftFingers":[0.5760000000000001,-0.2869999999999999,0.025],"RightFingers":[0.383,0.31999999999999984,0.239],"Core":[0.40600000000000014,-0.377,0.687],"Neck":[0.33199999999999985,0.0009999999999998899,0.638],"Head":[0.30100000000000016,0.15799999999999992,0.598]},"p1":{"LeftToe":[-0.14700000000000002,-0.375,0.693],"RightToe":[0.2719999999999998,-0.81,0.065],"LeftHeel":[-0.08200000000000007,-0.29499999999999993,0.49],"RightHeel":[0.14500000000000002,-0.6180000000000001,0.057],"LeftAnkle":[-0.07600000000000007,-0.258,0.574],"RightAnkle":[0.23499999999999988,-0.6339999999999999,0.061],"LeftKnee":[0.03200000000000003,0.15399999999999991,0.653],"RightKnee":[0.4860000000000002,-0.2809999999999999,0.05],"LeftHip":[0.1339999999999999,0.19799999999999995,0.236],"RightHip":[0.18800000000000017,0.029999999999999805,0.09],"LeftShoulder":[0.6019999999999999,0.363,0.356],"RightShoulder":[0.7360000000000002,0.19200000000000017,0.087],"LeftElbow":[0.3420000000000001,0.24800000000000022,0.413],"RightElbow":[0.54,-0.014999999999999902,0.045],"LeftWrist":[0.42600000000000016,0.04300000000000015,0.552],"RightWrist":[0.5510000000000002,-0.19700000000000006,0.24],"LeftHand":[0.4630000000000001,0.08999999999999986,0.609],"RightHand":[0.5750000000000002,-0.252,0.293],"LeftFingers":[0.4620000000000002,0.06199999999999983,0.686],"RightFingers":[0.5190000000000001,-0.29899999999999993,0.33],"Core":[0.3660000000000001,0.2320000000000002,0.101],"Neck":[0.6869999999999998,0.29400000000000004,0.222],"Head":[0.815,0.32699999999999996,0.317]}}