{"p0":{"LeftToe":[-0.403,-0.6519999999999999,0.025],"RightToe":[-0.917,-0.2370000000000001,0.171],"LeftHeel":[-0.6259999999999999,-0.6040000000000001,0.04],"RightHeel":[-0.9430000000000001,-0.06699999999999995,0.326],"LeftAnkle":[-0.5529999999999999,-0.567,0.081],"RightAnkle":[-0.9359999999999999,-0.07400000000000007,0.239],"LeftKnee":[-0.3759999999999999,-0.256,0.314],"RightKnee":[-1.017,0.31400000000000006,0.078],"LeftHip":[-0.7250000000000001,-0.02499999999999991,0.416],"RightHip":[-0.9410000000000001,0.04999999999999982,0.406],"LeftShoulder":[-0.4079999999999999,0.3700000000000001,0.424],"RightShoulder":[-0.6379999999999999,0.5670000000000002,0.302],"LeftElbow":[-0.22799999999999998,0.18999999999999995,0.289],"RightElbow":[-0.8819999999999999,0.6019999999999999,0.152],"LeftWrist":[-0.32099999999999995,0.32399999999999984,0.086],"RightWrist":[-0.921,0.8340000000000001,0.022],"LeftHand":[-0.3540000000000001,0.3639999999999999,0.024],"RightHand":[-0.9690000000000001,0.8900000000000001,0.057],"LeftFingers":[-0.3700000000000001,0.44099999999999984,0.021],"RightFingers":[-0.9950000000000001,0.9529999999999998,0.02],"Core":[-0.7549999999999999,0.24400000000000022,0.43],"Neck":[-0.4770000000000001,0.5089999999999999,0.348],"Head":[-0.387,0.6040000000000001,0.244]},"p1":{"LeftToe":[-0.897,-0.683,0.163],"RightToe":[-0.6970000000000001,-0.30200000000000005,0.246],"LeftHeel":[-0.867,-0.46799999999999997,0.078],"RightHeel":[-0.639,-0.15500000000000003,0.083],"LeftAnkle":[-0.895,-0.5049999999999999,0.152],"RightAnkle":[-0.617,-0.15500000000000003,0.173],"LeftKnee":[-1.158,-0.17599999999999993,0.082],"RightKnee":[-0.401,0.08300000000000018,0.455],"LeftHip":[-0.827,0.09299999999999997,0.09],"RightHip":[-0.615,0.008999999999999897,0.09],"LeftShoulder":[-0.7330000000000001,0.637,0.08],"RightShoulder":[-0.405,0.5710000000000002,0.08],"LeftElbow":[-0.7170000000000001,0.7799999999999998,0.33],"RightElbow":[-0.42100000000000004,0.2919999999999998,0.148],"LeftWrist":[-0.5089999999999999,0.641,0.405],"RightWrist":[-0.4670000000000001,0.23499999999999988,0.405],"LeftHand":[-0.4630000000000001,0.605,0.463],"RightHand":[-0.49,0.266,0.479],"LeftFingers":[-0.43300000000000005,0.5310000000000001,0.439],"RightFingers":[-0.5569999999999999,0.2320000000000002,0.511],"Core":[-0.6339999999999999,0.2799999999999998,0.1],"Neck":[-0.558,0.6480000000000001,0.105],"Head":[-0.562,0.8140000000000001,0.11]}}