{"p0":{"LeftToe":[0.9260000000000002,0.07900000000000018,0.025],"RightToe":[0.258,-0.03400000000000003,0.048],"LeftHeel":[0.7320000000000002,0,0.114],"RightHeel":[0.2999999999999998,-0.06899999999999995,0.268],"LeftAnkle":[0.774,0.07900000000000018,0.125],"RightAnkle":[0.2839999999999998,0.008999999999999897,0.223],"LeftKnee":[0.762,0.4700000000000002,0.301],"RightKnee":[0.3780000000000001,0.42799999999999994,0.241],"LeftHip":[0.5230000000000001,0.2799999999999998,0.605],"RightHip":[0.33199999999999985,0.16100000000000003,0.572],"LeftShoulder":[0.278,0.7709999999999999,0.512],"RightShoulder":[0.0040000000000000036,0.6099999999999999,0.49],"LeftElbow":[0.43299999999999983,0.552,0.399],"RightElbow":[-0.0129999999999999,0.44799999999999995,0.253],"LeftWrist":[0.4849999999999999,0.3599999999999999,0.23],"RightWrist":[-0.0129999999999999,0.6760000000000002,0.105],"LeftHand":[0.5609999999999999,0.3530000000000002,0.199],"RightHand":[-0.040999999999999925,0.7469999999999999,0.09],"LeftFingers":[0.5750000000000002,0.28200000000000003,0.159],"RightFingers":[-0.030999999999999917,0.7930000000000001,0.028],"Core":[0.29000000000000004,0.4209999999999998,0.622],"Neck":[0.1030000000000002,0.75,0.528],"Head":[0.02400000000000002,0.8849999999999998,0.471]},"p1":{"LeftToe":[0.43299999999999983,-0.238,0.25],"RightToe":[0.33599999999999985,-0.30000000000000004,0.304],"LeftHeel":[0.375,-0.2290000000000001,0.03],"RightHeel":[0.2679999999999998,-0.129,0.173],"LeftAnkle":[0.3690000000000002,-0.16999999999999993,0.094],"RightAnkle":[0.3450000000000002,-0.1379999999999999,0.223],"LeftKnee":[0.31899999999999995,0.1080000000000001,0.417],"RightKnee":[0.661,0.15600000000000014,0.203],"LeftHip":[0.07299999999999995,0.3380000000000001,0.152],"RightHip":[0.2919999999999998,0.3460000000000001,0.09],"LeftShoulder":[-0.006999999999999895,0.9020000000000001,0.166],"RightShoulder":[0.33199999999999985,0.9119999999999999,0.158],"LeftElbow":[-0.20500000000000007,0.6960000000000002,0.126],"RightElbow":[0.48,0.6669999999999998,0.11],"LeftWrist":[-0.06400000000000006,0.5619999999999998,0.301],"RightWrist":[0.3849999999999998,0.6080000000000001,0.357],"LeftHand":[-0.08600000000000008,0.629,0.334],"RightHand":[0.3620000000000001,0.6819999999999999,0.348],"LeftFingers":[-0.07099999999999995,0.6619999999999999,0.403],"RightFingers":[0.31899999999999995,0.7229999999999999,0.405],"Core":[0.17300000000000004,0.5840000000000001,0.101],"Neck":[0.16100000000000003,0.952,0.185],"Head":[0.1419999999999999,1.105,0.248]}}