{"p0":{"LeftToe":[0.31400000000000006,-1.026,0.025],"RightToe":[-0.19300000000000006,-0.32200000000000006,0.088],"LeftHeel":[0.1259999999999999,-0.891,0.039],"RightHeel":[-0.06699999999999995,-0.3340000000000001,0.277],"LeftAnkle":[0.2120000000000002,-0.8879999999999999,0.07],"RightAnkle":[-0.04299999999999993,-0.33699999999999997,0.188],"LeftKnee":[0.4940000000000002,-0.74,0.36],"RightKnee":[0.387,-0.383,0.186],"LeftHip":[0.2290000000000001,-0.4670000000000001,0.561],"RightHip":[0.05600000000000005,-0.353,0.456],"LeftShoulder":[0.5009999999999999,0.052999999999999936,0.512],"RightShoulder":[0.21499999999999986,0.16500000000000004,0.543],"LeftElbow":[0.54,-0.15399999999999991,0.314],"RightElbow":[0.015000000000000124,0.0030000000000001137,0.413],"LeftWrist":[0.4950000000000001,-0.05600000000000005,0.076],"RightWrist":[0.1280000000000001,0.017999999999999794,0.171],"LeftHand":[0.5710000000000002,-0.03600000000000003,0.081],"RightHand":[0.18900000000000006,-0.030999999999999917,0.195],"LeftFingers":[0.6190000000000002,-0.018000000000000016,0.02],"RightFingers":[0.22999999999999998,-0.06600000000000006,0.134],"Core":[0.23899999999999988,-0.19999999999999996,0.585],"Neck":[0.391,0.18699999999999983,0.551],"Head":[0.42300000000000004,0.3490000000000002,0.531]},"p1":{"LeftToe":[-0.29699999999999993,-0.2410000000000001,0.32],"RightToe":[-0.29600000000000004,-0.56,0.025],"LeftHeel":[-0.20900000000000007,-0.030999999999999917,0.304],"RightHeel":[-0.21399999999999997,-0.351,0.066],"LeftAnkle":[-0.16799999999999993,-0.11299999999999999,0.315],"RightAnkle":[-0.17399999999999993,-0.43300000000000005,0.074],"LeftKnee":[0.254,-0.18100000000000005,0.268],"RightKnee":[0.22699999999999987,-0.2729999999999999,0.076],"LeftHip":[0.06800000000000006,0.20599999999999996,0.305],"RightHip":[0.08700000000000019,0.13099999999999978,0.09],"LeftShoulder":[0.42700000000000005,0.581,0.345],"RightShoulder":[0.5579999999999998,0.4580000000000002,0.08],"LeftElbow":[0.15700000000000003,0.4820000000000002,0.327],"RightElbow":[0.44899999999999984,0.19300000000000006,0.103],"LeftWrist":[0.20699999999999985,0.25,0.437],"RightWrist":[0.536,-0.04600000000000004,0.02],"LeftHand":[0.254,0.278,0.492],"RightHand":[0.6139999999999999,-0.07099999999999995,0.025],"LeftFingers":[0.2869999999999999,0.23499999999999988,0.553],"RightFingers":[0.625,-0.15300000000000002,0.021],"Core":[0.20100000000000007,0.3740000000000001,0.137],"Neck":[0.5459999999999998,0.556,0.222],"Head":[0.6960000000000002,0.5390000000000001,0.29]}}