{"p0":{"LeftToe":[0.266,1.1269999999999998,0.025],"RightToe":[0.3679999999999999,0.2519999999999998,0.057],"LeftHeel":[0.29400000000000004,0.9649999999999999,0.191],"RightHeel":[0.3610000000000002,0.2599999999999998,0.288],"LeftAnkle":[0.2280000000000002,0.996,0.142],"RightAnkle":[0.3039999999999998,0.2610000000000001,0.222],"LeftKnee":[-0.19500000000000006,0.9300000000000002,0.167],"RightKnee":[-0.10899999999999999,0.3290000000000002,0.121],"LeftHip":[-0.10400000000000009,0.738,0.542],"RightHip":[-0.08600000000000008,0.5129999999999999,0.511],"LeftShoulder":[-0.6539999999999999,0.7320000000000002,0.638],"RightShoulder":[-0.6299999999999999,0.4079999999999999,0.618],"LeftElbow":[-0.6339999999999999,0.839,0.371],"RightElbow":[-0.583,0.30600000000000005,0.347],"LeftWrist":[-0.746,0.907,0.146],"RightWrist":[-0.6910000000000001,0.2679999999999998,0.102],"LeftHand":[-0.817,0.883,0.117],"RightHand":[-0.7689999999999999,0.24400000000000022,0.09],"LeftFingers":[-0.8240000000000001,0.887,0.034],"RightFingers":[-0.8049999999999999,0.24400000000000022,0.021],"Core":[-0.31200000000000006,0.5939999999999999,0.628],"Neck":[-0.696,0.565,0.668],"Head":[-0.851,0.5550000000000002,0.606]},"p1":{"LeftToe":[-0.2490000000000001,0.8610000000000002,0.048],"RightToe":[-0.16900000000000004,0.34299999999999997,0.072],"LeftHeel":[-0.03299999999999992,0.7890000000000001,0.037],"RightHeel":[0.04999999999999982,0.3969999999999998,0.045],"LeftAnkle":[-0.07800000000000007,0.835,0.103],"RightAnkle":[0.007000000000000117,0.3620000000000001,0.119],"LeftKnee":[0.15600000000000014,0.9710000000000001,0.44],"RightKnee":[0.254,0.2789999999999999,0.463],"LeftHip":[0.18000000000000016,0.7120000000000002,0.1],"RightHip":[0.20699999999999985,0.484,0.09],"LeftShoulder":[0.45299999999999985,0.7679999999999998,0.574],"RightShoulder":[0.472,0.45999999999999996,0.571],"LeftElbow":[0.4969999999999999,0.8250000000000002,0.291],"RightElbow":[0.5139999999999998,0.46499999999999986,0.287],"LeftWrist":[0.32399999999999984,0.9750000000000001,0.163],"RightWrist":[0.31300000000000017,0.3250000000000002,0.181],"LeftHand":[0.2629999999999999,1.028,0.168],"RightHand":[0.2759999999999998,0.2749999999999999,0.126],"LeftFingers":[0.19899999999999984,1.0310000000000001,0.121],"RightFingers":[0.23399999999999999,0.21099999999999985,0.148],"Core":[0.3820000000000001,0.613,0.246],"Neck":[0.44399999999999995,0.6120000000000001,0.656],"Head":[0.379,0.5760000000000001,0.806]}}