{"p0":{"LeftToe":[0.7160000000000002,0.819,0.027],"RightToe":[0.2320000000000002,0.1280000000000001,0.025],"LeftHeel":[0.8319999999999999,0.6240000000000001,0.044],"RightHeel":[0.41100000000000003,-0.020999999999999908,0.03],"LeftAnkle":[0.7770000000000001,0.6669999999999998,0.105],"RightAnkle":[0.3570000000000002,0.017999999999999794,0.087],"LeftKnee":[0.617,0.7250000000000001,0.498],"RightKnee":[0.2330000000000001,0.274,0.409],"LeftHip":[0.6779999999999999,0.371,0.729],"RightHip":[0.5049999999999999,0.21799999999999997,0.735],"LeftShoulder":[0.6179999999999999,0.528,1.284],"RightShoulder":[0.33899999999999997,0.3540000000000001,1.259],"LeftElbow":[0.7069999999999999,0.5670000000000002,1.01],"RightElbow":[0.28600000000000003,0.2610000000000001,0.988],"LeftWrist":[0.6339999999999999,0.6240000000000001,0.769],"RightWrist":[0.14800000000000013,0.4009999999999998,0.804],"LeftHand":[0.573,0.6720000000000002,0.773],"RightHand":[0.09600000000000009,0.45999999999999996,0.783],"LeftFingers":[0.5419999999999998,0.7189999999999999,0.72],"RightFingers":[0.09299999999999997,0.4940000000000002,0.713],"Core":[0.5699999999999998,0.3290000000000002,0.974],"Neck":[0.4630000000000001,0.4580000000000002,1.333],"Head":[0.3690000000000002,0.5409999999999999,1.443]},"p1":{"LeftToe":[0.5329999999999999,0.556,0.746],"RightToe":[0.30100000000000016,0.32600000000000007,0.67],"LeftHeel":[0.4790000000000001,0.5640000000000001,0.525],"RightHeel":[0.30100000000000016,0.4780000000000002,0.5],"LeftAnkle":[0.556,0.5379999999999998,0.568],"RightAnkle":[0.3460000000000001,0.399,0.509],"LeftKnee":[0.8700000000000001,0.4289999999999998,0.293],"RightKnee":[0.597,0.07299999999999995,0.379],"LeftHip":[0.4780000000000002,0.6040000000000001,0.299],"RightHip":[0.34399999999999986,0.4169999999999998,0.314],"LeftShoulder":[0.8450000000000002,0.28100000000000014,0.087],"RightShoulder":[0.6139999999999999,0.07399999999999984,0.094],"LeftElbow":[0.677,0.5129999999999999,0.045],"RightElbow":[0.3919999999999999,0.2570000000000001,0.049],"LeftWrist":[0.8079999999999998,0.6619999999999999,0.209],"RightWrist":[0.2570000000000001,0.040000000000000036,0.131],"LeftHand":[0.7949999999999999,0.7309999999999999,0.246],"RightHand":[0.3210000000000002,0.004999999999999893,0.169],"LeftFingers":[0.7269999999999999,0.7709999999999999,0.245],"RightFingers":[0.39400000000000013,0.040000000000000036,0.158],"Core":[0.504,0.4249999999999998,0.1],"Neck":[0.7810000000000001,0.12300000000000022,0.118],"Head":[0.8740000000000001,0.020000000000000018,0.203]}}