{"p0":{"LeftToe":[-0.7769999999999999,0.03799999999999981,0.057],"RightToe":[-0.018000000000000016,0.18699999999999983,0.027],"LeftHeel":[-0.756,0.262,0.082],"RightHeel":[-0.15799999999999992,0.3690000000000002,0.031],"LeftAnkle":[-0.7529999999999999,0.19499999999999984,0.143],"RightAnkle":[-0.137,0.30799999999999983,0.095],"LeftKnee":[-0.6439999999999999,-0.05800000000000005,0.474],"RightKnee":[-0.06600000000000006,0.08499999999999996,0.459],"LeftHip":[-0.5549999999999999,0.28600000000000003,0.713],"RightHip":[-0.32299999999999995,0.30299999999999994,0.725],"LeftShoulder":[-0.538,-0.15999999999999992,1.09],"RightShoulder":[-0.278,0.01100000000000012,1.222],"LeftElbow":[-0.5389999999999999,-0.2909999999999999,0.83],"RightElbow":[-0.008000000000000007,-0.10200000000000009,1.22],"LeftWrist":[-0.3400000000000001,-0.1479999999999999,0.738],"RightWrist":[0.08599999999999985,-0.274,1.407],"LeftHand":[-0.2689999999999999,-0.1140000000000001,0.756],"RightHand":[0.07100000000000017,-0.32499999999999996,1.462],"LeftFingers":[-0.266,-0.06099999999999994,0.817],"RightFingers":[0.0040000000000000036,-0.3600000000000001,1.479],"Core":[-0.43500000000000005,0.15200000000000014,0.915],"Neck":[-0.4099999999999999,-0.1060000000000001,1.199],"Head":[-0.3839999999999999,-0.19100000000000006,1.335]},"p1":{"LeftToe":[-0.129,-0.5469999999999999,0.036],"RightToe":[-0.375,0.2719999999999998,0.03],"LeftHeel":[-0.353,-0.5089999999999999,0.055],"RightHeel":[-0.532,0.1080000000000001,0.056],"LeftAnkle":[-0.2849999999999999,-0.5009999999999999,0.116],"RightAnkle":[-0.4670000000000001,0.14000000000000012,0.114],"LeftKnee":[-0.17900000000000005,-0.41900000000000004,0.527],"RightKnee":[-0.32099999999999995,0.07500000000000018,0.514],"LeftHip":[-0.365,-0.351,0.908],"RightHip":[-0.41100000000000003,-0.1279999999999999,0.881],"LeftShoulder":[-0.02499999999999991,-0.274,1.367],"RightShoulder":[-0.20500000000000007,0.016000000000000014,1.397],"LeftElbow":[0.01399999999999979,-0.32000000000000006,1.081],"RightElbow":[-0.19799999999999995,0.18699999999999983,1.166],"LeftWrist":[0.06700000000000017,-0.06800000000000006,1.132],"RightWrist":[-0.038999999999999924,0.0009999999999998899,1.054],"LeftHand":[0.04999999999999982,0.007000000000000117,1.162],"RightHand":[0.01100000000000012,-0.05699999999999994,1.065],"LeftFingers":[-0.02299999999999991,0.019000000000000128,1.197],"RightFingers":[0.008000000000000007,-0.11299999999999999,1.12],"Core":[-0.264,-0.19100000000000006,1.099],"Neck":[-0.10400000000000009,-0.1259999999999999,1.42],"Head":[0.004999999999999893,-0.050999999999999934,1.523]}}