{"p0":{"LeftToe":[-0.06099999999999994,1.0710000000000002,0.027],"RightToe":[-0.1140000000000001,1.0019999999999998,0.456],"LeftHeel":[0.10499999999999998,0.9140000000000001,0.03],"RightHeel":[0.0009999999999998899,0.891,0.287],"LeftAnkle":[0.04400000000000004,0.94,0.093],"RightAnkle":[-0.05800000000000005,0.8679999999999999,0.351],"LeftKnee":[0.04999999999999982,0.7440000000000002,0.478],"RightKnee":[-0.05899999999999994,0.43900000000000006,0.402],"LeftHip":[0.3700000000000001,0.706,0.198],"RightHip":[0.17799999999999994,0.6240000000000001,0.098],"LeftShoulder":[0.4950000000000001,0.2280000000000002,0.367],"RightShoulder":[0.44300000000000006,0.08899999999999997,0.081],"LeftElbow":[0.43800000000000017,0.5139999999999998,0.383],"RightElbow":[0.17899999999999983,0.07500000000000018,0.193],"LeftWrist":[0.19300000000000006,0.41100000000000003,0.421],"RightWrist":[0.33999999999999986,0.09200000000000008,0.398],"LeftHand":[0.17700000000000005,0.33499999999999996,0.436],"RightHand":[0.3860000000000001,0.121,0.46],"LeftFingers":[0.20900000000000007,0.2719999999999998,0.404],"RightFingers":[0.41500000000000004,0.19700000000000006,0.449],"Core":[0.3879999999999999,0.45599999999999996,0.1],"Neck":[0.4750000000000001,0.09200000000000008,0.256],"Head":[0.5169999999999999,-0.040999999999999925,0.349]},"p1":{"LeftToe":[-0.915,-0.31000000000000005,0.085],"RightToe":[-0.7390000000000001,-0.4910000000000001,0.066],"LeftHeel":[-0.7430000000000001,-0.16900000000000004,0.03],"RightHeel":[-0.542,-0.379,0.03],"LeftAnkle":[-0.776,-0.19599999999999995,0.11],"RightAnkle":[-0.5900000000000001,-0.3979999999999999,0.107],"LeftKnee":[-0.4930000000000001,-0.028999999999999915,0.384],"RightKnee":[-0.33000000000000007,-0.20799999999999996,0.389],"LeftHip":[-0.22399999999999998,0.17600000000000016,0.117],"RightHip":[-0.08800000000000008,-0.006999999999999895,0.094],"LeftShoulder":[0.2330000000000001,0.5070000000000001,0.293],"RightShoulder":[0.3650000000000002,0.20100000000000007,0.343],"LeftElbow":[-0.01200000000000001,0.6640000000000001,0.273],"RightElbow":[0.3410000000000002,-0.038000000000000034,0.179],"LeftWrist":[-0.15399999999999991,0.43900000000000006,0.214],"RightWrist":[0.08999999999999986,-0.0129999999999999,0.241],"LeftHand":[-0.22399999999999998,0.3969999999999998,0.205],"RightHand":[0.07299999999999995,0.039000000000000146,0.302],"LeftFingers":[-0.20100000000000007,0.31899999999999995,0.185],"RightFingers":[0.04800000000000004,0.1120000000000001,0.282],"Core":[0.03100000000000014,0.2160000000000002,0.187],"Neck":[0.31199999999999983,0.3679999999999999,0.369],"Head":[0.363,0.3929999999999998,0.526]}}