{"p0":{"LeftToe":[-0.264,-0.5269999999999999,0.456],"RightToe":[-0.20900000000000007,-0.5940000000000001,0.027],"LeftHeel":[-0.15399999999999991,-0.41100000000000003,0.287],"RightHeel":[-0.04899999999999993,-0.42999999999999994,0.03],"LeftAnkle":[-0.21399999999999997,-0.391,0.351],"RightAnkle":[-0.10899999999999999,-0.45799999999999996,0.093],"LeftKnee":[-0.2310000000000001,0.03799999999999981,0.402],"RightKnee":[-0.11099999999999999,-0.2629999999999999,0.478],"LeftHip":[0.017999999999999794,-0.1339999999999999,0.098],"RightHip":[0.20800000000000018,-0.21199999999999997,0.198],"LeftShoulder":[0.2869999999999999,0.41000000000000014,0.081],"RightShoulder":[0.33099999999999996,0.2839999999999998,0.377],"LeftElbow":[-0.0020000000000000018,0.42300000000000004,0.045],"RightElbow":[0.06999999999999984,0.2400000000000002,0.489],"LeftWrist":[0.04899999999999993,0.43400000000000016,0.298],"RightWrist":[-0.02200000000000002,0.43699999999999983,0.326],"LeftHand":[0.028000000000000025,0.41999999999999993,0.376],"RightHand":[-0.05800000000000005,0.5099999999999998,0.32],"LeftFingers":[-0.04200000000000004,0.3860000000000001,0.39],"RightFingers":[-0.04400000000000004,0.5499999999999998,0.25],"Core":[0.21899999999999986,0.04599999999999982,0.117],"Neck":[0.31499999999999995,0.40700000000000003,0.256],"Head":[0.25,0.5369999999999999,0.338]},"p1":{"LeftToe":[-0.9470000000000001,0.9409999999999998,0.066],"RightToe":[-1.116,0.7530000000000001,0.085],"LeftHeel":[-0.7450000000000001,0.8370000000000002,0.03],"RightHeel":[-0.938,0.6200000000000001,0.03],"LeftAnkle":[-0.7929999999999999,0.8540000000000001,0.107],"RightAnkle":[-0.972,0.6459999999999999,0.11],"LeftKnee":[-0.526,0.6739999999999999,0.389],"RightKnee":[-0.6819999999999999,0.4889999999999999,0.384],"LeftHip":[-0.2769999999999999,0.4830000000000001,0.094],"RightHip":[-0.4079999999999999,0.29499999999999993,0.117],"LeftShoulder":[0.18299999999999983,0.29400000000000004,0.34],"RightShoulder":[0.06300000000000017,-0.016999999999999904,0.293],"LeftElbow":[0.18100000000000005,0.532,0.17],"RightElbow":[-0.17500000000000004,-0.18300000000000005,0.273],"LeftWrist":[-0.038999999999999924,0.46899999999999986,0.289],"RightWrist":[-0.32600000000000007,0.03100000000000014,0.215],"LeftHand":[-0.11499999999999999,0.44200000000000017,0.304],"RightHand":[-0.395,0.07600000000000007,0.205],"LeftFingers":[-0.1379999999999999,0.367,0.283],"RightFingers":[-0.381,0.1549999999999998,0.185],"Core":[-0.1499999999999999,0.2650000000000001,0.186],"Neck":[0.1379999999999999,0.125,0.369],"Head":[0.18800000000000017,0.10000000000000009,0.525]}}