{"p0":{"LeftToe":[0.5129999999999999,-0.4590000000000001,0.025],"RightToe":[0.16500000000000004,-0.637,0.025],"LeftHeel":[0.569,-0.27,0.147],"RightHeel":[0.20800000000000018,-0.518,0.219],"LeftAnkle":[0.5609999999999999,-0.29000000000000004,0.059],"RightAnkle":[0.16699999999999982,-0.5009999999999999,0.14],"LeftKnee":[0.601,0.13600000000000012,0.054],"RightKnee":[0.05500000000000016,-0.09299999999999997,0.055],"LeftHip":[0.43000000000000016,-0.10400000000000009,0.371],"RightHip":[0.21300000000000008,-0.09800000000000009,0.453],"LeftShoulder":[0.5019999999999998,0.43500000000000005,0.467],"RightShoulder":[0.16999999999999993,0.4089999999999998,0.543],"LeftElbow":[0.5409999999999999,0.31499999999999995,0.204],"RightElbow":[0.016999999999999904,0.18699999999999983,0.646],"LeftWrist":[0.28500000000000014,0.29000000000000004,0.229],"RightWrist":[-0.02400000000000002,0.1200000000000001,0.385],"LeftHand":[0.2610000000000001,0.2280000000000002,0.269],"RightHand":[-0.04499999999999993,0.19200000000000017,0.418],"LeftFingers":[0.274,0.21099999999999985,0.344],"RightFingers":[-0.04800000000000004,0.254,0.365],"Core":[0.3740000000000001,0.09699999999999998,0.545],"Neck":[0.3370000000000002,0.45199999999999996,0.516],"Head":[0.3370000000000002,0.6139999999999999,0.493]},"p1":{"LeftToe":[-0.6890000000000001,0.7909999999999999,0.026],"RightToe":[-0.20399999999999996,1.1869999999999998,0.025],"LeftHeel":[-0.534,0.7250000000000001,0.182],"RightHeel":[-0.06099999999999994,1.0419999999999998,0.133],"LeftAnkle":[-0.56,0.6909999999999998,0.103],"RightAnkle":[-0.052999999999999936,1.0910000000000002,0.061],"LeftKnee":[-0.2809999999999999,0.3719999999999999,0.05],"RightKnee":[0.29700000000000015,0.8399999999999999,0.057],"LeftHip":[-0.20500000000000007,0.6659999999999999,0.359],"RightHip":[-0.05400000000000005,0.8359999999999999,0.313],"LeftShoulder":[0.1589999999999998,0.23899999999999988,0.407],"RightShoulder":[0.3959999999999999,0.46099999999999985,0.295],"LeftElbow":[-0.10000000000000009,0.16199999999999992,0.309],"RightElbow":[0.47699999999999987,0.32299999999999995,0.051],"LeftWrist":[0,-0.03499999999999992,0.168],"RightWrist":[0.371,0.07500000000000018,0.028],"LeftHand":[-0.014000000000000012,-0.10899999999999999,0.136],"RightHand":[0.355,0.0040000000000000036,0.058],"LeftFingers":[0.04800000000000004,-0.16399999999999992,0.133],"RightFingers":[0.32299999999999995,-0.05899999999999994,0.02],"Core":[0.05600000000000005,0.5939999999999999,0.365],"Neck":[0.29899999999999993,0.33199999999999985,0.362],"Head":[0.43800000000000017,0.24299999999999988,0.339]}}