{"p0":{"LeftToe":[0.4039999999999999,1.088,0.039],"RightToe":[0.4969999999999999,0.2469999999999999,0.025],"LeftHeel":[0.6000000000000001,0.9969999999999999,0.112],"RightHeel":[0.714,0.238,0.095],"LeftAnkle":[0.5179999999999998,1.004,0.153],"RightAnkle":[0.6339999999999999,0.2490000000000001,0.14],"LeftKnee":[0.18900000000000006,0.9950000000000001,0.43],"RightKnee":[0.2759999999999998,0.238,0.381],"LeftHip":[0.41100000000000003,0.7410000000000001,0.701],"RightHip":[0.45299999999999985,0.5219999999999998,0.653],"LeftShoulder":[0.472,0.7610000000000001,1.234],"RightShoulder":[0.5609999999999999,0.43999999999999995,1.242],"LeftElbow":[0.589,0.8980000000000001,1.002],"RightElbow":[0.4119999999999999,0.35599999999999987,1.011],"LeftWrist":[0.4249999999999998,1.0390000000000001,0.857],"RightWrist":[0.16599999999999993,0.25,0.964],"LeftHand":[0.35599999999999987,1.0790000000000002,0.84],"RightHand":[0.09200000000000008,0.2160000000000002,0.969],"LeftFingers":[0.32600000000000007,1.0790000000000002,0.764],"RightFingers":[0.029999999999999805,0.242,0.924],"Core":[0.5070000000000001,0.5939999999999999,0.907],"Neck":[0.496,0.5960000000000001,1.292],"Head":[0.3660000000000001,0.6190000000000002,1.387]},"p1":{"LeftToe":[-0.04200000000000004,0.815,0.452],"RightToe":[0.06099999999999994,0.43199999999999994,0.449],"LeftHeel":[0.09799999999999986,0.7610000000000001,0.282],"RightHeel":[0.14500000000000002,0.46399999999999997,0.237],"LeftAnkle":[0.11699999999999999,0.794,0.367],"RightAnkle":[0.18400000000000016,0.45299999999999985,0.319],"LeftKnee":[0.5249999999999999,0.8530000000000002,0.496],"RightKnee":[0.5800000000000001,0.42700000000000005,0.488],"LeftHip":[0.2719999999999998,0.722,0.176],"RightHip":[0.2999999999999998,0.4929999999999999,0.167],"LeftShoulder":[0.8730000000000002,0.7400000000000002,0.132],"RightShoulder":[0.831,0.44799999999999995,0.156],"LeftElbow":[0.6099999999999999,0.831,0.058],"RightElbow":[0.5609999999999999,0.46899999999999986,0.048],"LeftWrist":[0.5209999999999999,1.0179999999999998,0.215],"RightWrist":[0.5150000000000001,0.2290000000000001,0.157],"LeftHand":[0.46799999999999997,1.076,0.229],"RightHand":[0.5920000000000001,0.21300000000000008,0.15],"LeftFingers":[0.39400000000000013,1.0699999999999998,0.195],"RightFingers":[0.6549999999999998,0.2549999999999999,0.165],"Core":[0.5179999999999998,0.6320000000000001,0.1],"Neck":[0.923,0.5899999999999999,0.202],"Head":[0.9950000000000001,0.6059999999999999,0.347]}}