{"p0":{"LeftToe":[-0.020999999999999908,1.2799999999999998,0.025],"RightToe":[0.20100000000000007,1.282,0.025],"LeftHeel":[-0.030999999999999917,1.068,0.107],"RightHeel":[0.266,1.076,0.105],"LeftAnkle":[-0.08800000000000008,1.1139999999999999,0.051],"RightAnkle":[0.28100000000000014,1.1190000000000002,0.03],"LeftKnee":[-0.31800000000000006,0.7599999999999998,0.05],"RightKnee":[0.4500000000000002,0.734,0.051],"LeftHip":[-0.004999999999999893,0.9710000000000001,0.277],"RightHip":[0.2200000000000002,1.0310000000000001,0.282],"LeftShoulder":[0.052000000000000046,0.4590000000000001,0.503],"RightShoulder":[0.31400000000000006,0.4710000000000001,0.333],"LeftElbow":[-0.16999999999999993,0.43199999999999994,0.314],"RightElbow":[0.29300000000000015,0.44399999999999995,0.045],"LeftWrist":[-0.03400000000000003,0.22299999999999986,0.248],"RightWrist":[0.028000000000000025,0.3809999999999998,0.051],"LeftHand":[-0.02200000000000002,0.1499999999999999,0.22],"RightHand":[-0.014000000000000012,0.31599999999999984,0.06],"LeftFingers":[0.04300000000000015,0.125,0.188],"RightFingers":[-0.04499999999999993,0.29000000000000004,0.132],"Core":[0.15700000000000003,0.798,0.402],"Neck":[0.19399999999999995,0.387,0.431],"Head":[0.16199999999999992,0.23399999999999999,0.491]},"p1":{"LeftToe":[-0.5549999999999999,0.2240000000000002,0.056],"RightToe":[0.16699999999999982,0.133,0.954],"LeftHeel":[-0.32899999999999996,0.25,0.03],"RightHeel":[0.053999999999999826,0.20199999999999996,0.765],"LeftAnkle":[-0.385,0.2759999999999998,0.093],"RightAnkle":[0.1349999999999998,0.16400000000000015,0.779],"LeftKnee":[-0.19399999999999995,0.581,0.313],"RightKnee":[0.46499999999999986,0.08000000000000007,0.531],"LeftHip":[0.1160000000000001,0.34299999999999997,0.116],"RightHip":[0.1499999999999999,0.15300000000000002,0.235],"LeftShoulder":[0.6560000000000001,0.5030000000000001,0.082],"RightShoulder":[0.7240000000000002,0.19799999999999995,0.215],"LeftElbow":[0.3849999999999998,0.6080000000000001,0.057],"RightElbow":[0.44300000000000006,0.16900000000000004,0.282],"LeftWrist":[0.33000000000000007,0.669,0.305],"RightWrist":[0.2450000000000001,0.28900000000000015,0.417],"LeftHand":[0.3410000000000002,0.694,0.382],"RightHand":[0.258,0.32799999999999985,0.489],"LeftFingers":[0.2799999999999998,0.714,0.429],"RightFingers":[0.18900000000000006,0.347,0.53],"Core":[0.3719999999999999,0.27,0.133],"Neck":[0.734,0.3690000000000002,0.169],"Head":[0.8599999999999999,0.44799999999999995,0.245]}}