{"p0":{"LeftToe":[0.8319999999999999,-0.603,0.029],"RightToe":[0.019000000000000128,-0.744,0.069],"LeftHeel":[0.6880000000000002,-0.44199999999999995,0.111],"RightHeel":[0.1589999999999998,-0.607,0.192],"LeftAnkle":[0.7000000000000002,-0.482,0.031],"RightAnkle":[0.09299999999999997,-0.5960000000000001,0.136],"LeftKnee":[0.42200000000000015,-0.15700000000000003,0.063],"RightKnee":[0.027000000000000135,-0.17700000000000005,0.203],"LeftHip":[0.54,0.0950000000000002,0.387],"RightHip":[0.31700000000000017,0.04899999999999993,0.426],"LeftShoulder":[0.33499999999999996,0.6589999999999998,0.487],"RightShoulder":[0.06899999999999995,0.4700000000000002,0.501],"LeftElbow":[0.4830000000000001,0.867,0.347],"RightElbow":[-0.03600000000000003,0.31499999999999995,0.276],"LeftWrist":[0.2290000000000001,0.8620000000000001,0.302],"RightWrist":[-0.12200000000000011,0.387,0.028],"LeftHand":[0.1629999999999998,0.8519999999999999,0.344],"RightHand":[-0.17900000000000005,0.4039999999999999,0.085],"LeftFingers":[0.1070000000000002,0.7970000000000002,0.319],"RightFingers":[-0.252,0.4249999999999998,0.054],"Core":[0.3759999999999999,0.30699999999999994,0.384],"Neck":[0.16400000000000015,0.6190000000000002,0.487],"Head":[0.07200000000000006,0.7469999999999999,0.547]},"p1":{"LeftToe":[0.2509999999999999,-0.45399999999999996,0.1],"RightToe":[0.03399999999999981,-0.6100000000000001,0.17],"LeftHeel":[0.1160000000000001,-0.2709999999999999,0.03],"RightHeel":[-0.03299999999999992,-0.43799999999999994,0.031],"LeftAnkle":[0.1389999999999998,-0.32000000000000006,0.097],"RightAnkle":[0.04599999999999982,-0.4690000000000001,0.058],"LeftKnee":[0.11900000000000022,-0.09800000000000009,0.461],"RightKnee":[0.32600000000000007,-0.21500000000000008,0.257],"LeftHip":[-0.127,0.15700000000000003,0.217],"RightHip":[0.03200000000000003,0.04999999999999982,0.09],"LeftShoulder":[0.1349999999999998,0.6709999999999998,0.179],"RightShoulder":[0.403,0.47699999999999987,0.11],"LeftElbow":[-0.15300000000000002,0.6869999999999998,0.138],"RightElbow":[0.3599999999999999,0.19099999999999984,0.103],"LeftWrist":[-0.04899999999999993,0.5089999999999999,0.293],"RightWrist":[0.5979999999999999,0.07699999999999996,0.053],"LeftHand":[-0.09200000000000008,0.476,0.353],"RightHand":[0.6749999999999998,0.09600000000000009,0.075],"LeftFingers":[-0.05699999999999994,0.4119999999999999,0.39],"RightFingers":[0.6920000000000002,0.08099999999999996,0.153],"Core":[0.06800000000000006,0.31499999999999995,0.116],"Neck":[0.2999999999999998,0.6110000000000002,0.161],"Head":[0.42799999999999994,0.706,0.205]}}