{"p0":{"LeftToe":[0.3330000000000002,-0.127,0.211],"RightToe":[0.7120000000000002,-0.21900000000000008,0.065],"LeftHeel":[0.476,0.020000000000000018,0.312],"RightHeel":[0.7189999999999999,-0.08800000000000008,0.255],"LeftAnkle":[0.44700000000000006,0.015000000000000124,0.225],"RightAnkle":[0.6589999999999998,-0.1160000000000001,0.197],"LeftKnee":[0.6179999999999999,0.3660000000000001,0.05],"RightKnee":[0.2400000000000002,-0.07099999999999995,0.098],"LeftHip":[0.4049999999999998,0.34399999999999986,0.421],"RightHip":[0.23099999999999987,0.19700000000000006,0.432],"LeftShoulder":[0.11900000000000022,0.7999999999999998,0.269],"RightShoulder":[-0.15500000000000003,0.625,0.284],"LeftElbow":[0.2679999999999998,0.9060000000000001,0.046],"RightElbow":[-0.2370000000000001,0.48,0.047],"LeftWrist":[0.0129999999999999,0.9420000000000002,0.043],"RightWrist":[-0.1419999999999999,0.734,0.02],"LeftHand":[-0.06099999999999994,0.9609999999999999,0.064],"RightHand":[-0.1100000000000001,0.794,0.06],"LeftFingers":[-0.123,0.9279999999999999,0.022],"RightFingers":[-0.10299999999999998,0.8660000000000001,0.023],"Core":[0.16100000000000003,0.44700000000000006,0.368],"Neck":[-0.04499999999999993,0.758,0.302],"Head":[-0.16599999999999993,0.8740000000000001,0.292]},"p1":{"LeftToe":[0.5609999999999999,-0.30499999999999994,0.025],"RightToe":[0.5019999999999998,-0.4179999999999999,0.179],"LeftHeel":[0.476,-0.09000000000000008,0.03],"RightHeel":[0.43000000000000016,-0.2250000000000001,0.08],"LeftAnkle":[0.556,-0.1279999999999999,0.047],"RightAnkle":[0.5049999999999999,-0.25,0.121],"LeftKnee":[0.6629999999999998,0.16800000000000015,0.342],"RightKnee":[0.8159999999999998,0.04300000000000015,0.055],"LeftHip":[0.2559999999999998,0.15700000000000003,0.207],"RightHip":[0.43599999999999994,0.246,0.092],"LeftShoulder":[-0.06899999999999995,0.6400000000000001,0.082],"RightShoulder":[0.2490000000000001,0.762,0.139],"LeftElbow":[-0.052000000000000046,0.35199999999999987,0.047],"RightElbow":[0.45199999999999996,0.565,0.065],"LeftWrist":[-0.08699999999999997,0.5710000000000002,0.185],"RightWrist":[0.32200000000000006,0.43999999999999995,0.263],"LeftHand":[-0.1419999999999999,0.629,0.171],"RightHand":[0.3460000000000001,0.4750000000000001,0.332],"LeftFingers":[-0.15700000000000003,0.69,0.219],"RightFingers":[0.3380000000000001,0.43000000000000016,0.399],"Core":[0.21099999999999985,0.3969999999999998,0.1],"Neck":[0.07900000000000018,0.7160000000000002,0.142],"Head":[0.008000000000000007,0.8679999999999999,0.145]}}