{"p0":{"LeftToe":[-1.073,-0.6080000000000001,0.064],"RightToe":[-0.869,-0.4950000000000001,0.209],"LeftHeel":[-0.984,-0.585,0.277],"RightHeel":[-0.8009999999999999,-0.278,0.197],"LeftAnkle":[-0.9550000000000001,-0.569,0.191],"RightAnkle":[-0.8819999999999999,-0.31699999999999995,0.177],"LeftKnee":[-0.627,-0.31800000000000006,0.076],"RightKnee":[-1.032,0.06700000000000017,0.05],"LeftHip":[-0.732,-0.07000000000000006,0.408],"RightHip":[-0.942,0.009999999999999787,0.464],"LeftShoulder":[-0.514,0.45599999999999996,0.301],"RightShoulder":[-0.784,0.552,0.297],"LeftElbow":[-0.272,0.4129999999999998,0.147],"RightElbow":[-0.806,0.7069999999999999,0.052],"LeftWrist":[-0.3979999999999999,0.6429999999999998,0.078],"RightWrist":[-0.556,0.782,0.028],"LeftHand":[-0.40900000000000003,0.6960000000000002,0.02],"RightHand":[-0.48,0.79,0.02],"LeftFingers":[-0.44500000000000006,0.7650000000000001,0.023],"RightFingers":[-0.41900000000000004,0.7400000000000002,0.025],"Core":[-0.7609999999999999,0.19700000000000006,0.4],"Neck":[-0.635,0.5409999999999999,0.39],"Head":[-0.565,0.673,0.323]},"p1":{"LeftToe":[-0.998,-0.7509999999999999,0.031],"RightToe":[-0.5569999999999999,-0.581,0.044],"LeftHeel":[-0.938,-0.5269999999999999,0.03],"RightHeel":[-0.5349999999999999,-0.355,0.03],"LeftAnkle":[-0.9750000000000001,-0.5820000000000001,0.094],"RightAnkle":[-0.524,-0.41100000000000003,0.103],"LeftKnee":[-0.988,-0.2789999999999999,0.402],"RightKnee":[-0.43199999999999994,-0.2569999999999999,0.497],"LeftHip":[-0.8180000000000001,0.0259999999999998,0.148],"RightHip":[-0.5940000000000001,-0.02299999999999991,0.179],"LeftShoulder":[-0.7170000000000001,0.601,0.117],"RightShoulder":[-0.41300000000000003,0.5190000000000001,0.12],"LeftElbow":[-0.7050000000000001,0.8570000000000002,0.255],"RightElbow":[-0.345,0.5960000000000001,0.391],"LeftWrist":[-0.4750000000000001,0.8799999999999999,0.398],"RightWrist":[-0.3540000000000001,0.831,0.28],"LeftHand":[-0.42300000000000004,0.8530000000000002,0.454],"RightHand":[-0.357,0.851,0.201],"LeftFingers":[-0.45300000000000007,0.8500000000000001,0.53],"RightFingers":[-0.3620000000000001,0.9329999999999998,0.188],"Core":[-0.6519999999999999,0.23399999999999999,0.115],"Neck":[-0.548,0.6230000000000002,0.088],"Head":[-0.484,0.7669999999999999,0.125]}}