{"p0":{"LeftToe":[-0.02299999999999991,0.2410000000000001,0.025],"RightToe":[-0.7010000000000001,0.2639999999999998,0.025],"LeftHeel":[-0.2450000000000001,0.18100000000000005,0.033],"RightHeel":[-0.647,0.34399999999999986,0.236],"LeftAnkle":[-0.18700000000000006,0.20500000000000007,0.097],"RightAnkle":[-0.647,0.3799999999999999,0.154],"LeftKnee":[-0.0029999999999998916,0.3839999999999999,0.445],"RightKnee":[-0.54,0.7829999999999999,0.05],"LeftHip":[-0.42900000000000005,0.33999999999999986,0.425],"RightHip":[-0.552,0.5339999999999998,0.404],"LeftShoulder":[-0.052000000000000046,0.4820000000000002,0.786],"RightShoulder":[-0.1160000000000001,0.7919999999999998,0.681],"LeftElbow":[-0.29899999999999993,0.33499999999999996,0.731],"RightElbow":[-0.3540000000000001,0.7490000000000001,0.523],"LeftWrist":[-0.15900000000000003,0.45599999999999996,0.536],"RightWrist":[-0.19700000000000006,0.5859999999999999,0.391],"LeftHand":[-0.10699999999999998,0.508,0.505],"RightHand":[-0.11699999999999999,0.5840000000000001,0.378],"LeftFingers":[-0.1379999999999999,0.5819999999999999,0.487],"RightFingers":[-0.07699999999999996,0.5179999999999998,0.36],"Core":[-0.371,0.5350000000000001,0.605],"Neck":[-0.03299999999999992,0.6549999999999998,0.757],"Head":[0.133,0.6520000000000001,0.756]},"p1":{"LeftToe":[-0.4770000000000001,0.17399999999999993,0.887],"RightToe":[-0.258,-0.1419999999999999,0.047],"LeftHeel":[-0.45399999999999996,0.10899999999999999,0.669],"RightHeel":[-0.08499999999999996,0.01200000000000001,0.03],"LeftAnkle":[-0.4179999999999999,0.18100000000000005,0.714],"RightAnkle":[-0.14300000000000002,-0.0129999999999999,0.091],"LeftKnee":[-0.21100000000000008,0.5,0.511],"RightKnee":[-0.07800000000000007,0.137,0.488],"LeftHip":[-0.052000000000000046,0.43900000000000006,0.114],"RightHip":[0.09399999999999986,0.258,0.115],"LeftShoulder":[0.4039999999999999,0.7869999999999999,0.236],"RightShoulder":[0.46899999999999986,0.5230000000000001,0.368],"LeftElbow":[0.31700000000000017,0.9950000000000001,0.052],"RightElbow":[0.5630000000000002,0.28200000000000003,0.242],"LeftWrist":[0.1070000000000002,0.8279999999999998,0.028],"RightWrist":[0.41900000000000004,0.2759999999999998,0.022],"LeftHand":[0.039000000000000146,0.806,0.066],"RightHand":[0.363,0.22999999999999998,0.052],"LeftFingers":[-0.014999999999999902,0.7650000000000001,0.021],"RightFingers":[0.31300000000000017,0.18199999999999994,0.02],"Core":[0.21099999999999985,0.5,0.1],"Neck":[0.46899999999999986,0.6960000000000002,0.371],"Head":[0.41800000000000015,0.7669999999999999,0.51]}}