{"p0":{"LeftToe":[0.8500000000000001,-0.7190000000000001,0.025],"RightToe":[0.20800000000000018,-0.014000000000000012,0.026],"LeftHeel":[0.6749999999999998,-0.865,0.038],"RightHeel":[0.23099999999999987,-0.2410000000000001,0.03],"LeftAnkle":[0.7130000000000001,-0.8109999999999999,0.1],"RightAnkle":[0.2360000000000002,-0.17799999999999994,0.097],"LeftKnee":[0.8180000000000001,-0.5840000000000001,0.438],"RightKnee":[0.31400000000000006,-0.30000000000000004,0.494],"LeftHip":[0.625,-0.5820000000000001,0.835],"RightHip":[0.4049999999999998,-0.6180000000000001,0.787],"LeftShoulder":[0.5249999999999999,-0.03499999999999992,0.953],"RightShoulder":[0.20800000000000018,-0.131,0.987],"LeftElbow":[0.685,-0.20599999999999996,0.781],"RightElbow":[0.06999999999999984,-0.238,0.759],"LeftWrist":[0.5510000000000002,-0.1120000000000001,0.576],"RightWrist":[0.052999999999999936,-0.09499999999999997,0.532],"LeftHand":[0.5369999999999999,-0.03600000000000003,0.561],"RightHand":[0.028000000000000025,-0.02200000000000002,0.525],"LeftFingers":[0.4780000000000002,-0.0040000000000000036,0.52],"RightFingers":[0.03299999999999992,0.020000000000000018,0.458],"Core":[0.4580000000000002,-0.3959999999999999,0.932],"Neck":[0.3530000000000002,-0.03600000000000003,0.998],"Head":[0.30699999999999994,0.12199999999999989,1.024]},"p1":{"LeftToe":[0.03299999999999992,0.0129999999999999,0.025],"RightToe":[0.41400000000000015,0.1629999999999998,0.033],"LeftHeel":[-0.03499999999999992,0.23499999999999988,0.03],"RightHeel":[0.274,0.34799999999999986,0.03],"LeftAnkle":[-0.0029999999999998916,0.17499999999999982,0.087],"RightAnkle":[0.34399999999999986,0.31999999999999984,0.077],"LeftKnee":[-0.17500000000000004,0.4049999999999998,0.39],"RightKnee":[0.3919999999999999,0.6179999999999999,0.365],"LeftHip":[-0.12400000000000011,0.7400000000000002,0.106],"RightHip":[0.09799999999999986,0.7890000000000001,0.09],"LeftShoulder":[-0.14700000000000002,0.7629999999999999,0.636],"RightShoulder":[0.1589999999999998,0.8660000000000001,0.641],"LeftElbow":[-0.2809999999999999,0.6640000000000001,0.396],"RightElbow":[0.347,0.8260000000000001,0.425],"LeftWrist":[-0.2430000000000001,0.40700000000000003,0.366],"RightWrist":[0.4129999999999998,0.5670000000000002,0.412],"LeftHand":[-0.262,0.33199999999999985,0.388],"RightHand":[0.43500000000000005,0.4889999999999999,0.42],"LeftFingers":[-0.21300000000000008,0.2709999999999999,0.394],"RightFingers":[0.44099999999999984,0.44300000000000006,0.357],"Core":[-0.016999999999999904,0.883,0.312],"Neck":[0.01200000000000001,0.794,0.705],"Head":[0.04700000000000015,0.7280000000000002,0.849]}}