{"p0":{"LeftToe":[0.24400000000000022,0.6000000000000001,0.025],"RightToe":[0.8490000000000002,-0.1299999999999999,0.028],"LeftHeel":[0.4700000000000002,0.5750000000000002,0.041],"RightHeel":[1.033,0.01100000000000012,0.031],"LeftAnkle":[0.40600000000000014,0.5760000000000001,0.101],"RightAnkle":[0.9670000000000001,-0.008000000000000007,0.09],"LeftKnee":[0.3250000000000002,0.5169999999999999,0.519],"RightKnee":[0.7010000000000001,-0.062000000000000055,0.424],"LeftHip":[0.6000000000000001,0.3450000000000002,0.805],"RightHip":[0.6600000000000001,0.125,0.81],"LeftShoulder":[0.32699999999999996,0.46399999999999997,1.205],"RightShoulder":[0.2549999999999999,0.13099999999999978,1.224],"LeftElbow":[0.06199999999999983,0.5230000000000001,1.096],"RightElbow":[0.29499999999999993,0.09600000000000009,0.94],"LeftWrist":[-0.12200000000000011,0.5960000000000001,1.282],"RightWrist":[0.07299999999999995,0.20400000000000018,1.027],"LeftHand":[-0.19300000000000006,0.5880000000000001,1.321],"RightHand":[0.028999999999999915,0.22199999999999998,1.094],"LeftFingers":[-0.22999999999999998,0.5150000000000001,1.311],"RightFingers":[-0.04699999999999993,0.2509999999999999,1.083],"Core":[0.5630000000000002,0.2250000000000001,1.043],"Neck":[0.2839999999999998,0.30299999999999994,1.255],"Head":[0.14900000000000002,0.3380000000000001,1.347]},"p1":{"LeftToe":[-0.21999999999999997,0.21399999999999997,0.026],"RightToe":[-0.41500000000000004,1.1309999999999998,0.028],"LeftHeel":[-0.389,0.3660000000000001,0.03],"RightHeel":[-0.647,1.1440000000000001,0.03],"LeftAnkle":[-0.33499999999999996,0.3370000000000002,0.097],"RightAnkle":[-0.5820000000000001,1.124,0.091],"LeftKnee":[-0.30800000000000005,0.3889999999999998,0.525],"RightKnee":[-0.30899999999999994,0.9319999999999999,0.359],"LeftHip":[-0.532,0.6699999999999999,0.764],"RightHip":[-0.43900000000000006,0.8809999999999998,0.763],"LeftShoulder":[-0.31200000000000006,0.46399999999999997,1.186],"RightShoulder":[-0.129,0.738,1.21],"LeftElbow":[-0.3799999999999999,0.22999999999999998,1.029],"RightElbow":[-0.258,0.9100000000000001,1.018],"LeftWrist":[-0.11499999999999999,0.2559999999999998,1.05],"RightWrist":[-0.15300000000000002,0.6800000000000002,0.949],"LeftHand":[-0.08000000000000007,0.23099999999999987,1.119],"RightHand":[-0.123,0.6230000000000002,0.999],"LeftFingers":[-0.0029999999999998916,0.22100000000000009,1.129],"RightFingers":[-0.08600000000000008,0.5590000000000002,0.966],"Core":[-0.43799999999999994,0.758,1.002],"Neck":[-0.19399999999999995,0.5790000000000002,1.236],"Head":[-0.1080000000000001,0.4700000000000002,1.322]}}