{"p0":{"LeftToe":[-0.008000000000000007,-0.6399999999999999,0.025],"RightToe":[-0.3799999999999999,-0.3520000000000001,0.026],"LeftHeel":[-0.004999999999999893,-0.4870000000000001,0.199],"RightHeel":[-0.2689999999999999,-0.244,0.192],"LeftAnkle":[0.04700000000000015,-0.5049999999999999,0.131],"RightAnkle":[-0.29600000000000004,-0.21399999999999997,0.11],"LeftKnee":[0.3650000000000002,-0.22599999999999998,0.05],"RightKnee":[-0.21799999999999997,0.20299999999999985,0.05],"LeftHip":[0.11500000000000021,-0.15799999999999992,0.396],"RightHip":[-0.07000000000000006,-0.018000000000000016,0.389],"LeftShoulder":[0.5,0.24299999999999988,0.513],"RightShoulder":[0.2639999999999998,0.45299999999999985,0.463],"LeftElbow":[0.5499999999999998,-0.040999999999999925,0.492],"RightElbow":[0.2610000000000001,0.641,0.242],"LeftWrist":[0.44099999999999984,0.10599999999999987,0.295],"RightWrist":[0.30100000000000016,0.7799999999999998,0.023],"LeftHand":[0.3999999999999999,0.16800000000000015,0.286],"RightHand":[0.35199999999999987,0.831,0.059],"LeftFingers":[0.387,0.2280000000000002,0.241],"RightFingers":[0.3969999999999998,0.8860000000000001,0.026],"Core":[0.1589999999999998,0.09699999999999998,0.471],"Neck":[0.4169999999999998,0.39400000000000013,0.518],"Head":[0.5209999999999999,0.5190000000000001,0.504]},"p1":{"LeftToe":[0.9220000000000002,-0.7549999999999999,0.025],"RightToe":[0.6400000000000001,-0.929,0.025],"LeftHeel":[0.8999999999999999,-0.563,0.145],"RightHeel":[0.5939999999999999,-0.79,0.202],"LeftAnkle":[0.9140000000000001,-0.575,0.054],"RightAnkle":[0.5830000000000002,-0.784,0.115],"LeftKnee":[0.887,-0.1439999999999999,0.058],"RightKnee":[0.4089999999999998,-0.3939999999999999,0.05],"LeftHip":[0.7559999999999998,-0.355,0.411],"RightHip":[0.5299999999999998,-0.33699999999999997,0.461],"LeftShoulder":[0.7730000000000001,0.18400000000000016,0.185],"RightShoulder":[0.492,0.22299999999999986,0.336],"LeftElbow":[0.903,-0.03600000000000003,0.053],"RightElbow":[0.3889999999999998,0.03299999999999992,0.532],"LeftWrist":[0.8740000000000001,0.2290000000000001,0.025],"RightWrist":[0.1629999999999998,0.1280000000000001,0.609],"LeftHand":[0.8679999999999999,0.2959999999999998,0.068],"RightHand":[0.09699999999999998,0.16699999999999982,0.601],"LeftFingers":[0.8730000000000002,0.3679999999999999,0.04],"RightFingers":[0.07699999999999996,0.20699999999999985,0.537],"Core":[0.6520000000000001,-0.10699999999999998,0.382],"Neck":[0.6509999999999998,0.26900000000000013,0.273],"Head":[0.5979999999999999,0.4159999999999999,0.218]}}