{"p0":{"LeftToe":[0.4089999999999998,0.47699999999999987,0.025],"RightToe":[0.7679999999999998,-0.006999999999999895,0.03],"LeftHeel":[0.2879999999999998,0.3889999999999998,0.197],"RightHeel":[0.6680000000000001,0.01399999999999979,0.235],"LeftAnkle":[0.262,0.42300000000000004,0.119],"RightAnkle":[0.6739999999999999,-0.05699999999999994,0.177],"LeftKnee":[-0.15999999999999992,0.3639999999999999,0.05],"RightKnee":[0.2909999999999999,-0.21700000000000008,0.06],"LeftHip":[0.20299999999999985,0.29700000000000015,0.266],"RightHip":[0.32200000000000006,0.1120000000000001,0.331],"LeftShoulder":[-0.2509999999999999,0.2909999999999999,0.497],"RightShoulder":[-0.20199999999999996,-0.018000000000000016,0.623],"LeftElbow":[-0.3460000000000001,0.3769999999999998,0.234],"RightElbow":[0.06499999999999995,-0.137,0.644],"LeftWrist":[-0.484,0.42200000000000015,0.02],"RightWrist":[0.07900000000000018,-0.07299999999999995,0.382],"LeftHand":[-0.524,0.4790000000000001,0.06],"RightHand":[0.04400000000000004,-0.008000000000000007,0.345],"LeftFingers":[-0.5780000000000001,0.5249999999999999,0.022],"RightFingers":[-0.028000000000000025,0.015000000000000124,0.375],"Core":[0.08099999999999996,0.1379999999999999,0.444],"Neck":[-0.276,0.1299999999999999,0.562],"Head":[-0.43199999999999994,0.0950000000000002,0.528]},"p1":{"LeftToe":[0.9369999999999998,-0.2849999999999999,0.025],"RightToe":[0.758,-0.629,0.053],"LeftHeel":[0.778,-0.22199999999999998,0.183],"RightHeel":[0.6560000000000001,-0.571,0.248],"LeftAnkle":[0.794,-0.20799999999999996,0.097],"RightAnkle":[0.6219999999999999,-0.581,0.163],"LeftKnee":[0.45999999999999996,0.06099999999999994,0.081],"RightKnee":[0.20599999999999996,-0.615,0.05],"LeftHip":[0.42399999999999993,-0.18500000000000005,0.434],"RightHip":[0.3849999999999998,-0.401,0.375],"LeftShoulder":[-0.10499999999999998,-0.09000000000000008,0.516],"RightShoulder":[-0.11299999999999999,-0.07400000000000007,0.171],"LeftElbow":[0.10000000000000009,0.09100000000000019,0.618],"RightElbow":[-0.133,0.20699999999999985,0.23],"LeftWrist":[0.04300000000000015,0.31300000000000017,0.493],"RightWrist":[0.04599999999999982,0.31499999999999995,0.399],"LeftHand":[0.015000000000000124,0.3250000000000002,0.421],"RightHand":[0.09299999999999997,0.3250000000000002,0.466],"LeftFingers":[0.008000000000000007,0.27300000000000013,0.363],"RightFingers":[0.09100000000000019,0.266,0.522],"Core":[0.17899999999999983,-0.23399999999999999,0.33],"Neck":[-0.1419999999999999,-0.06099999999999994,0.346],"Head":[-0.22199999999999998,0.07200000000000006,0.406]}}