{"p0":{"LeftToe":[-0.44399999999999995,-0.20399999999999996,0.025],"RightToe":[-0.9410000000000001,0.23499999999999988,0.043],"LeftHeel":[-0.3480000000000001,-0.09000000000000008,0.197],"RightHeel":[-0.798,0.22299999999999986,0.224],"LeftAnkle":[-0.31400000000000006,-0.1160000000000001,0.119],"RightAnkle":[-0.8009999999999999,0.2719999999999998,0.15],"LeftKnee":[0.08000000000000007,0.041999999999999815,0.05],"RightKnee":[-0.46199999999999997,0.5150000000000001,0.052],"LeftHip":[-0.29000000000000004,0.019000000000000128,0.264],"RightHip":[-0.44700000000000006,0.17799999999999994,0.323],"LeftShoulder":[0.15200000000000014,0.1379999999999999,0.5],"RightShoulder":[0.020000000000000018,0.42700000000000005,0.623],"LeftElbow":[0.28100000000000014,0.09600000000000009,0.243],"RightElbow":[-0.2430000000000001,0.544,0.648],"LeftWrist":[0.40600000000000014,0.06300000000000017,0.02],"RightWrist":[-0.29899999999999993,0.7719999999999998,0.509],"LeftHand":[0.46099999999999985,0.016999999999999904,0.06],"RightHand":[-0.2729999999999999,0.839,0.468],"LeftFingers":[0.5259999999999998,-0.014000000000000012,0.022],"RightFingers":[-0.21599999999999997,0.8210000000000002,0.411],"Core":[-0.20900000000000007,0.20100000000000007,0.443],"Neck":[0.1299999999999999,0.30200000000000005,0.564],"Head":[0.2799999999999998,0.367,0.528]},"p1":{"LeftToe":[-1.135,0.4079999999999999,0.026],"RightToe":[-1.01,0.7130000000000001,0.025],"LeftHeel":[-0.97,0.3849999999999998,0.183],"RightHeel":[-0.938,0.6760000000000002,0.238],"LeftAnkle":[-0.972,0.3610000000000002,0.095],"RightAnkle":[-0.897,0.7170000000000001,0.168],"LeftKnee":[-0.6020000000000001,0.14500000000000002,0.05],"RightKnee":[-0.5089999999999999,0.8620000000000001,0.052],"LeftHip":[-0.653,0.41000000000000014,0.383],"RightHip":[-0.704,0.6299999999999999,0.354],"LeftShoulder":[-0.1140000000000001,0.44799999999999995,0.515],"RightShoulder":[-0.14100000000000001,0.7770000000000001,0.478],"LeftElbow":[-0.2509999999999999,0.22299999999999986,0.631],"RightElbow":[-0.02400000000000002,0.875,0.233],"LeftWrist":[-0.1279999999999999,0.041999999999999815,0.493],"RightWrist":[0.14400000000000013,0.851,0.021],"LeftHand":[-0.09800000000000009,0.03699999999999992,0.421],"RightHand":[0.20699999999999985,0.8279999999999998,0.064],"LeftFingers":[-0.10299999999999998,0.08999999999999986,0.363],"RightFingers":[0.27700000000000014,0.815,0.026],"Core":[-0.44300000000000006,0.5760000000000001,0.398],"Neck":[-0.08099999999999996,0.617,0.5],"Head":[0.08099999999999996,0.5790000000000002,0.513]}}