{"p0":{"LeftToe":[0.18299999999999983,-0.44500000000000006,0.025],"RightToe":[-0.4790000000000001,-0.3959999999999999,0.043],"LeftHeel":[0.18999999999999995,-0.29600000000000004,0.197],"RightHeel":[-0.357,-0.31899999999999995,0.225],"LeftAnkle":[0.2330000000000001,-0.29699999999999993,0.119],"RightAnkle":[-0.3899999999999999,-0.2849999999999999,0.15],"LeftKnee":[0.45199999999999996,0.06800000000000006,0.05],"RightKnee":[-0.2649999999999999,0.11100000000000021,0.05],"LeftHip":[0.16999999999999993,-0.17500000000000004,0.264],"RightHip":[-0.052999999999999936,-0.14300000000000002,0.321],"LeftShoulder":[0.44300000000000006,0.19099999999999984,0.512],"RightShoulder":[0.16199999999999992,0.3330000000000002,0.63],"LeftElbow":[0.5760000000000001,0.2250000000000001,0.254],"RightElbow":[-0.08000000000000007,0.17200000000000015,0.654],"LeftWrist":[0.6429999999999998,0.3250000000000002,0.02],"RightWrist":[-0.04899999999999993,0.10599999999999987,0.397],"LeftHand":[0.702,0.3700000000000001,0.047],"RightHand":[0.008999999999999897,0.1339999999999999,0.351],"LeftFingers":[0.734,0.43599999999999994,0.02],"RightFingers":[0.08700000000000019,0.11100000000000021,0.363],"Core":[0.12300000000000022,0.019000000000000128,0.443],"Neck":[0.33199999999999985,0.30600000000000005,0.59],"Head":[0.41400000000000015,0.4460000000000002,0.627]},"p1":{"LeftToe":[-0.708,-0.28,0.025],"RightToe":[-0.8300000000000001,-0.05499999999999994,0.025],"LeftHeel":[-0.563,-0.20999999999999996,0.185],"RightHeel":[-0.7509999999999999,-0.040000000000000036,0.238],"LeftAnkle":[-0.554,-0.242,0.104],"RightAnkle":[-0.742,0.016999999999999904,0.168],"LeftKnee":[-0.1299999999999999,-0.2709999999999999,0.056],"RightKnee":[-0.52,0.3690000000000002,0.05],"LeftHip":[-0.3560000000000001,-0.06699999999999995,0.357],"RightHip":[-0.52,0.0950000000000002,0.378],"LeftShoulder":[0.07699999999999996,0.2650000000000001,0.528],"RightShoulder":[-0.1299999999999999,0.516,0.457],"LeftElbow":[0.016999999999999904,-0.006999999999999895,0.601],"RightElbow":[-0.21999999999999997,0.5249999999999999,0.182],"LeftWrist":[0.2549999999999999,-0.04600000000000004,0.499],"RightWrist":[-0.030000000000000027,0.6240000000000001,0.02],"LeftHand":[0.3039999999999998,-0.04400000000000004,0.432],"RightHand":[0.015000000000000124,0.6819999999999999,0.056],"LeftFingers":[0.2759999999999998,-0.006000000000000005,0.366],"RightFingers":[0.07600000000000007,0.7189999999999999,0.021],"Core":[-0.2689999999999999,0.17799999999999994,0.425],"Neck":[0.020000000000000018,0.43000000000000016,0.498],"Head":[0.16500000000000004,0.508,0.507]}}