{"p0":{"LeftToe":[-0.43399999999999994,1.049,0.037],"RightToe":[0.2570000000000001,0.9849999999999999,0.163],"LeftHeel":[-0.359,0.9710000000000001,0.242],"RightHeel":[0.07600000000000007,1.0419999999999998,0.299],"LeftAnkle":[-0.397,0.9359999999999999,0.171],"RightAnkle":[0.1280000000000001,0.9710000000000001,0.286],"LeftKnee":[-0.4099999999999999,0.524,0.057],"RightKnee":[0.07600000000000007,0.56,0.39],"LeftHip":[-0.3480000000000001,0.379,0.459],"RightHip":[-0.242,0.44499999999999984,0.655],"LeftShoulder":[-0.31000000000000005,-0.15700000000000003,0.486],"RightShoulder":[-0.07699999999999996,-0.10699999999999998,0.708],"LeftElbow":[-0.2749999999999999,-0.274,0.226],"RightElbow":[0.19300000000000006,-0.010000000000000009,0.767],"LeftWrist":[-0.18399999999999994,-0.45300000000000007,0.058],"RightWrist":[0.1349999999999998,-0.006999999999999895,0.504],"LeftHand":[-0.20100000000000007,-0.53,0.067],"RightHand":[0.08700000000000019,-0.0129999999999999,0.44],"LeftFingers":[-0.18599999999999994,-0.591,0.021],"RightFingers":[0.007000000000000117,-0.004999999999999893,0.442],"Core":[-0.29899999999999993,0.18100000000000005,0.639],"Neck":[-0.19799999999999995,-0.18700000000000006,0.614],"Head":[-0.15500000000000003,-0.3400000000000001,0.649]},"p1":{"LeftToe":[0.9910000000000001,-0.10200000000000009,0.026],"RightToe":[0.21099999999999985,-0.20999999999999996,0.026],"LeftHeel":[0.8250000000000002,-0.21199999999999997,0.136],"RightHeel":[0.029999999999999805,-0.16199999999999992,0.161],"LeftAnkle":[0.8460000000000001,-0.123,0.131],"RightAnkle":[0.06099999999999994,-0.135,0.083],"LeftKnee":[0.5209999999999999,0.040999999999999925,0.356],"RightKnee":[-0.2749999999999999,0.1299999999999999,0.092],"LeftHip":[0.19399999999999995,-0.2410000000000001,0.364],"RightHip":[0.004999999999999893,-0.1519999999999999,0.262],"LeftShoulder":[0.121,0.15300000000000002,0.754],"RightShoulder":[-0.18399999999999994,0.18800000000000017,0.579],"LeftElbow":[0.21899999999999986,0.3719999999999999,0.595],"RightElbow":[-0.16599999999999993,0.2200000000000002,0.293],"LeftWrist":[0.02400000000000002,0.5379999999999998,0.569],"RightWrist":[-0.3919999999999999,0.3460000000000001,0.214],"LeftHand":[-0.020999999999999908,0.6019999999999999,0.556],"RightHand":[-0.47,0.3690000000000002,0.226],"LeftFingers":[-0.08400000000000007,0.593,0.504],"RightFingers":[-0.48,0.44899999999999984,0.234],"Core":[0.017999999999999794,-0.1200000000000001,0.53],"Neck":[-0.028999999999999915,0.17300000000000004,0.661],"Head":[-0.09800000000000009,0.2959999999999998,0.75]}}