{"p0":{"LeftToe":[-0.48,0.3639999999999999,0.025],"RightToe":[0.08899999999999997,-0.6220000000000001,0.027],"LeftHeel":[-0.25,0.33499999999999996,0.03],"RightHeel":[0.2370000000000001,-0.44900000000000007,0.03],"LeftAnkle":[-0.31000000000000005,0.3700000000000001,0.09],"RightAnkle":[0.16699999999999982,-0.4690000000000001,0.083],"LeftKnee":[-0.07699999999999996,0.45100000000000007,0.445],"RightKnee":[0.009999999999999787,-0.23399999999999999,0.41],"LeftHip":[0.2490000000000001,0.2599999999999998,0.245],"RightHip":[0.28100000000000014,0.03600000000000003,0.215],"LeftShoulder":[-0.04499999999999993,0.2869999999999999,0.599],"RightShoulder":[-0.004999999999999893,-0.0040000000000000036,0.706],"LeftElbow":[-0.18399999999999994,0.3460000000000001,0.35],"RightElbow":[-0.040999999999999925,-0.09200000000000008,0.432],"LeftWrist":[-0.2929999999999999,0.11399999999999988,0.373],"RightWrist":[-0.20100000000000007,0.05500000000000016,0.269],"LeftHand":[-0.2529999999999999,0.04800000000000004,0.363],"RightHand":[-0.254,0.11100000000000021,0.254],"LeftFingers":[-0.266,-0.016000000000000014,0.409],"RightFingers":[-0.27,0.17499999999999982,0.303],"Core":[0.2599999999999998,0.11500000000000021,0.474],"Neck":[-0.016000000000000014,0.17099999999999982,0.729],"Head":[-0.1519999999999999,0.14800000000000013,0.825]},"p1":{"LeftToe":[-0.6279999999999999,0.09299999999999997,0.057],"RightToe":[-0.43100000000000005,-0.19900000000000007,0.195],"LeftHeel":[-0.4059999999999999,0.14500000000000002,0.057],"RightHeel":[-0.2609999999999999,-0.21199999999999997,0.044],"LeftAnkle":[-0.4650000000000001,0.129,0.127],"RightAnkle":[-0.262,-0.18199999999999994,0.131],"LeftKnee":[-0.20700000000000007,0.21799999999999997,0.463],"RightKnee":[-0.09299999999999997,0,0.484],"LeftHip":[0.0030000000000001137,0.21099999999999985,0.09],"RightHip":[0.07799999999999985,-0.008999999999999897,0.09],"LeftShoulder":[0.5699999999999998,0.39400000000000013,0.08],"RightShoulder":[0.617,0.07100000000000017,0.08],"LeftElbow":[0.5,0.673,0.097],"RightElbow":[0.43599999999999994,-0.15799999999999992,0.098],"LeftWrist":[0.5979999999999999,0.5329999999999999,0.297],"RightWrist":[0.6920000000000002,-0.07699999999999996,0.068],"LeftHand":[0.6349999999999998,0.4860000000000002,0.353],"RightHand":[0.766,-0.06000000000000005,0.091],"LeftFingers":[0.6160000000000001,0.40700000000000003,0.361],"RightFingers":[0.7810000000000001,-0.026000000000000023,0.16],"Core":[0.2679999999999998,0.18500000000000005,0.103],"Neck":[0.6440000000000001,0.242,0.113],"Head":[0.8010000000000002,0.2559999999999998,0.156]}}