{"p0":{"LeftToe":[1.572,-0.482,0.041],"RightToe":[1.1139999999999999,-0.9630000000000001,0.026],"LeftHeel":[1.447,-0.3580000000000001,0.188],"RightHeel":[1.1309999999999998,-0.7849999999999999,0.169],"LeftAnkle":[1.4249999999999998,-0.42100000000000004,0.127],"RightAnkle":[1.064,-0.815,0.113],"LeftKnee":[1.0019999999999998,-0.4630000000000001,0.052],"RightKnee":[0.6560000000000001,-0.6839999999999999,0.096],"LeftHip":[0.802,-0.1519999999999999,0.274],"RightHip":[0.73,-0.3540000000000001,0.361],"LeftShoulder":[0.35199999999999987,0.15799999999999992,0.31],"RightShoulder":[0.21799999999999997,-0.07600000000000007,0.505],"LeftElbow":[0.32600000000000007,0.041999999999999815,0.045],"RightElbow":[0.30900000000000016,-0.2849999999999999,0.325],"LeftWrist":[0.129,-0.14700000000000002,0.025],"RightWrist":[0.1259999999999999,-0.20199999999999996,0.157],"LeftHand":[0.07600000000000007,-0.19199999999999995,0.069],"RightHand":[0.0990000000000002,-0.16900000000000004,0.086],"LeftFingers":[0.08199999999999985,-0.18700000000000006,0.147],"RightFingers":[0.1469999999999998,-0.17999999999999994,0.02],"Core":[0.5569999999999999,-0.1459999999999999,0.38],"Neck":[0.24800000000000022,0.07399999999999984,0.419],"Head":[0.10199999999999987,0.14800000000000013,0.427]},"p1":{"LeftToe":[0.2559999999999998,-0.7509999999999999,0.06],"RightToe":[0.41500000000000004,-0.849,0.032],"LeftHeel":[0.13600000000000012,-0.552,0.083],"RightHeel":[0.27700000000000014,-0.6679999999999999,0.034],"LeftAnkle":[0.21799999999999997,-0.581,0.103],"RightAnkle":[0.355,-0.683,0.075],"LeftKnee":[0.5129999999999999,-0.31200000000000006,0.26],"RightKnee":[0.544,-0.30000000000000004,0.05],"LeftHip":[0.16599999999999993,-0.06299999999999994,0.318],"RightHip":[0.18299999999999983,-0.06800000000000006,0.09],"LeftShoulder":[0.17300000000000004,0.5110000000000001,0.364],"RightShoulder":[0.3660000000000001,0.46899999999999986,0.096],"LeftElbow":[0.262,0.258,0.47],"RightElbow":[0.5419999999999998,0.2360000000000002,0.1],"LeftWrist":[0.4990000000000001,0.14000000000000012,0.425],"RightWrist":[0.5920000000000001,0.052999999999999936,0.279],"LeftHand":[0.5680000000000001,0.129,0.461],"RightHand":[0.6360000000000001,0.05699999999999994,0.347],"LeftFingers":[0.6200000000000001,0.07500000000000018,0.427],"RightFingers":[0.6459999999999999,-0.008000000000000007,0.393],"Core":[0.16199999999999992,0.17899999999999983,0.197],"Neck":[0.28900000000000015,0.5419999999999998,0.236],"Head":[0.40200000000000014,0.6309999999999998,0.32]}}