{"p0":{"LeftToe":[-0.748,-0.655,0.025],"RightToe":[0.17300000000000004,-0.776,0.18],"LeftHeel":[-0.661,-0.43900000000000006,0.03],"RightHeel":[0.053999999999999826,-0.593,0.104],"LeftAnkle":[-0.667,-0.5069999999999999,0.082],"RightAnkle":[0.11900000000000022,-0.6080000000000001,0.16],"LeftKnee":[-0.45999999999999996,-0.2290000000000001,0.329],"RightKnee":[0.1160000000000001,-0.19399999999999995,0.266],"LeftHip":[-0.391,0.1299999999999999,0.107],"RightHip":[-0.16999999999999993,0.07200000000000006,0.091],"LeftShoulder":[-0.27,0.19399999999999995,0.606],"RightShoulder":[0.005999999999999783,0.3570000000000002,0.532],"LeftElbow":[-0.43700000000000006,0.03699999999999992,0.424],"RightElbow":[0.19499999999999984,0.18000000000000016,0.399],"LeftWrist":[-0.31000000000000005,-0.19199999999999995,0.424],"RightWrist":[0.04800000000000004,-0.02200000000000002,0.294],"LeftHand":[-0.2609999999999999,-0.2509999999999999,0.453],"RightHand":[0.08899999999999997,-0.08699999999999997,0.301],"LeftFingers":[-0.19399999999999995,-0.2689999999999999,0.408],"RightFingers":[0.06800000000000006,-0.16199999999999992,0.305],"Core":[-0.2230000000000001,0.2839999999999998,0.251],"Neck":[-0.1100000000000001,0.2629999999999999,0.626],"Head":[-0.020000000000000018,0.19099999999999984,0.744]},"p1":{"LeftToe":[0.73,0,0.025],"RightToe":[0.04400000000000004,0.5760000000000001,0.119],"LeftHeel":[0.5659999999999998,0.1589999999999998,0.03],"RightHeel":[-0.14100000000000001,0.45699999999999985,0.048],"LeftAnkle":[0.56,0.06700000000000017,0.034],"RightAnkle":[-0.07400000000000007,0.44200000000000017,0.103],"LeftKnee":[0.31800000000000006,-0.29200000000000004,0.05],"RightKnee":[0.020999999999999908,0.10899999999999999,0.357],"LeftHip":[-0.10899999999999999,-0.32000000000000006,0.104],"RightHip":[-0.21100000000000008,-0.246,0.296],"LeftShoulder":[0.363,-0.516,0.269],"RightShoulder":[0.28500000000000014,-0.44999999999999996,0.579],"LeftElbow":[0.17399999999999993,-0.5109999999999999,0.051],"RightElbow":[0.07699999999999996,-0.2529999999999999,0.522],"LeftWrist":[0.05799999999999983,-0.3320000000000001,0.196],"RightWrist":[0.041999999999999815,-0.11699999999999999,0.288],"LeftHand":[0.1070000000000002,-0.31400000000000006,0.254],"RightHand":[0.08599999999999985,-0.06899999999999995,0.241],"LeftFingers":[0.08899999999999997,-0.268,0.315],"RightFingers":[0.129,-0.09299999999999997,0.181],"Core":[0.019000000000000128,-0.389,0.331],"Neck":[0.355,-0.528,0.44],"Head":[0.516,-0.5,0.471]}}