{"p0":{"LeftToe":[0.6309999999999998,0.6619999999999999,0.025],"RightToe":[-0.20300000000000007,0.32699999999999996,0.025],"LeftHeel":[0.7280000000000002,0.516,0.178],"RightHeel":[0.02499999999999991,0.30500000000000016,0.03],"LeftAnkle":[0.653,0.5699999999999998,0.181],"RightAnkle":[-0.03699999999999992,0.32299999999999995,0.091],"LeftKnee":[0.32399999999999984,0.6869999999999998,0.435],"RightKnee":[0.0040000000000000036,0.3610000000000002,0.515],"LeftHip":[0.246,0.5899999999999999,0.848],"RightHip":[0.2360000000000002,0.3599999999999999,0.876],"LeftShoulder":[-0.2929999999999999,0.6040000000000001,1.128],"RightShoulder":[-0.2869999999999999,0.31700000000000017,1.032],"LeftElbow":[-0.2729999999999999,0.7839999999999998,0.904],"RightElbow":[-0.121,0.14000000000000012,0.878],"LeftWrist":[-0.44100000000000006,0.8940000000000001,0.728],"RightWrist":[-0.16700000000000004,0.363,0.749],"LeftHand":[-0.484,0.8610000000000002,0.672],"RightHand":[-0.16900000000000004,0.44399999999999995,0.737],"LeftFingers":[-0.476,0.7850000000000001,0.646],"RightFingers":[-0.19999999999999996,0.4900000000000002,0.799],"Core":[0.03799999999999981,0.4940000000000002,0.995],"Neck":[-0.359,0.44399999999999995,1.125],"Head":[-0.508,0.399,1.179]},"p1":{"LeftToe":[0.31499999999999995,0.11100000000000021,0.557],"RightToe":[-0.22199999999999998,0.847,0.03],"LeftHeel":[0.1299999999999999,0.19700000000000006,0.447],"RightHeel":[-0.32499999999999996,0.6469999999999998,0.063],"LeftAnkle":[0.15200000000000014,0.17499999999999982,0.529],"RightAnkle":[-0.28200000000000003,0.7010000000000001,0.123],"LeftKnee":[-0.09800000000000009,0.29700000000000015,0.854],"RightKnee":[-0.32899999999999996,0.823,0.533],"LeftHip":[-0.4630000000000001,0.4889999999999999,0.965],"RightHip":[-0.44999999999999996,0.7160000000000002,0.932],"LeftShoulder":[-0.395,0.472,1.493],"RightShoulder":[-0.3420000000000001,0.7869999999999999,1.486],"LeftElbow":[-0.474,0.30200000000000005,1.272],"RightElbow":[-0.34099999999999997,0.8959999999999999,1.217],"LeftWrist":[-0.244,0.2999999999999998,1.135],"RightWrist":[-0.17399999999999993,0.7069999999999999,1.144],"LeftHand":[-0.16500000000000004,0.29499999999999993,1.142],"RightHand":[-0.119,0.649,1.159],"LeftFingers":[-0.119,0.31800000000000006,1.079],"RightFingers":[-0.08699999999999997,0.6040000000000001,1.102],"Core":[-0.5,0.6419999999999999,1.184],"Neck":[-0.3779999999999999,0.6320000000000001,1.561],"Head":[-0.2929999999999999,0.6080000000000001,1.702]}}