{"p0":{"LeftToe":[0.8740000000000001,0.669,0.025],"RightToe":[0.7080000000000002,-0.15500000000000003,0.025],"LeftHeel":[0.794,0.5139999999999998,0.174],"RightHeel":[0.5979999999999999,-0.014999999999999902,0.169],"LeftAnkle":[0.7519999999999998,0.5739999999999998,0.119],"RightAnkle":[0.5680000000000001,-0.06000000000000005,0.095],"LeftKnee":[0.33899999999999997,0.6930000000000001,0.102],"RightKnee":[0.1469999999999998,0.028999999999999915,0.05],"LeftHip":[0.16400000000000015,0.492,0.438],"RightHip":[0.1339999999999999,0.2639999999999998,0.407],"LeftShoulder":[-0.41999999999999993,0.5790000000000002,0.479],"RightShoulder":[-0.41500000000000004,0.30100000000000016,0.299],"LeftElbow":[-0.17799999999999994,0.665,0.345],"RightElbow":[-0.2609999999999999,0.33499999999999996,0.057],"LeftWrist":[-0.3859999999999999,0.6179999999999999,0.196],"RightWrist":[-0.42500000000000004,0.5489999999999999,0.03],"LeftHand":[-0.42900000000000005,0.5979999999999999,0.135],"RightHand":[-0.43599999999999994,0.609,0.078],"LeftFingers":[-0.401,0.5699999999999998,0.068],"RightFingers":[-0.41300000000000003,0.613,0.153],"Core":[-0.09200000000000008,0.4129999999999998,0.434],"Neck":[-0.43900000000000006,0.41000000000000014,0.434],"Head":[-0.591,0.3599999999999999,0.481]},"p1":{"LeftToe":[0.2290000000000001,0.9609999999999999,0.037],"RightToe":[-0.2350000000000001,1.116,0.029],"LeftHeel":[0.01200000000000001,0.8889999999999998,0.038],"RightHeel":[-0.3480000000000001,0.919,0.031],"LeftAnkle":[0.08800000000000008,0.8479999999999999,0.066],"RightAnkle":[-0.26,0.9369999999999998,0.053],"LeftKnee":[-0.10000000000000009,0.4590000000000001,0.066],"RightKnee":[-0.15900000000000003,0.56,0.23],"LeftHip":[-0.5089999999999999,0.3340000000000001,0.09],"RightHip":[-0.536,0.3679999999999999,0.317],"LeftShoulder":[-0.1140000000000001,0.07799999999999985,0.101],"RightShoulder":[-0.1180000000000001,0.1280000000000001,0.387],"LeftElbow":[0.07699999999999996,0.29499999999999993,0.048],"RightElbow":[0.15700000000000003,0.1629999999999998,0.464],"LeftWrist":[0.2669999999999999,0.18900000000000006,0.187],"RightWrist":[0.32799999999999985,0.125,0.264],"LeftHand":[0.2570000000000001,0.10899999999999999,0.203],"RightHand":[0.32699999999999996,0.1200000000000001,0.18],"LeftFingers":[0.32399999999999984,0.07299999999999995,0.235],"RightFingers":[0.28100000000000014,0.05500000000000016,0.155],"Core":[-0.45500000000000007,0.1200000000000001,0.241],"Neck":[-0.05899999999999994,0.02499999999999991,0.256],"Head":[0.0950000000000002,-0.016999999999999904,0.282]}}