{"p0":{"LeftToe":[0.3250000000000002,0.3210000000000002,0.045],"RightToe":[-0.565,0.3039999999999998,0.032],"LeftHeel":[0.16900000000000004,0.1549999999999998,0.065],"RightHeel":[-0.488,0.08999999999999986,0.04],"LeftAnkle":[0.20500000000000007,0.21300000000000008,0.128],"RightAnkle":[-0.4990000000000001,0.15300000000000002,0.107],"LeftKnee":[0.15600000000000014,0.22100000000000009,0.557],"RightKnee":[-0.44500000000000006,0.22599999999999998,0.528],"LeftHip":[-0.038000000000000034,-0.03600000000000003,0.846],"RightHip":[-0.2689999999999999,-0.018999999999999906,0.838],"LeftShoulder":[-0.016999999999999904,0.5310000000000001,0.943],"RightShoulder":[-0.3380000000000001,0.492,0.915],"LeftElbow":[0.12199999999999989,0.5169999999999999,0.692],"RightElbow":[-0.46599999999999997,0.4009999999999998,0.673],"LeftWrist":[0.05500000000000016,0.6139999999999999,0.463],"RightWrist":[-0.4179999999999999,0.5830000000000002,0.478],"LeftHand":[0.04300000000000015,0.6960000000000002,0.465],"RightHand":[-0.403,0.6600000000000001,0.466],"LeftFingers":[0.0129999999999999,0.7290000000000001,0.399],"RightFingers":[-0.3660000000000001,0.6840000000000002,0.399],"Core":[-0.1419999999999999,0.18400000000000016,0.968],"Neck":[-0.18599999999999994,0.5699999999999998,0.944],"Head":[-0.17100000000000004,0.7229999999999999,0.999]},"p1":{"LeftToe":[-0.2310000000000001,-0.1160000000000001,0.808],"RightToe":[-0.08800000000000008,-0.16399999999999992,0.853],"LeftHeel":[-0.19700000000000006,-0.08200000000000007,0.582],"RightHeel":[-0.10400000000000009,-0.16399999999999992,0.624],"LeftAnkle":[-0.21399999999999997,-0.028999999999999915,0.649],"RightAnkle":[-0.08200000000000007,-0.10200000000000009,0.681],"LeftKnee":[-0.34099999999999997,0.3700000000000001,0.542],"RightKnee":[-0.020999999999999908,0.30699999999999994,0.572],"LeftHip":[-0.244,0.17899999999999983,0.17],"RightHip":[-0.014999999999999902,0.18800000000000017,0.16],"LeftShoulder":[-0.32899999999999996,0.7330000000000001,0.15],"RightShoulder":[-0.010999999999999899,0.7589999999999999,0.158],"LeftElbow":[-0.46799999999999997,0.484,0.212],"RightElbow":[0.15399999999999991,0.5299999999999998,0.216],"LeftWrist":[-0.532,0.2709999999999999,0.352],"RightWrist":[0.2330000000000001,0.31000000000000005,0.355],"LeftHand":[-0.546,0.19899999999999984,0.389],"RightHand":[0.262,0.2490000000000001,0.403],"LeftFingers":[-0.482,0.14900000000000002,0.4],"RightFingers":[0.2410000000000001,0.17300000000000004,0.385],"Core":[-0.14700000000000002,0.41800000000000015,0.1],"Neck":[-0.17700000000000005,0.8210000000000002,0.165],"Head":[-0.19199999999999995,0.952,0.267]}}