{"p0":{"LeftToe":[-0.050999999999999934,-0.544,0.026],"RightToe":[-0.623,-0.05400000000000005,0.037],"LeftHeel":[-0.254,-0.645,0.041],"RightHeel":[-0.7549999999999999,-0.238,0.069],"LeftAnkle":[-0.20399999999999996,-0.605,0.105],"RightAnkle":[-0.6990000000000001,-0.19300000000000006,0.127],"LeftKnee":[-0.19500000000000006,-0.494,0.522],"RightKnee":[-0.5589999999999999,-0.16700000000000004,0.535],"LeftHip":[-0.3600000000000001,-0.45100000000000007,0.916],"RightHip":[-0.53,-0.30200000000000005,0.944],"LeftShoulder":[0.06499999999999995,-0.17500000000000004,1.084],"RightShoulder":[-0.1319999999999999,0.08099999999999996,1.158],"LeftElbow":[-0.15300000000000002,-0.2909999999999999,0.934],"RightElbow":[-0.262,0.33599999999999985,1.19],"LeftWrist":[-0.03600000000000003,-0.16399999999999992,0.738],"RightWrist":[-0.010999999999999899,0.34299999999999997,1.085],"LeftHand":[0.03799999999999981,-0.18900000000000006,0.719],"RightHand":[0.06000000000000005,0.3290000000000002,1.047],"LeftFingers":[0.08300000000000018,-0.139,0.673],"RightFingers":[0.051000000000000156,0.31899999999999995,0.966],"Core":[-0.29899999999999993,-0.236,1.07],"Neck":[-0.0129999999999999,-0.04299999999999993,1.167],"Head":[0.1160000000000001,0.053999999999999826,1.141]},"p1":{"LeftToe":[-0.42799999999999994,0.3580000000000001,0.058],"RightToe":[0.4990000000000001,0.34799999999999986,0.025],"LeftHeel":[-0.2250000000000001,0.43199999999999994,0.143],"RightHeel":[0.4129999999999998,0.31899999999999995,0.234],"LeftAnkle":[-0.30499999999999994,0.40700000000000003,0.176],"RightAnkle":[0.391,0.2829999999999999,0.152],"LeftKnee":[-0.44999999999999996,0.16900000000000004,0.506],"RightKnee":[0.06700000000000017,0,0.139],"LeftHip":[-0.05699999999999994,0.3290000000000002,0.453],"RightHip":[0.16100000000000003,0.2650000000000001,0.467],"LeftShoulder":[-0.1299999999999999,0.29000000000000004,1.022],"RightShoulder":[-0.11699999999999999,-0.026000000000000023,0.942],"LeftElbow":[-0.20599999999999996,0.5590000000000002,1.105],"RightElbow":[0.016999999999999904,-0.07000000000000006,0.69],"LeftWrist":[-0.32600000000000007,0.3660000000000001,1.23],"RightWrist":[-0.22199999999999998,-0.19100000000000006,0.685],"LeftHand":[-0.30200000000000005,0.29899999999999993,1.271],"RightHand":[-0.28400000000000003,-0.22999999999999998,0.712],"LeftFingers":[-0.276,0.2370000000000001,1.229],"RightFingers":[-0.359,-0.22399999999999998,0.695],"Core":[0.01200000000000001,0.21399999999999997,0.69],"Neck":[-0.19100000000000006,0.1259999999999999,0.995],"Head":[-0.33699999999999997,0.1160000000000001,1.077]}}