{"p0":{"LeftToe":[-0.42799999999999994,0.13600000000000012,0.025],"RightToe":[0.3969999999999998,-0.264,0.026],"LeftHeel":[-0.2509999999999999,0.2839999999999998,0.03],"RightHeel":[0.41800000000000015,-0.04600000000000004,0.085],"LeftAnkle":[-0.29200000000000004,0.2290000000000001,0.09],"RightAnkle":[0.375,-0.1160000000000001,0.127],"LeftKnee":[-0.32800000000000007,0.10000000000000009,0.501],"RightKnee":[0.15700000000000003,-0.19799999999999995,0.491],"LeftHip":[-0.1299999999999999,0.11900000000000022,0.884],"RightHip":[0.06199999999999983,-0.006999999999999895,0.863],"LeftShoulder":[-0.3640000000000001,-0.32699999999999996,1.139],"RightShoulder":[-0.08099999999999996,-0.43300000000000005,1.188],"LeftElbow":[-0.5900000000000001,-0.2569999999999999,0.976],"RightElbow":[0.03699999999999992,-0.2889999999999999,0.97],"LeftWrist":[-0.43700000000000006,-0.381,0.803],"RightWrist":[-0.030999999999999917,-0.5229999999999999,0.854],"LeftHand":[-0.399,-0.41700000000000004,0.74],"RightHand":[-0.04600000000000004,-0.599,0.876],"LeftFingers":[-0.40700000000000003,-0.387,0.664],"RightFingers":[-0.10899999999999999,-0.6439999999999999,0.867],"Core":[-0.09899999999999998,-0.08299999999999996,1.063],"Neck":[-0.252,-0.43799999999999994,1.213],"Head":[-0.29800000000000004,-0.593,1.224]},"p1":{"LeftToe":[-0.17999999999999994,-1.145,0.026],"RightToe":[-0.8029999999999999,-0.17799999999999994,0.049],"LeftHeel":[-0.2769999999999999,-1.064,0.216],"RightHeel":[-0.687,-0.375,0.057],"LeftAnkle":[-0.21100000000000008,-1.028,0.162],"RightAnkle":[-0.708,-0.31400000000000006,0.124],"LeftKnee":[-0.018999999999999906,-0.6419999999999999,0.19],"RightKnee":[-0.6080000000000001,-0.3680000000000001,0.54],"LeftHip":[-0.21100000000000008,-0.8400000000000001,0.522],"RightHip":[-0.42799999999999994,-0.76,0.521],"LeftShoulder":[-0.17300000000000004,-0.377,0.811],"RightShoulder":[-0.41700000000000004,-0.44999999999999996,0.97],"LeftElbow":[-0.07899999999999996,-0.15700000000000003,0.646],"RightElbow":[-0.6930000000000001,-0.4730000000000001,0.881],"LeftWrist":[-0.038000000000000034,0.07200000000000006,0.523],"RightWrist":[-0.6339999999999999,-0.29800000000000004,1.074],"LeftHand":[-0.018000000000000016,0.1509999999999998,0.51],"RightHand":[-0.609,-0.22399999999999998,1.101],"LeftFingers":[-0.026000000000000023,0.18900000000000006,0.443],"RightFingers":[-0.5880000000000001,-0.16700000000000004,1.046],"Core":[-0.29600000000000004,-0.722,0.751],"Neck":[-0.2929999999999999,-0.33000000000000007,0.929],"Head":[-0.355,-0.18399999999999994,0.974]}}