{"p0":{"LeftToe":[0.2250000000000001,-0.9710000000000001,0.025],"RightToe":[-0.3919999999999999,-1.048,0.029],"LeftHeel":[0.12400000000000011,-0.879,0.213],"RightHeel":[-0.3720000000000001,-0.901,0.202],"LeftAnkle":[0.17499999999999982,-0.8520000000000001,0.147],"RightAnkle":[-0.42199999999999993,-0.8959999999999999,0.126],"LeftKnee":[0.2919999999999998,-0.45100000000000007,0.055],"RightKnee":[-0.6200000000000001,-0.5189999999999999,0.05],"LeftHip":[-0.02200000000000002,-0.6419999999999999,0.28],"RightHip":[-0.252,-0.631,0.246],"LeftShoulder":[0.028999999999999915,-0.21100000000000008,0.64],"RightShoulder":[-0.2709999999999999,-0.1419999999999999,0.583],"LeftElbow":[0.27,-0.19900000000000007,0.483],"RightElbow":[-0.5529999999999999,-0.07099999999999995,0.609],"LeftWrist":[0.2909999999999999,0.052000000000000046,0.429],"RightWrist":[-0.44300000000000006,0.08700000000000019,0.419],"LeftHand":[0.32699999999999996,0.12400000000000011,0.419],"RightHand":[-0.43700000000000006,0.1589999999999998,0.39],"LeftFingers":[0.2839999999999998,0.18100000000000005,0.379],"RightFingers":[-0.373,0.18699999999999983,0.35],"Core":[-0.14100000000000001,-0.42799999999999994,0.39],"Neck":[-0.1160000000000001,-0.1160000000000001,0.653],"Head":[-0.04699999999999993,0.007000000000000117,0.735]},"p1":{"LeftToe":[-0.34099999999999997,-0.5700000000000001,0.439],"RightToe":[0.08700000000000019,-0.609,0.379],"LeftHeel":[-0.33499999999999996,-0.4890000000000001,0.222],"RightHeel":[0.041999999999999815,-0.43100000000000005,0.242],"LeftAnkle":[-0.3440000000000001,-0.45599999999999996,0.302],"RightAnkle":[0.09600000000000009,-0.43799999999999994,0.316],"LeftKnee":[-0.46599999999999997,-0.07600000000000007,0.456],"RightKnee":[0.20800000000000018,-0.04299999999999993,0.45],"LeftHip":[-0.246,-0.12200000000000011,0.09],"RightHip":[-0.020999999999999908,-0.09099999999999997,0.091],"LeftShoulder":[-0.33699999999999997,0.10000000000000009,0.54],"RightShoulder":[-0.016999999999999904,0.04400000000000004,0.548],"LeftElbow":[-0.3899999999999999,-0.18199999999999994,0.502],"RightElbow":[0.10899999999999999,-0.20599999999999996,0.467],"LeftWrist":[-0.19799999999999995,-0.31899999999999995,0.609],"RightWrist":[-0.030000000000000027,-0.4179999999999999,0.565],"LeftHand":[-0.131,-0.3560000000000001,0.629],"RightHand":[-0.10299999999999998,-0.42599999999999993,0.6],"LeftFingers":[-0.08099999999999996,-0.3959999999999999,0.586],"RightFingers":[-0.17100000000000004,-0.401,0.57],"Core":[-0.16100000000000003,0.10400000000000009,0.214],"Neck":[-0.17900000000000005,0.07399999999999984,0.612],"Head":[-0.2569999999999999,-0.004999999999999893,0.736]}}