{"p0":{"LeftToe":[0.484,0.266,0.646],"RightToe":[-0.5780000000000001,-0.7430000000000001,0.293],"LeftHeel":[0.28500000000000014,0.15399999999999991,0.611],"RightHeel":[-0.575,-0.6459999999999999,0.499],"LeftAnkle":[0.3250000000000002,0.22599999999999998,0.58],"RightAnkle":[-0.546,-0.623,0.42],"LeftKnee":[0.2370000000000001,0.5510000000000002,0.334],"RightKnee":[-0.3640000000000001,-0.29899999999999993,0.226],"LeftHip":[-0.10200000000000009,0.28600000000000003,0.234],"RightHip":[-0.26,0.12400000000000011,0.29],"LeftShoulder":[-0.45199999999999996,0.7200000000000002,0.196],"RightShoulder":[-0.708,0.4910000000000001,0.223],"LeftElbow":[-0.30699999999999994,0.9470000000000001,0.091],"RightElbow":[-0.567,0.28500000000000014,0.073],"LeftWrist":[-0.44700000000000006,1.1640000000000001,0.051],"RightWrist":[-0.766,0.4580000000000002,0.03],"LeftHand":[-0.4870000000000001,1.229,0.064],"RightHand":[-0.81,0.516,0.059],"LeftFingers":[-0.554,1.2440000000000002,0.02],"RightFingers":[-0.869,0.552,0.02],"Core":[-0.363,0.3620000000000001,0.215],"Neck":[-0.599,0.6299999999999999,0.234],"Head":[-0.704,0.7599999999999998,0.22]},"p1":{"LeftToe":[-0.54,-0.2649999999999999,0.563],"RightToe":[-0.528,-0.7050000000000001,0.349],"LeftHeel":[-0.3600000000000001,-0.4039999999999999,0.551],"RightHeel":[-0.43799999999999994,-0.6459999999999999,0.552],"LeftAnkle":[-0.4039999999999999,-0.353,0.489],"RightAnkle":[-0.4710000000000001,-0.597,0.482],"LeftKnee":[-0.494,-0.1200000000000001,0.151],"RightKnee":[-0.51,-0.17799999999999994,0.46],"LeftHip":[-0.05400000000000005,-0.15100000000000002,0.123],"RightHip":[-0.08800000000000008,-0.20999999999999996,0.343],"LeftShoulder":[0.4049999999999998,0.17700000000000005,0.312],"RightShoulder":[0.13099999999999978,0.31599999999999984,0.476],"LeftElbow":[0.4740000000000002,0.18699999999999983,0.045],"RightElbow":[0.04300000000000015,0.5659999999999998,0.358],"LeftWrist":[0.2629999999999999,0.34299999999999997,0.06],"RightWrist":[0.121,0.492,0.108],"LeftHand":[0.18999999999999995,0.3780000000000001,0.05],"RightHand":[0.13200000000000012,0.43999999999999995,0.049],"LeftFingers":[0.16199999999999992,0.43599999999999994,0.094],"RightFingers":[0.13600000000000012,0.363,0.048],"Core":[0.08300000000000018,-0.006999999999999895,0.304],"Neck":[0.2869999999999999,0.27300000000000013,0.403],"Head":[0.4049999999999998,0.387,0.394]}}