{"p0":{"LeftToe":[-0.671,-0.256,0.456],"RightToe":[-0.4850000000000001,-0.694,0.348],"LeftHeel":[-0.4610000000000001,-0.3400000000000001,0.479],"RightHeel":[-0.4790000000000001,-0.5780000000000001,0.543],"LeftAnkle":[-0.5029999999999999,-0.30400000000000005,0.406],"RightAnkle":[-0.494,-0.55,0.456],"LeftKnee":[-0.30099999999999993,-0.19399999999999995,0.051],"RightKnee":[-0.663,-0.20599999999999996,0.277],"LeftHip":[-0.07699999999999996,-0.28800000000000003,0.415],"RightHip":[-0.28800000000000003,-0.2490000000000001,0.501],"LeftShoulder":[-0.050000000000000044,0.3210000000000002,0.524],"RightShoulder":[-0.3340000000000001,0.24299999999999988,0.623],"LeftElbow":[0.1259999999999999,0.32799999999999985,0.291],"RightElbow":[-0.569,0.1349999999999998,0.49],"LeftWrist":[0.2549999999999999,0.3410000000000002,0.064],"RightWrist":[-0.4610000000000001,0.3719999999999999,0.43],"LeftHand":[0.30200000000000005,0.403,0.071],"RightHand":[-0.3859999999999999,0.40200000000000014,0.419],"LeftFingers":[0.3530000000000002,0.43500000000000005,0.02],"RightFingers":[-0.32200000000000006,0.383,0.46],"Core":[-0.11699999999999999,-0.04299999999999993,0.527],"Neck":[-0.19199999999999995,0.3490000000000002,0.628],"Head":[-0.15700000000000003,0.5059999999999998,0.671]},"p1":{"LeftToe":[-0.1279999999999999,0.3849999999999998,1.045],"RightToe":[-0.5169999999999999,-0.7869999999999999,0.373],"LeftHeel":[-0.17100000000000004,0.17799999999999994,0.961],"RightHeel":[-0.6639999999999999,-0.619,0.329],"LeftAnkle":[-0.18500000000000005,0.262,0.927],"RightAnkle":[-0.577,-0.6140000000000001,0.355],"LeftKnee":[-0.3400000000000001,0.43299999999999983,0.574],"RightKnee":[-0.3500000000000001,-0.2589999999999999,0.329],"LeftHip":[-0.4690000000000001,0.10999999999999988,0.309],"RightHip":[-0.391,0.11500000000000021,0.096],"LeftShoulder":[-0.589,0.6589999999999998,0.354],"RightShoulder":[-0.42700000000000005,0.685,0.082],"LeftElbow":[-0.4079999999999999,0.472,0.486],"RightElbow":[-0.3740000000000001,0.3999999999999999,0.052],"LeftWrist":[-0.28800000000000003,0.6499999999999999,0.336],"RightWrist":[-0.17900000000000005,0.5880000000000001,0.047],"LeftHand":[-0.2929999999999999,0.7290000000000001,0.311],"RightHand":[-0.1499999999999999,0.6539999999999999,0.087],"LeftFingers":[-0.2529999999999999,0.7440000000000002,0.242],"RightFingers":[-0.07400000000000007,0.681,0.073],"Core":[-0.5129999999999999,0.34299999999999997,0.183],"Neck":[-0.5309999999999999,0.7360000000000002,0.209],"Head":[-0.546,0.8919999999999999,0.265]}}