{"p0":{"LeftToe":[0.3530000000000002,0.15799999999999992,0.025],"RightToe":[0.5739999999999998,-0.16700000000000004,0.23],"LeftHeel":[0.30799999999999983,0.29700000000000015,0.207],"RightHeel":[0.44499999999999984,-0.06000000000000005,0.39],"LeftAnkle":[0.266,0.278,0.132],"RightAnkle":[0.43800000000000017,-0.08099999999999996,0.305],"LeftKnee":[-0.1519999999999999,0.3530000000000002,0.058],"RightKnee":[0.040999999999999925,0.041999999999999815,0.205],"LeftHip":[0.01200000000000001,0.4630000000000001,0.437],"RightHip":[-0.040999999999999925,0.274,0.557],"LeftShoulder":[-0.4970000000000001,0.6419999999999999,0.319],"RightShoulder":[-0.6140000000000001,0.351,0.399],"LeftElbow":[-0.5149999999999999,0.7970000000000002,0.077],"RightElbow":[-0.7410000000000001,0.15600000000000014,0.226],"LeftWrist":[-0.7190000000000001,0.641,0.025],"RightWrist":[-0.8049999999999999,0.35599999999999987,0.058],"LeftHand":[-0.7709999999999999,0.601,0.075],"RightHand":[-0.8069999999999999,0.43100000000000005,0.092],"LeftFingers":[-0.7989999999999999,0.528,0.052],"RightFingers":[-0.7969999999999999,0.492,0.041],"Core":[-0.2490000000000001,0.3929999999999998,0.432],"Neck":[-0.6220000000000001,0.5209999999999999,0.35],"Head":[-0.758,0.6099999999999999,0.309]},"p1":{"LeftToe":[-0.9199999999999999,0.03100000000000014,0.613],"RightToe":[0.16000000000000014,-0.4890000000000001,0.025],"LeftHeel":[-0.7210000000000001,-0.04299999999999993,0.523],"RightHeel":[0.027000000000000135,-0.30400000000000005,0.039],"LeftAnkle":[-0.772,0.028999999999999915,0.515],"RightAnkle":[0.06599999999999984,-0.355,0.106],"LeftKnee":[-0.7529999999999999,0.32799999999999985,0.211],"RightKnee":[-0.05400000000000005,-0.1180000000000001,0.447],"LeftHip":[-0.45399999999999996,0.03699999999999992,0.101],"RightHip":[-0.2290000000000001,0.08300000000000018,0.111],"LeftShoulder":[-0.657,0.5459999999999998,0.159],"RightShoulder":[-0.3640000000000001,0.665,0.08],"LeftElbow":[-0.837,0.3210000000000002,0.151],"RightElbow":[-0.15900000000000003,0.46099999999999985,0.045],"LeftWrist":[-0.7170000000000001,0.4460000000000002,0.347],"RightWrist":[-0.33699999999999997,0.47699999999999987,0.244],"LeftHand":[-0.6950000000000001,0.472,0.422],"RightHand":[-0.347,0.5529999999999999,0.225],"LeftFingers":[-0.619,0.4590000000000001,0.448],"RightFingers":[-0.3899999999999999,0.6059999999999999,0.264],"Core":[-0.389,0.29800000000000004,0.102],"Neck":[-0.5369999999999999,0.669,0.119],"Head":[-0.6479999999999999,0.7730000000000001,0.189]}}