{"p0":{"LeftToe":[-0.399,-0.32000000000000006,0.265],"RightToe":[0.016999999999999904,-0.526,0.179],"LeftHeel":[-0.19700000000000006,-0.22100000000000009,0.296],"RightHeel":[-0.15900000000000003,-0.4650000000000001,0.317],"LeftAnkle":[-0.2669999999999999,-0.19799999999999995,0.241],"RightAnkle":[-0.1319999999999999,-0.44700000000000006,0.236],"LeftKnee":[-0.12200000000000011,0.16199999999999992,0.051],"RightKnee":[-0.4770000000000001,-0.2230000000000001,0.114],"LeftHip":[-0.2250000000000001,0.16500000000000004,0.469],"RightHip":[-0.42300000000000004,0.04899999999999993,0.44],"LeftShoulder":[-0.4910000000000001,0.6709999999999998,0.311],"RightShoulder":[-0.7589999999999999,0.4980000000000002,0.382],"LeftElbow":[-0.4830000000000001,0.8740000000000001,0.1],"RightElbow":[-0.843,0.2650000000000001,0.237],"LeftWrist":[-0.7270000000000001,0.7890000000000001,0.096],"RightWrist":[-0.849,0.5299999999999998,0.153],"LeftHand":[-0.798,0.7570000000000001,0.099],"RightHand":[-0.873,0.609,0.145],"LeftFingers":[-0.8180000000000001,0.7010000000000001,0.151],"RightFingers":[-0.8360000000000001,0.673,0.128],"Core":[-0.43799999999999994,0.31099999999999994,0.391],"Neck":[-0.6539999999999999,0.633,0.348],"Head":[-0.786,0.7290000000000001,0.318]},"p1":{"LeftToe":[-1.1680000000000001,0.30299999999999994,0.659],"RightToe":[-0.05499999999999994,-0.5940000000000001,0.135],"LeftHeel":[-0.976,0.20000000000000018,0.589],"RightHeel":[-0.1160000000000001,-0.387,0.061],"LeftAnkle":[-1.0150000000000001,0.2799999999999998,0.568],"RightAnkle":[-0.08899999999999997,-0.4159999999999999,0.145],"LeftKnee":[-0.8260000000000001,0.4860000000000002,0.245],"RightKnee":[-0.15399999999999991,-0.09600000000000009,0.429],"LeftHip":[-0.585,0.1469999999999998,0.125],"RightHip":[-0.3540000000000001,0.13600000000000012,0.128],"LeftShoulder":[-0.706,0.653,0.175],"RightShoulder":[-0.401,0.75,0.082],"LeftElbow":[-0.9450000000000001,0.4940000000000002,0.169],"RightElbow":[-0.2529999999999999,0.504,0.102],"LeftWrist":[-0.905,0.5840000000000001,0.412],"RightWrist":[-0.3580000000000001,0.6549999999999998,0.302],"LeftHand":[-0.881,0.5920000000000001,0.489],"RightHand":[-0.3700000000000001,0.7149999999999999,0.356],"LeftFingers":[-0.843,0.5350000000000001,0.529],"RightFingers":[-0.42599999999999993,0.71,0.411],"Core":[-0.45999999999999996,0.383,0.103],"Neck":[-0.5680000000000001,0.7480000000000002,0.127],"Head":[-0.637,0.883,0.186]}}