{"p0":{"LeftToe":[0.16400000000000015,-0.028999999999999915,0.041],"RightToe":[-0.516,0.12300000000000022,0.035],"LeftHeel":[0.09399999999999986,-0.22999999999999998,0.125],"RightHeel":[-0.43500000000000005,-0.08899999999999997,0.066],"LeftAnkle":[0.1080000000000001,-0.14900000000000002,0.167],"RightAnkle":[-0.4630000000000001,-0.026000000000000023,0.126],"LeftKnee":[0.009999999999999787,-0.03699999999999992,0.573],"RightKnee":[-0.43199999999999994,0.03100000000000014,0.554],"LeftHip":[-0.12400000000000011,-0.15999999999999992,0.965],"RightHip":[-0.347,-0.1120000000000001,0.952],"LeftShoulder":[-0.06600000000000006,0.08400000000000007,1.432],"RightShoulder":[-0.379,0.0129999999999999,1.518],"LeftElbow":[-0.006000000000000005,0.08300000000000018,1.147],"RightElbow":[-0.645,0.11399999999999988,1.583],"LeftWrist":[-0.19900000000000007,0.2469999999999999,1.102],"RightWrist":[-0.6910000000000001,0.3780000000000001,1.531],"LeftHand":[-0.2709999999999999,0.27300000000000013,1.089],"RightHand":[-0.6799999999999999,0.45599999999999996,1.506],"LeftFingers":[-0.2929999999999999,0.3420000000000001,1.059],"RightFingers":[-0.6319999999999999,0.472,1.441],"Core":[-0.252,-0.1359999999999999,1.201],"Neck":[-0.21199999999999997,0.07100000000000017,1.526],"Head":[-0.19300000000000006,0.18199999999999994,1.646]},"p1":{"LeftToe":[-0.43300000000000005,0.30100000000000016,0.025],"RightToe":[-1.014,0.48,0.046],"LeftHeel":[-0.6279999999999999,0.18100000000000005,0.031],"RightHeel":[-1.107,0.29499999999999993,0.139],"LeftAnkle":[-0.5780000000000001,0.22199999999999998,0.091],"RightAnkle":[-1.0550000000000002,0.3580000000000001,0.172],"LeftKnee":[-0.5640000000000001,0.18699999999999983,0.518],"RightKnee":[-0.8799999999999999,0.44499999999999984,0.556],"LeftHip":[-0.748,0.052999999999999936,0.881],"RightHip":[-0.9279999999999999,0.19300000000000006,0.902],"LeftShoulder":[-0.6200000000000001,0.08199999999999985,1.457],"RightShoulder":[-0.736,0.3879999999999999,1.404],"LeftElbow":[-0.532,-0.19100000000000006,1.485],"RightElbow":[-0.585,0.43800000000000017,1.161],"LeftWrist":[-0.43199999999999994,0.009999999999999787,1.616],"RightWrist":[-0.3460000000000001,0.33099999999999996,1.103],"LeftHand":[-0.42500000000000004,0.08999999999999986,1.636],"RightHand":[-0.2709999999999999,0.359,1.097],"LeftFingers":[-0.4179999999999999,0.1389999999999998,1.57],"RightFingers":[-0.22100000000000009,0.31899999999999995,1.047],"Core":[-0.7909999999999999,0.1469999999999998,1.132],"Neck":[-0.645,0.2549999999999999,1.478],"Head":[-0.544,0.3460000000000001,1.575]}}