{"p0":{"LeftToe":[-0.7030000000000001,0.052999999999999936,0.025],"RightToe":[-1.2069999999999999,0.839,0.035],"LeftHeel":[-0.919,-0.028999999999999915,0.044],"RightHeel":[-1.3639999999999999,0.6760000000000002,0.069],"LeftAnkle":[-0.859,0,0.103],"RightAnkle":[-1.296,0.7069999999999999,0.124],"LeftKnee":[-0.8029999999999999,0.13200000000000012,0.507],"RightKnee":[-1.058,0.6589999999999998,0.48],"LeftHip":[-1.004,0.2490000000000001,0.869],"RightHip":[-1.062,0.4710000000000001,0.869],"LeftShoulder":[-0.641,0.31899999999999995,1.293],"RightShoulder":[-0.7869999999999999,0.6179999999999999,1.334],"LeftElbow":[-0.488,0.3679999999999999,1.051],"RightElbow":[-0.659,0.7799999999999998,1.132],"LeftWrist":[-0.4770000000000001,0.6179999999999999,0.956],"RightWrist":[-0.5089999999999999,0.5920000000000001,1.028],"LeftHand":[-0.4770000000000001,0.694,0.972],"RightHand":[-0.43300000000000005,0.5779999999999998,1.001],"LeftFingers":[-0.506,0.7469999999999999,0.917],"RightFingers":[-0.41100000000000003,0.5129999999999999,0.964],"Core":[-0.9430000000000001,0.3860000000000001,1.095],"Neck":[-0.718,0.4590000000000001,1.369],"Head":[-0.631,0.4750000000000001,1.506]},"p1":{"LeftToe":[-0.30400000000000005,0.30699999999999994,0.046],"RightToe":[-0.617,1.0659999999999998,0.026],"LeftHeel":[-0.534,0.31899999999999995,0.05],"RightHeel":[-0.74,0.8740000000000001,0.033],"LeftAnkle":[-0.47,0.33099999999999996,0.112],"RightAnkle":[-0.6930000000000001,0.9169999999999998,0.097],"LeftKnee":[-0.405,0.383,0.532],"RightKnee":[-0.6279999999999999,0.8540000000000001,0.515],"LeftHip":[-0.6699999999999999,0.3900000000000001,0.868],"RightHip":[-0.714,0.6160000000000001,0.864],"LeftShoulder":[-0.44599999999999995,0.4870000000000001,1.402],"RightShoulder":[-0.5960000000000001,0.7810000000000001,1.343],"LeftElbow":[-0.40700000000000003,0.3570000000000002,1.148],"RightElbow":[-0.6799999999999999,0.8700000000000001,1.081],"LeftWrist":[-0.48,0.6059999999999999,1.081],"RightWrist":[-0.5640000000000001,0.6360000000000001,1.067],"LeftHand":[-0.45300000000000007,0.681,1.067],"RightHand":[-0.5249999999999999,0.6040000000000001,1.127],"LeftFingers":[-0.496,0.726,1.013],"RightFingers":[-0.4630000000000001,0.556,1.128],"Core":[-0.673,0.5059999999999998,1.11],"Neck":[-0.52,0.6429999999999998,1.424],"Head":[-0.42399999999999993,0.7280000000000002,1.531]}}