{"p0":{"LeftToe":[-0.508,0.008999999999999897,0.025],"RightToe":[0.2749999999999999,-0.556,0.025],"LeftHeel":[-0.4710000000000001,0.2370000000000001,0.03],"RightHeel":[0.1280000000000001,-0.3779999999999999,0.032],"LeftAnkle":[-0.45199999999999996,0.16699999999999982,0.082],"RightAnkle":[0.18800000000000017,-0.4119999999999999,0.09],"LeftKnee":[-0.3680000000000001,-0.08899999999999997,0.42],"RightKnee":[0.19300000000000006,-0.3839999999999999,0.521],"LeftHip":[-0.16199999999999992,0.016999999999999904,0.785],"RightHip":[0.040999999999999925,-0.08800000000000008,0.796],"LeftShoulder":[-0.18199999999999994,-0.2709999999999999,1.32],"RightShoulder":[0.09399999999999986,-0.07899999999999996,1.361],"LeftElbow":[-0.1319999999999999,-0.31699999999999995,1.041],"RightElbow":[0.19899999999999984,-0.030000000000000027,1.097],"LeftWrist":[-0.006000000000000005,-0.43100000000000005,0.829],"RightWrist":[0.2869999999999999,-0.21599999999999997,0.934],"LeftHand":[0.04899999999999993,-0.4670000000000001,0.781],"RightHand":[0.30900000000000016,-0.28800000000000003,0.905],"LeftFingers":[0.06400000000000006,-0.43500000000000005,0.707],"RightFingers":[0.30600000000000005,-0.31000000000000005,0.83],"Core":[-0.08000000000000007,-0.05600000000000005,1.034],"Neck":[-0.038999999999999924,-0.19100000000000006,1.387],"Head":[0.008000000000000007,-0.28400000000000003,1.516]},"p1":{"LeftToe":[-0.040000000000000036,0.05699999999999994,1.19],"RightToe":[0.34299999999999997,-0.014000000000000012,1.016],"LeftHeel":[0.06199999999999983,0.1429999999999998,1.006],"RightHeel":[0.238,0.016000000000000014,0.817],"LeftAnkle":[0.06400000000000006,0.05600000000000005,1.04],"RightAnkle":[0.2490000000000001,-0.06299999999999994,0.863],"LeftKnee":[0.31000000000000005,-0.2350000000000001,0.838],"RightKnee":[0.008000000000000007,-0.397,0.75],"LeftHip":[0.21300000000000008,-0.14300000000000002,0.427],"RightHip":[0.02400000000000002,-0.248,0.348],"LeftShoulder":[0.5880000000000001,-0.29800000000000004,0.083],"RightShoulder":[0.42600000000000016,-0.552,0.102],"LeftElbow":[0.42700000000000005,-0.2370000000000001,0.314],"RightElbow":[0.13600000000000012,-0.5329999999999999,0.079],"LeftWrist":[0.2749999999999999,-0.44199999999999995,0.399],"RightWrist":[0.11799999999999988,-0.44199999999999995,0.323],"LeftHand":[0.22199999999999998,-0.4810000000000001,0.44],"RightHand":[0.14000000000000012,-0.4650000000000001,0.399],"LeftFingers":[0.14500000000000002,-0.46799999999999997,0.44],"RightFingers":[0.20599999999999996,-0.43700000000000006,0.435],"Core":[0.2320000000000002,-0.2490000000000001,0.177],"Neck":[0.5830000000000002,-0.4710000000000001,0.119],"Head":[0.6949999999999998,-0.548,0.217]}}