{"p0":{"LeftToe":[0.7130000000000001,0.18500000000000005,0.025],"RightToe":[-0.567,-0.05499999999999994,0.026],"LeftHeel":[0.6030000000000002,-0.01200000000000001,0.083],"RightHeel":[-0.4570000000000001,-0.010999999999999899,0.221],"LeftAnkle":[0.6030000000000002,0.07500000000000018,0.11],"RightAnkle":[-0.476,0.04400000000000004,0.149],"LeftKnee":[0.45699999999999985,0.3500000000000001,0.393],"RightKnee":[-0.33099999999999996,0.43599999999999994,0.205],"LeftHip":[0.0950000000000002,0.2120000000000002,0.606],"RightHip":[-0.1200000000000001,0.2879999999999998,0.559],"LeftShoulder":[0.3769999999999998,0.5870000000000002,0.765],"RightShoulder":[0.1549999999999998,0.8039999999999998,0.647],"LeftElbow":[0.3639999999999999,0.5640000000000001,0.478],"RightElbow":[-0.052000000000000046,0.7949999999999999,0.441],"LeftWrist":[0.20500000000000007,0.77,0.451],"RightWrist":[0.16800000000000015,0.9369999999999998,0.492],"LeftHand":[0.16500000000000004,0.831,0.425],"RightHand":[0.21499999999999986,0.9769999999999999,0.54],"LeftFingers":[0.14000000000000012,0.895,0.465],"RightFingers":[0.2799999999999998,0.956,0.577],"Core":[0.03799999999999981,0.4590000000000001,0.693],"Neck":[0.28600000000000003,0.738,0.747],"Head":[0.3700000000000001,0.8700000000000001,0.807]},"p1":{"LeftToe":[0.778,0.8660000000000001,0.034],"RightToe":[0.7869999999999999,0.3530000000000002,0.025],"LeftHeel":[0.9990000000000001,0.81,0.053],"RightHeel":[1.0139999999999998,0.3639999999999999,0.039],"LeftAnkle":[0.9380000000000002,0.8330000000000002,0.116],"RightAnkle":[0.948,0.3719999999999999,0.099],"LeftKnee":[0.605,0.8490000000000002,0.368],"RightKnee":[0.613,0.41500000000000004,0.346],"LeftHip":[0.7909999999999999,0.782,0.757],"RightHip":[0.7469999999999999,0.56,0.737],"LeftShoulder":[0.2450000000000001,0.8860000000000001,0.535],"RightShoulder":[0.24299999999999988,0.5569999999999999,0.546],"LeftElbow":[0.21799999999999997,0.9380000000000002,0.253],"RightElbow":[0.21099999999999985,0.3959999999999999,0.304],"LeftWrist":[0.09399999999999986,0.863,0.04],"RightWrist":[0.008000000000000007,0.29499999999999993,0.452],"LeftHand":[0.019000000000000128,0.8490000000000002,0.063],"RightHand":[-0.06299999999999994,0.33599999999999985,0.462],"LeftFingers":[-0.040999999999999925,0.8839999999999999,0.021],"RightFingers":[-0.135,0.29499999999999993,0.46],"Core":[0.5329999999999999,0.722,0.701],"Neck":[0.19300000000000006,0.722,0.579],"Head":[0.07200000000000006,0.669,0.477]}}