{"p0":{"LeftToe":[0.18500000000000005,1.2229999999999999,0.025],"RightToe":[0.278,0.2869999999999999,0.027],"LeftHeel":[0.4039999999999999,1.145,0.03],"RightHeel":[0.4780000000000002,0.403,0.031],"LeftAnkle":[0.3410000000000002,1.1669999999999998,0.088],"RightAnkle":[0.41900000000000004,0.3799999999999999,0.092],"LeftKnee":[0.19099999999999984,1.0859999999999999,0.481],"RightKnee":[0.28900000000000015,0.4660000000000002,0.493],"LeftHip":[0.3759999999999999,0.9279999999999999,0.832],"RightHip":[0.3679999999999999,0.7010000000000001,0.844],"LeftShoulder":[0.14900000000000002,1.012,1.357],"RightShoulder":[0.11500000000000021,0.677,1.342],"LeftElbow":[0.1299999999999999,1.1309999999999998,1.095],"RightElbow":[-0.026999999999999913,0.5310000000000001,1.133],"LeftWrist":[-0.09200000000000008,0.98,1.079],"RightWrist":[-0.28800000000000003,0.512,1.118],"LeftHand":[-0.119,0.9129999999999998,1.107],"RightHand":[-0.369,0.508,1.11],"LeftFingers":[-0.07000000000000006,0.8559999999999999,1.133],"RightFingers":[-0.4119999999999999,0.577,1.116],"Core":[0.31599999999999984,0.8319999999999999,1.076],"Neck":[0.10499999999999998,0.8460000000000001,1.392],"Head":[0.009999999999999787,0.8740000000000001,1.526]},"p1":{"LeftToe":[-0.31899999999999995,0.39400000000000013,0.026],"RightToe":[-0.15999999999999992,0.9630000000000001,0.025],"LeftHeel":[-0.542,0.4289999999999998,0.047],"RightHeel":[-0.3799999999999999,0.907,0.042],"LeftAnkle":[-0.4770000000000001,0.42600000000000016,0.107],"RightAnkle":[-0.31200000000000006,0.895,0.096],"LeftKnee":[-0.27,0.44300000000000006,0.483],"RightKnee":[-0.17500000000000004,0.8620000000000001,0.503],"LeftHip":[-0.4059999999999999,0.5470000000000002,0.88],"RightHip":[-0.405,0.7730000000000001,0.858],"LeftShoulder":[-0.07200000000000006,0.5179999999999998,1.34],"RightShoulder":[-0.09200000000000008,0.8530000000000002,1.349],"LeftElbow":[0.18699999999999983,0.5720000000000001,1.229],"RightElbow":[-0.008000000000000007,0.9609999999999999,1.091],"LeftWrist":[0.3679999999999999,0.7639999999999998,1.179],"RightWrist":[0.2530000000000001,0.9580000000000002,1.103],"LeftHand":[0.4079999999999999,0.8300000000000001,1.183],"RightHand":[0.3330000000000002,0.972,1.116],"LeftFingers":[0.3839999999999999,0.9039999999999999,1.159],"RightFingers":[0.3780000000000001,0.9089999999999998,1.139],"Core":[-0.28200000000000003,0.6789999999999998,1.082],"Neck":[-0.05400000000000005,0.685,1.38],"Head":[0.04800000000000004,0.6619999999999999,1.511]}}