{"p0":{"LeftToe":[0.5910000000000002,-0.123,0.027],"RightToe":[-0.3500000000000001,-0.698,0.025],"LeftHeel":[0.633,-0.3460000000000001,0.033],"RightHeel":[-0.17100000000000004,-0.841,0.033],"LeftAnkle":[0.5880000000000001,-0.29499999999999993,0.087],"RightAnkle":[-0.21100000000000008,-0.7869999999999999,0.092],"LeftKnee":[0.34399999999999986,-0.20399999999999996,0.427],"RightKnee":[-0.266,-0.5049999999999999,0.408],"LeftHip":[0.2519999999999998,-0.53,0.696],"RightHip":[0.04700000000000015,-0.6359999999999999,0.676],"LeftShoulder":[0.08000000000000007,-0.010000000000000009,0.719],"RightShoulder":[-0.21399999999999997,-0.133,0.633],"LeftElbow":[0.19899999999999984,-0.04600000000000004,0.459],"RightElbow":[-0.32499999999999996,-0.21199999999999997,0.378],"LeftWrist":[0.12699999999999978,0.08099999999999996,0.234],"RightWrist":[-0.405,-0.18999999999999995,0.13],"LeftHand":[0.11500000000000021,0.14800000000000013,0.273],"RightHand":[-0.45399999999999996,-0.1299999999999999,0.142],"LeftFingers":[0.129,0.21799999999999997,0.24],"RightFingers":[-0.492,-0.08600000000000008,0.09],"Core":[0.039000000000000146,-0.375,0.747],"Neck":[-0.08800000000000008,-0.020000000000000018,0.672],"Head":[-0.12400000000000011,0.14000000000000012,0.651]},"p1":{"LeftToe":[-0.556,-0.603,0.025],"RightToe":[0.492,-0.53,0.869],"LeftHeel":[-0.32800000000000007,-0.639,0.03],"RightHeel":[0.45299999999999985,-0.601,0.65],"LeftAnkle":[-0.3819999999999999,-0.569,0.03],"RightAnkle":[0.42399999999999993,-0.5369999999999999,0.705],"LeftKnee":[-0.45100000000000007,-0.1479999999999999,0.058],"RightKnee":[0.21700000000000008,-0.16599999999999993,0.652],"LeftHip":[-0.02499999999999991,-0.19500000000000006,0.103],"RightHip":[0.16800000000000015,-0.15500000000000003,0.226],"LeftShoulder":[-0.14900000000000002,0.3530000000000002,0.15],"RightShoulder":[0.16800000000000015,0.41100000000000003,0.15],"LeftElbow":[-0.20599999999999996,0.12699999999999978,0.326],"RightElbow":[0.2320000000000002,0.1379999999999999,0.219],"LeftWrist":[-0.20100000000000007,-0.006000000000000005,0.564],"RightWrist":[0.17899999999999983,0.04400000000000004,0.455],"LeftHand":[-0.22599999999999998,0.02499999999999991,0.632],"RightHand":[0.2290000000000001,0.019000000000000128,0.51],"LeftFingers":[-0.21599999999999997,-0.014999999999999902,0.701],"RightFingers":[0.2120000000000002,-0.016000000000000014,0.581],"Core":[0.06499999999999995,0.05799999999999983,0.1],"Neck":[-0.0029999999999998916,0.45199999999999996,0.149],"Head":[-0.05499999999999994,0.5819999999999999,0.241]}}