{"p0":{"LeftToe":[0.9390000000000001,-0.1140000000000001,0.034],"RightToe":[-0.14100000000000001,0.17600000000000016,0.026],"LeftHeel":[0.8210000000000002,-0.30800000000000005,0.054],"RightHeel":[-0.06099999999999994,-0.03600000000000003,0.036],"LeftAnkle":[0.823,-0.23399999999999999,0.108],"RightAnkle":[-0.038999999999999924,0.039000000000000146,0.086],"LeftKnee":[0.7389999999999999,0.02300000000000013,0.446],"RightKnee":[0.06599999999999984,0.16500000000000004,0.485],"LeftHip":[0.5129999999999999,-0.10299999999999998,0.785],"RightHip":[0.2869999999999999,-0.08000000000000007,0.762],"LeftShoulder":[0.5249999999999999,0.028000000000000025,1.326],"RightShoulder":[0.19799999999999995,0.039000000000000146,1.3],"LeftElbow":[0.6240000000000001,-0.016999999999999904,1.055],"RightElbow":[0.10099999999999998,-0.04299999999999993,1.037],"LeftWrist":[0.5150000000000001,0.15300000000000002,0.886],"RightWrist":[0.1160000000000001,0.16199999999999992,0.858],"LeftHand":[0.5030000000000001,0.2280000000000002,0.864],"RightHand":[0.11100000000000021,0.23899999999999988,0.844],"LeftFingers":[0.44799999999999995,0.2530000000000001,0.815],"RightFingers":[0.13200000000000012,0.26900000000000013,0.771],"Core":[0.3780000000000001,-0.10899999999999999,1.016],"Neck":[0.359,0.07200000000000006,1.367],"Head":[0.355,0.19600000000000017,1.479]},"p1":{"LeftToe":[0.20500000000000007,-0.09899999999999998,1.102],"RightToe":[0.08199999999999985,-0.236,0.984],"LeftHeel":[0.19300000000000006,-0.133,0.874],"RightHeel":[0.1259999999999999,-0.20300000000000007,0.763],"LeftAnkle":[0.13200000000000012,-0.09899999999999998,0.934],"RightAnkle":[0.1379999999999999,-0.14900000000000002,0.837],"LeftKnee":[-0.137,0.10400000000000009,0.666],"RightKnee":[0.3340000000000001,0.2360000000000002,0.837],"LeftHip":[0.1499999999999999,-0.09800000000000009,0.419],"RightHip":[0.33099999999999996,0.03600000000000003,0.457],"LeftShoulder":[-0.1080000000000001,0.254,0.115],"RightShoulder":[0.15200000000000014,0.4289999999999998,0.094],"LeftElbow":[-0.129,-0.03299999999999992,0.136],"RightElbow":[0.30500000000000016,0.32600000000000007,0.317],"LeftWrist":[0.040000000000000036,0.03299999999999992,0.321],"RightWrist":[0.12699999999999978,0.23099999999999987,0.495],"LeftHand":[0.10199999999999987,0.08400000000000007,0.334],"RightHand":[0.06800000000000006,0.22100000000000009,0.55],"LeftFingers":[0.09399999999999986,0.1629999999999998,0.31],"RightFingers":[0.021999999999999797,0.1549999999999998,0.555],"Core":[0.20100000000000007,0.08499999999999996,0.224],"Neck":[-0.016999999999999904,0.4009999999999998,0.12],"Head":[-0.12200000000000011,0.5209999999999999,0.167]}}