{"p0":{"LeftToe":[-1.0779999999999998,0.3039999999999998,0.031],"RightToe":[-0.7030000000000001,0.7959999999999998,0.025],"LeftHeel":[-1.258,0.44399999999999995,0.038],"RightHeel":[-0.927,0.8519999999999999,0.031],"LeftAnkle":[-1.198,0.41900000000000004,0.104],"RightAnkle":[-0.863,0.8340000000000001,0.093],"LeftKnee":[-0.9179999999999999,0.3759999999999999,0.429],"RightKnee":[-0.5329999999999999,0.7170000000000001,0.345],"LeftHip":[-0.726,0.4990000000000001,0.796],"RightHip":[-0.641,0.7069999999999999,0.764],"LeftShoulder":[-0.3520000000000001,0.238,1.065],"RightShoulder":[-0.14100000000000001,0.5,1.02],"LeftElbow":[-0.373,0.16699999999999982,0.784],"RightElbow":[-0.06099999999999994,0.7290000000000001,0.865],"LeftWrist":[-0.123,0.13099999999999978,0.83],"RightWrist":[0.01200000000000001,0.4780000000000002,0.793],"LeftHand":[-0.04899999999999993,0.10199999999999987,0.82],"RightHand":[-0.01200000000000001,0.4049999999999998,0.789],"LeftFingers":[0.0030000000000001137,0.0950000000000002,0.876],"RightFingers":[-0.05800000000000005,0.3690000000000002,0.843],"Core":[-0.4950000000000001,0.5470000000000002,0.924],"Neck":[-0.21100000000000008,0.3450000000000002,1.067],"Head":[-0.1180000000000001,0.20900000000000007,1.098]},"p1":{"LeftToe":[0.6459999999999999,0.754,0.025],"RightToe":[0.5800000000000001,0.1120000000000001,0.025],"LeftHeel":[0.8719999999999999,0.7799999999999998,0.053],"RightHeel":[0.794,0.19799999999999995,0.031],"LeftAnkle":[0.8039999999999998,0.758,0.111],"RightAnkle":[0.7229999999999999,0.19799999999999995,0.088],"LeftKnee":[0.4790000000000001,0.6499999999999999,0.374],"RightKnee":[0.5089999999999999,0.16599999999999993,0.462],"LeftHip":[0.6000000000000001,0.565,0.78],"RightHip":[0.6150000000000002,0.3410000000000002,0.839],"LeftShoulder":[0.052999999999999936,0.5880000000000001,1.016],"RightShoulder":[0.10400000000000009,0.262,1.037],"LeftElbow":[-0.10299999999999998,0.4910000000000001,0.793],"RightElbow":[-0.06899999999999995,0.08400000000000007,0.883],"LeftWrist":[-0.19399999999999995,0.6120000000000001,1.007],"RightWrist":[-0.252,0.19499999999999984,1.05],"LeftHand":[-0.18999999999999995,0.6000000000000001,1.088],"RightHand":[-0.2709999999999999,0.21300000000000008,1.122],"LeftFingers":[-0.16300000000000003,0.5249999999999999,1.113],"RightFingers":[-0.264,0.2919999999999998,1.147],"Core":[0.3849999999999998,0.4630000000000001,0.911],"Neck":[0.07699999999999996,0.4289999999999998,1.087],"Head":[-0.06600000000000006,0.41999999999999993,1.173]}}