{"p0":{"LeftToe":[-0.04899999999999993,0.8330000000000002,0.027],"RightToe":[-0.21199999999999997,0.09799999999999986,0.05],"LeftHeel":[0.14000000000000012,0.7050000000000001,0.03],"RightHeel":[0.015000000000000124,0.0990000000000002,0.044],"LeftAnkle":[0.08000000000000007,0.7240000000000002,0.094],"RightAnkle":[-0.04400000000000004,0.11100000000000021,0.114],"LeftKnee":[-0.07400000000000007,0.7189999999999999,0.497],"RightKnee":[-0.2410000000000001,0.20599999999999996,0.487],"LeftHip":[0.1070000000000002,0.4910000000000001,0.816],"RightHip":[0.0030000000000001137,0.28500000000000014,0.833],"LeftShoulder":[-0.32600000000000007,0.6829999999999998,1.156],"RightShoulder":[-0.41999999999999993,0.40600000000000014,1.104],"LeftElbow":[-0.30899999999999994,0.7160000000000002,0.867],"RightElbow":[-0.32699999999999996,0.31700000000000017,0.846],"LeftWrist":[-0.32099999999999995,0.46799999999999997,0.796],"RightWrist":[-0.25,0.5499999999999998,0.734],"LeftHand":[-0.3740000000000001,0.40700000000000003,0.807],"RightHand":[-0.20500000000000007,0.6179999999999999,0.734],"LeftFingers":[-0.397,0.3820000000000001,0.881],"RightFingers":[-0.17700000000000005,0.6499999999999999,0.804],"Core":[-0.062000000000000055,0.4630000000000001,1.023],"Neck":[-0.43599999999999994,0.5510000000000002,1.203],"Head":[-0.571,0.6190000000000002,1.27]},"p1":{"LeftToe":[-0.71,0.04899999999999993,0.053],"RightToe":[0.12400000000000011,0.4940000000000002,0.496],"LeftHeel":[-0.8680000000000001,0.20999999999999996,0.089],"RightHeel":[-0.07699999999999996,0.5129999999999999,0.38],"LeftAnkle":[-0.8069999999999999,0.17300000000000004,0.146],"RightAnkle":[-0.050999999999999934,0.5009999999999999,0.465],"LeftKnee":[-0.6910000000000001,0.17499999999999982,0.563],"RightKnee":[-0.23399999999999999,0.4969999999999999,0.851],"LeftHip":[-0.6659999999999999,0.31199999999999983,0.969],"RightHip":[-0.6279999999999999,0.5350000000000001,1.016],"LeftShoulder":[-0.3660000000000001,0.16999999999999993,1.447],"RightShoulder":[-0.30299999999999994,0.492,1.417],"LeftElbow":[-0.42900000000000005,0.03699999999999992,1.199],"RightElbow":[-0.30200000000000005,0.7669999999999999,1.332],"LeftWrist":[-0.4810000000000001,0.278,1.123],"RightWrist":[-0.10499999999999998,0.6720000000000002,1.17],"LeftHand":[-0.4930000000000001,0.3380000000000001,1.174],"RightHand":[-0.03600000000000003,0.6539999999999999,1.134],"LeftFingers":[-0.5,0.4129999999999998,1.144],"RightFingers":[-0.02200000000000002,0.6110000000000002,1.071],"Core":[-0.587,0.3639999999999999,1.22],"Neck":[-0.28800000000000003,0.32399999999999984,1.456],"Head":[-0.137,0.2719999999999998,1.492]}}