{"p0":{"LeftToe":[0.4169999999999998,0.01100000000000012,0.025],"RightToe":[-0.31200000000000006,0.4830000000000001,0.035],"LeftHeel":[0.403,-0.21799999999999997,0.035],"RightHeel":[-0.258,0.262,0.032],"LeftAnkle":[0.3860000000000001,-0.1519999999999999,0.094],"RightAnkle":[-0.2529999999999999,0.32399999999999984,0.1],"LeftKnee":[0.33999999999999986,0.16800000000000015,0.376],"RightKnee":[-0.133,0.29300000000000015,0.511],"LeftHip":[0.25,0.04300000000000015,0.777],"RightHip":[0.02400000000000002,-0.004999999999999893,0.775],"LeftShoulder":[0.30900000000000016,0.31999999999999984,1.219],"RightShoulder":[-0.02200000000000002,0.31599999999999984,1.252],"LeftElbow":[0.3900000000000001,0.18299999999999983,0.981],"RightElbow":[-0.18999999999999995,0.24800000000000022,1.026],"LeftWrist":[0.3420000000000001,0.44099999999999984,0.983],"RightWrist":[-0.1339999999999999,0.25,0.759],"LeftHand":[0.32600000000000007,0.5169999999999999,1.017],"RightHand":[-0.10099999999999998,0.2669999999999999,0.689],"LeftFingers":[0.3410000000000002,0.5790000000000002,0.967],"RightFingers":[-0.03600000000000003,0.23899999999999988,0.658],"Core":[0.125,0.07100000000000017,1.015],"Neck":[0.14500000000000002,0.3500000000000001,1.27],"Head":[0.18000000000000016,0.4870000000000001,1.358]},"p1":{"LeftToe":[-0.15999999999999992,0.16400000000000015,1.035],"RightToe":[0.6280000000000001,-0.119,0.025],"LeftHeel":[-0.1120000000000001,-0.0020000000000000018,0.885],"RightHeel":[0.556,0.09699999999999998,0.03],"LeftAnkle":[-0.10099999999999998,0.08899999999999997,0.879],"RightAnkle":[0.5630000000000002,0.03299999999999992,0.095],"LeftKnee":[0.01399999999999979,0.3959999999999999,0.599],"RightKnee":[0.4889999999999999,0.21899999999999986,0.474],"LeftHip":[0.19799999999999995,0.5459999999999998,0.238],"RightHip":[0.40200000000000014,0.4910000000000001,0.15],"LeftShoulder":[0.21399999999999997,1.0979999999999999,0.145],"RightShoulder":[0.5390000000000001,1.049,0.164],"LeftElbow":[-0.03400000000000003,0.952,0.144],"RightElbow":[0.633,0.7829999999999999,0.224],"LeftWrist":[0.09600000000000009,0.8780000000000001,0.358],"RightWrist":[0.44399999999999995,0.7480000000000002,0.411],"LeftHand":[0.12199999999999989,0.9169999999999998,0.425],"RightHand":[0.41900000000000004,0.79,0.477],"LeftFingers":[0.10999999999999988,0.8769999999999998,0.496],"RightFingers":[0.3540000000000001,0.7570000000000001,0.516],"Core":[0.32600000000000007,0.7490000000000001,0.108],"Neck":[0.3809999999999998,1.116,0.185],"Head":[0.391,1.267,0.247]}}