{"p0":{"LeftToe":[0.347,0.5800000000000001,0.025],"RightToe":[0.9510000000000001,0.08800000000000008,0.032],"LeftHeel":[0.573,0.6160000000000001,0.033],"RightHeel":[1.064,0.2839999999999998,0.053],"LeftAnkle":[0.512,0.6019999999999999,0.1],"RightAnkle":[1.005,0.242,0.111],"LeftKnee":[0.48099999999999987,0.5299999999999998,0.522],"RightKnee":[0.859,0.23499999999999988,0.515],"LeftHip":[0.6669999999999998,0.5670000000000002,0.911],"RightHip":[0.8410000000000002,0.4159999999999999,0.902],"LeftShoulder":[0.5470000000000002,0.496,1.466],"RightShoulder":[0.71,0.20900000000000007,1.433],"LeftElbow":[0.5,0.7799999999999998,1.425],"RightElbow":[0.7400000000000002,0.14000000000000012,1.155],"LeftWrist":[0.27300000000000013,0.7040000000000002,1.314],"RightWrist":[0.5310000000000001,0.21399999999999997,0.997],"LeftHand":[0.19799999999999995,0.6819999999999999,1.292],"RightHand":[0.45999999999999996,0.17799999999999994,0.983],"LeftFingers":[0.18800000000000017,0.6699999999999999,1.211],"RightFingers":[0.4159999999999999,0.18199999999999994,0.919],"Core":[0.7280000000000002,0.44799999999999995,1.147],"Neck":[0.6070000000000002,0.33599999999999985,1.494],"Head":[0.5539999999999998,0.2879999999999998,1.641]},"p1":{"LeftToe":[0.06999999999999984,0.08999999999999986,0.046],"RightToe":[0.14400000000000013,0.7719999999999998,0.027],"LeftHeel":[-0.038000000000000034,0.2919999999999998,0.05],"RightHeel":[-0.06400000000000006,0.8719999999999999,0.031],"LeftAnkle":[0.0019999999999997797,0.24400000000000022,0.117],"RightAnkle":[-0.0040000000000000036,0.8460000000000001,0.094],"LeftKnee":[0.06899999999999995,0.2759999999999998,0.543],"RightKnee":[0.1419999999999999,0.7370000000000001,0.486],"LeftHip":[-0.016000000000000014,0.4950000000000001,0.906],"RightHip":[0.08499999999999996,0.7000000000000002,0.913],"LeftShoulder":[0.16599999999999993,0.30100000000000016,1.391],"RightShoulder":[0.359,0.5720000000000001,1.383],"LeftElbow":[0.21099999999999985,0.2490000000000001,1.109],"RightElbow":[0.6190000000000002,0.6579999999999999,1.293],"LeftWrist":[0.41900000000000004,0.19499999999999984,0.959],"RightWrist":[0.8050000000000002,0.4670000000000001,1.27],"LeftHand":[0.4910000000000001,0.17899999999999983,0.936],"RightHand":[0.8359999999999999,0.395,1.281],"LeftFingers":[0.524,0.17300000000000004,0.866],"RightFingers":[0.8220000000000001,0.3330000000000002,1.235],"Core":[0.06800000000000006,0.5670000000000002,1.15],"Neck":[0.2759999999999998,0.43000000000000016,1.443],"Head":[0.379,0.383,1.561]}}