{"p0":{"LeftToe":[-0.246,-0.31800000000000006,0.037],"RightToe":[-0.4830000000000001,0.5249999999999999,0.025],"LeftHeel":[-0.4770000000000001,-0.31000000000000005,0.03],"RightHeel":[-0.675,0.39400000000000013,0.031],"LeftAnkle":[-0.4159999999999999,-0.29200000000000004,0.092],"RightAnkle":[-0.6140000000000001,0.42399999999999993,0.088],"LeftKnee":[-0.17399999999999993,-0.17799999999999994,0.413],"RightKnee":[-0.3779999999999999,0.3860000000000001,0.431],"LeftHip":[-0.32600000000000007,-0.02499999999999991,0.795],"RightHip":[-0.40700000000000003,0.18599999999999994,0.819],"LeftShoulder":[0.16500000000000004,0.029999999999999805,0.611],"RightShoulder":[0.17200000000000015,0.33000000000000007,0.647],"LeftElbow":[0.3660000000000001,-0.02200000000000002,0.406],"RightElbow":[0.3340000000000001,0.45299999999999985,0.443],"LeftWrist":[0.5299999999999998,0.03299999999999992,0.21],"RightWrist":[0.4780000000000002,0.4940000000000002,0.219],"LeftHand":[0.5449999999999999,-0.04600000000000004,0.198],"RightHand":[0.5049999999999999,0.569,0.227],"LeftFingers":[0.5710000000000002,-0.07099999999999995,0.125],"RightFingers":[0.5259999999999998,0.6120000000000001,0.16],"Core":[-0.15100000000000002,0.17399999999999993,0.731],"Neck":[0.2530000000000001,0.17799999999999994,0.636],"Head":[0.4169999999999998,0.18199999999999994,0.616]},"p1":{"LeftToe":[0.9249999999999998,0.6869999999999998,0.117],"RightToe":[1.0459999999999998,-0.016000000000000014,0.102],"LeftHeel":[0.871,0.6499999999999999,0.353],"RightHeel":[0.9039999999999999,-0.018999999999999906,0.286],"LeftAnkle":[0.851,0.6549999999999998,0.268],"RightAnkle":[0.9060000000000001,0.017999999999999794,0.207],"LeftKnee":[0.4750000000000001,0.508,0.151],"RightKnee":[0.4969999999999999,0.016000000000000014,0.129],"LeftHip":[0.16999999999999993,0.34799999999999986,0.427],"RightHip":[0.19399999999999995,0.11900000000000022,0.427],"LeftShoulder":[0.3540000000000001,0.3969999999999998,0.111],"RightShoulder":[0.359,0.07299999999999995,0.086],"LeftElbow":[0.3330000000000002,0.6890000000000001,0.117],"RightElbow":[0.238,-0.19100000000000006,0.109],"LeftWrist":[0.14000000000000012,0.5920000000000001,0.259],"RightWrist":[0.040999999999999925,-0.018999999999999906,0.171],"LeftHand":[0.08800000000000008,0.573,0.318],"RightHand":[-0.016999999999999904,0.016999999999999904,0.216],"LeftFingers":[0.009999999999999787,0.5609999999999999,0.293],"RightFingers":[-0.07499999999999996,0.05600000000000005,0.175],"Core":[0.04899999999999993,0.21799999999999997,0.224],"Neck":[0.42700000000000005,0.2360000000000002,0.093],"Head":[0.589,0.25,0.111]}}