{"p0":{"LeftToe":[0.7559999999999998,-0.345,0.025],"RightToe":[-0.18999999999999995,-0.07600000000000007,0.045],"LeftHeel":[0.6230000000000002,-0.534,0.037],"RightHeel":[-0.1200000000000001,-0.29600000000000004,0.03],"LeftAnkle":[0.6480000000000001,-0.472,0.1],"RightAnkle":[-0.1259999999999999,-0.2370000000000001,0.095],"LeftKnee":[0.5680000000000001,-0.30800000000000005,0.492],"RightKnee":[-0.026999999999999913,-0.22199999999999998,0.512],"LeftHip":[0.3500000000000001,-0.41100000000000003,0.85],"RightHip":[0.12300000000000022,-0.383,0.879],"LeftShoulder":[0.3919999999999999,0.13099999999999978,0.649],"RightShoulder":[0.04899999999999993,0.09799999999999986,0.667],"LeftElbow":[0.556,0.027000000000000135,0.432],"RightElbow":[-0.10499999999999998,0.01200000000000001,0.438],"LeftWrist":[0.4630000000000001,0.17099999999999982,0.239],"RightWrist":[-0.02299999999999991,0.22699999999999987,0.296],"LeftHand":[0.45599999999999996,0.24299999999999988,0.208],"RightHand":[0.03799999999999981,0.2759999999999998,0.301],"LeftFingers":[0.3809999999999998,0.27700000000000014,0.206],"RightFingers":[0.11299999999999999,0.2519999999999998,0.312],"Core":[0.258,-0.15500000000000003,0.843],"Neck":[0.21700000000000008,0.1549999999999998,0.665],"Head":[0.20900000000000007,0.31599999999999984,0.62]},"p1":{"LeftToe":[0.02499999999999991,-0.32800000000000007,0.57],"RightToe":[0.47299999999999986,-0.274,0.786],"LeftHeel":[0.06999999999999984,-0.252,0.359],"RightHeel":[0.40700000000000003,-0.2729999999999999,0.564],"LeftAnkle":[0.041999999999999815,-0.20799999999999996,0.435],"RightAnkle":[0.42300000000000004,-0.20799999999999996,0.623],"LeftKnee":[0.004999999999999893,0.21899999999999986,0.462],"RightKnee":[0.3690000000000002,0.19600000000000017,0.478],"LeftHip":[0.08800000000000008,-0.004999999999999893,0.102],"RightHip":[0.31800000000000006,0.02499999999999991,0.09],"LeftShoulder":[-0.0040000000000000036,0.5710000000000002,0.146],"RightShoulder":[0.31400000000000006,0.581,0.174],"LeftElbow":[-0.09400000000000008,0.32600000000000007,0.277],"RightElbow":[0.44799999999999995,0.3450000000000002,0.28],"LeftWrist":[-0.1399999999999999,0.11299999999999999,0.423],"RightWrist":[0.5470000000000002,0.12699999999999978,0.41],"LeftHand":[-0.15300000000000002,0.052000000000000046,0.477],"RightHand":[0.6019999999999999,0.08000000000000007,0.448],"LeftFingers":[-0.1140000000000001,-0.016999999999999904,0.475],"RightFingers":[0.581,0.020000000000000018,0.493],"Core":[0.17200000000000015,0.25,0.1],"Neck":[0.1509999999999998,0.6520000000000001,0.173],"Head":[0.1419999999999999,0.7559999999999998,0.302]}}