{"p0":{"LeftToe":[-0.43799999999999994,-0.22399999999999998,0.03],"RightToe":[0.3860000000000001,-0.7709999999999999,0.027],"LeftHeel":[-0.3360000000000001,-0.10099999999999998,0.2],"RightHeel":[0.33899999999999997,-0.548,0.037],"LeftAnkle":[-0.3680000000000001,-0.08600000000000008,0.118],"RightAnkle":[0.29800000000000004,-0.621,0.074],"LeftKnee":[-0.558,0.29000000000000004,0.19],"RightKnee":[-0.05699999999999994,-0.4770000000000001,0.267],"LeftHip":[-0.16599999999999993,0.1469999999999998,0.304],"RightHip":[-0.09800000000000009,-0.06099999999999994,0.371],"LeftShoulder":[-0.5009999999999999,0.2879999999999998,0.595],"RightShoulder":[-0.5069999999999999,-0.028000000000000025,0.715],"LeftElbow":[-0.5089999999999999,0.3740000000000001,0.315],"RightElbow":[-0.31200000000000006,-0.17799999999999994,0.557],"LeftWrist":[-0.5389999999999999,0.4249999999999998,0.06],"RightWrist":[-0.15799999999999992,-0.355,0.419],"LeftHand":[-0.6120000000000001,0.45599999999999996,0.06],"RightHand":[-0.20500000000000007,-0.41500000000000004,0.435],"LeftFingers":[-0.6439999999999999,0.5139999999999998,0.02],"RightFingers":[-0.20900000000000007,-0.4870000000000001,0.407],"Core":[-0.18700000000000006,0.0990000000000002,0.572],"Neck":[-0.5549999999999999,0.13600000000000012,0.668],"Head":[-0.7190000000000001,0.15200000000000014,0.697]},"p1":{"LeftToe":[-0.4690000000000001,-0.3560000000000001,0.025],"RightToe":[-0.675,-0.2649999999999999,0.085],"LeftHeel":[-0.262,-0.2609999999999999,0.043],"RightHeel":[-0.44700000000000006,-0.246,0.122],"LeftAnkle":[-0.30499999999999994,-0.32400000000000007,0.086],"RightAnkle":[-0.5049999999999999,-0.31000000000000005,0.1],"LeftKnee":[-0.1200000000000001,-0.472,0.442],"RightKnee":[-0.248,-0.6479999999999999,0.05],"LeftHip":[0.1160000000000001,-0.2270000000000001,0.177],"RightHip":[0.129,-0.44199999999999995,0.104],"LeftShoulder":[0.14800000000000013,-0.45399999999999996,0.688],"RightShoulder":[0.10000000000000009,-0.704,0.46],"LeftElbow":[0.1280000000000001,-0.31600000000000006,0.436],"RightElbow":[0.17899999999999983,-0.8700000000000001,0.234],"LeftWrist":[-0.06299999999999994,-0.4850000000000001,0.373],"RightWrist":[0.23399999999999999,-1.058,0.046],"LeftHand":[-0.10499999999999998,-0.55,0.348],"RightHand":[0.2589999999999999,-1.131,0.065],"LeftFingers":[-0.1319999999999999,-0.554,0.272],"RightFingers":[0.25,-1.197,0.023],"Core":[0.254,-0.3919999999999999,0.336],"Neck":[0.11500000000000021,-0.5980000000000001,0.596],"Head":[-0.0040000000000000036,-0.627,0.706]}}