{"p0":{"LeftToe":[-0.16599999999999993,0.017999999999999794,0.025],"RightToe":[-0.5149999999999999,0.8260000000000001,0.025],"LeftHeel":[-0.387,0.09100000000000019,0.03],"RightHeel":[-0.7,0.685,0.03],"LeftAnkle":[-0.31899999999999995,0.08499999999999996,0.085],"RightAnkle":[-0.641,0.7189999999999999,0.091],"LeftKnee":[-0.2609999999999999,0.17899999999999983,0.489],"RightKnee":[-0.41900000000000004,0.778,0.445],"LeftHip":[-0.46199999999999997,0.383,0.821],"RightHip":[-0.5740000000000001,0.581,0.807],"LeftShoulder":[0.016000000000000014,0.5289999999999999,0.957],"RightShoulder":[-0.08299999999999996,0.8330000000000002,0.985],"LeftElbow":[-0.026000000000000023,0.476,0.677],"RightElbow":[-0.119,1.001,0.75],"LeftWrist":[-0.07499999999999996,0.73,0.608],"RightWrist":[-0.131,0.7730000000000001,0.623],"LeftHand":[-0.11299999999999999,0.7999999999999998,0.609],"RightHand":[-0.09499999999999997,0.7200000000000002,0.578],"LeftFingers":[-0.19399999999999995,0.7970000000000002,0.614],"RightFingers":[-0.10099999999999998,0.641,0.578],"Core":[-0.353,0.5830000000000002,0.963],"Neck":[0.027000000000000135,0.6949999999999998,1.011],"Head":[0.17799999999999994,0.7509999999999999,1.03]},"p1":{"LeftToe":[-0.32000000000000006,0.2490000000000001,0.025],"RightToe":[-0.5740000000000001,1.073,0.028],"LeftHeel":[-0.546,0.2829999999999999,0.03],"RightHeel":[-0.7310000000000001,0.911,0.053],"LeftAnkle":[-0.482,0.28900000000000015,0.096],"RightAnkle":[-0.6679999999999999,0.94,0.112],"LeftKnee":[-0.238,0.4079999999999999,0.42],"RightKnee":[-0.393,1.0270000000000001,0.421],"LeftHip":[-0.25,0.609,0.81],"RightHip":[-0.2669999999999999,0.8399999999999999,0.801],"LeftShoulder":[0.20800000000000018,0.593,0.494],"RightShoulder":[0.22100000000000009,0.895,0.515],"LeftElbow":[0.09699999999999998,0.4460000000000002,0.267],"RightElbow":[0.2559999999999998,1.0230000000000001,0.255],"LeftWrist":[0.2530000000000001,0.3959999999999999,0.05],"RightWrist":[0.3740000000000001,1.041,0.022],"LeftHand":[0.3330000000000002,0.387,0.071],"RightHand":[0.42300000000000004,1.092,0.057],"LeftFingers":[0.387,0.41900000000000004,0.02],"RightFingers":[0.4929999999999999,1.112,0.021],"Core":[-0.020999999999999908,0.7389999999999999,0.745],"Neck":[0.2999999999999998,0.738,0.536],"Head":[0.44700000000000006,0.7480000000000002,0.458]}}