{"p0":{"LeftToe":[0.738,0.403,0.042],"RightToe":[-0.2549999999999999,-0.07899999999999996,0.026],"LeftHeel":[0.8039999999999998,0.3330000000000002,0.253],"RightHeel":[-0.030000000000000027,-0.030999999999999917,0.03],"LeftAnkle":[0.7309999999999999,0.3639999999999999,0.215],"RightAnkle":[-0.09200000000000008,-0.050999999999999934,0.088],"LeftKnee":[0.3450000000000002,0.41500000000000004,0.399],"RightKnee":[-0.16900000000000004,0.015000000000000124,0.505],"LeftHip":[0.31999999999999984,0.28500000000000014,0.81],"RightHip":[0.16199999999999992,0.12199999999999989,0.759],"LeftShoulder":[-0.07200000000000006,0.43599999999999994,1.205],"RightShoulder":[-0.14900000000000002,0.11699999999999999,1.188],"LeftElbow":[0.0259999999999998,0.476,0.935],"RightElbow":[-0.04200000000000004,0.06800000000000006,0.921],"LeftWrist":[-0.22599999999999998,0.399,0.996],"RightWrist":[-0.06000000000000005,0.2549999999999999,0.738],"LeftHand":[-0.29699999999999993,0.3679999999999999,1.021],"RightHand":[-0.05899999999999994,0.32699999999999996,0.776],"LeftFingers":[-0.29699999999999993,0.29700000000000015,1.061],"RightFingers":[-0.06099999999999994,0.395,0.73],"Core":[0.15799999999999992,0.21700000000000008,1.013],"Neck":[-0.14700000000000002,0.2829999999999999,1.251],"Head":[-0.2789999999999999,0.29899999999999993,1.349]},"p1":{"LeftToe":[-0.18900000000000006,0.2530000000000001,0.025],"RightToe":[-0.7250000000000001,0.915,0.025],"LeftHeel":[-0.41500000000000004,0.28600000000000003,0.031],"RightHeel":[-0.921,0.7989999999999999,0.039],"LeftAnkle":[-0.351,0.2909999999999999,0.094],"RightAnkle":[-0.8580000000000001,0.815,0.098],"LeftKnee":[-0.2809999999999999,0.31899999999999995,0.517],"RightKnee":[-0.6040000000000001,0.8290000000000002,0.442],"LeftHip":[-0.5389999999999999,0.46099999999999985,0.832],"RightHip":[-0.671,0.6509999999999998,0.828],"LeftShoulder":[-0.29800000000000004,0.4129999999999998,1.201],"RightShoulder":[-0.345,0.698,1.285],"LeftElbow":[-0.18199999999999994,0.2759999999999998,0.977],"RightElbow":[-0.276,0.69,1.005],"LeftWrist":[-0.09800000000000009,0.3450000000000002,0.732],"RightWrist":[-0.07600000000000007,0.5289999999999999,1.06],"LeftHand":[-0.040000000000000036,0.3370000000000002,0.678],"RightHand":[-0.004999999999999893,0.5179999999999998,1.098],"LeftFingers":[-0.05899999999999994,0.34299999999999997,0.599],"RightFingers":[0.040000000000000036,0.45500000000000007,1.093],"Core":[-0.611,0.556,1.074],"Neck":[-0.2889999999999999,0.5369999999999999,1.321],"Head":[-0.1499999999999999,0.5409999999999999,1.412]}}