{"p0":{"LeftToe":[0.23899999999999988,0.5720000000000001,0.028],"RightToe":[0.843,-0.06499999999999995,0.036],"LeftHeel":[0.45299999999999985,0.4969999999999999,0.044],"RightHeel":[1.0430000000000001,0.04999999999999982,0.032],"LeftAnkle":[0.3900000000000001,0.516,0.109],"RightAnkle":[0.9710000000000001,0.04599999999999982,0.089],"LeftKnee":[0.3570000000000002,0.5129999999999999,0.541],"RightKnee":[0.6909999999999998,0.03299999999999992,0.416],"LeftHip":[0.6560000000000001,0.3799999999999999,0.823],"RightHip":[0.6829999999999998,0.15200000000000014,0.831],"LeftShoulder":[0.4969999999999999,0.4540000000000002,1.362],"RightShoulder":[0.44700000000000006,0.121,1.35],"LeftElbow":[0.3450000000000002,0.629,1.185],"RightElbow":[0.2559999999999998,0.18699999999999983,1.14],"LeftWrist":[0.10599999999999987,0.6739999999999999,1.282],"RightWrist":[0.052000000000000046,0.2490000000000001,1.302],"LeftHand":[0.06700000000000017,0.726,1.332],"RightHand":[-0.006999999999999895,0.2639999999999998,1.35],"LeftFingers":[-0.010000000000000009,0.7210000000000001,1.349],"RightFingers":[-0.07800000000000007,0.2909999999999999,1.333],"Core":[0.6240000000000001,0.274,1.067],"Neck":[0.44899999999999984,0.28900000000000015,1.408],"Head":[0.3210000000000002,0.31599999999999984,1.513]},"p1":{"LeftToe":[-0.18799999999999994,0.2530000000000001,0.025],"RightToe":[-0.726,0.9129999999999998,0.025],"LeftHeel":[-0.4139999999999999,0.28600000000000003,0.031],"RightHeel":[-0.9219999999999999,0.798,0.039],"LeftAnkle":[-0.3500000000000001,0.2909999999999999,0.094],"RightAnkle":[-0.8580000000000001,0.8140000000000001,0.099],"LeftKnee":[-0.2809999999999999,0.31899999999999995,0.518],"RightKnee":[-0.6080000000000001,0.8250000000000002,0.448],"LeftHip":[-0.538,0.4590000000000001,0.835],"RightHip":[-0.6679999999999999,0.6499999999999999,0.838],"LeftShoulder":[-0.43900000000000006,0.40600000000000014,1.383],"RightShoulder":[-0.472,0.7349999999999999,1.387],"LeftElbow":[-0.3440000000000001,0.2709999999999999,1.146],"RightElbow":[-0.2609999999999999,0.7309999999999999,1.188],"LeftWrist":[-0.127,0.22100000000000009,1.287],"RightWrist":[-0.02299999999999991,0.6699999999999999,1.293],"LeftHand":[-0.08600000000000008,0.21799999999999997,1.358],"RightHand":[0.02499999999999991,0.6400000000000001,1.347],"LeftFingers":[-0.004999999999999893,0.21099999999999985,1.357],"RightFingers":[0.1030000000000002,0.6259999999999999,1.332],"Core":[-0.5920000000000001,0.5609999999999999,1.082],"Neck":[-0.42799999999999994,0.5720000000000001,1.435],"Head":[-0.30000000000000004,0.5510000000000002,1.539]}}