{"p0":{"LeftToe":[0.6859999999999999,-0.20999999999999996,0.084],"RightToe":[-0.5029999999999999,0.2829999999999999,0.025],"LeftHeel":[0.4740000000000002,-0.29499999999999993,0.081],"RightHeel":[-0.552,0.05600000000000005,0.041],"LeftAnkle":[0.5190000000000001,-0.248,0.144],"RightAnkle":[-0.5009999999999999,0.11500000000000021,0.085],"LeftKnee":[0.43400000000000016,-0.15300000000000002,0.556],"RightKnee":[-0.33499999999999996,0.1469999999999998,0.478],"LeftHip":[0.05699999999999994,-0.19900000000000007,0.756],"RightHip":[-0.15399999999999991,-0.11299999999999999,0.768],"LeftShoulder":[0.2330000000000001,0.03299999999999992,1.209],"RightShoulder":[-0.07800000000000007,0.15200000000000014,1.239],"LeftElbow":[0.33999999999999986,-0.09400000000000008,0.97],"RightElbow":[-0.2929999999999999,0.04800000000000004,1.072],"LeftWrist":[0.42700000000000005,-0.030000000000000027,0.731],"RightWrist":[-0.2849999999999999,0.09100000000000019,0.806],"LeftHand":[0.4950000000000001,-0.008999999999999897,0.691],"RightHand":[-0.21999999999999997,0.1349999999999998,0.812],"LeftFingers":[0.4980000000000002,0.008999999999999897,0.615],"RightFingers":[-0.17599999999999993,0.1469999999999998,0.743],"Core":[-0.026000000000000023,-0.125,1.003],"Neck":[0.10000000000000009,0.14400000000000013,1.25],"Head":[0.1349999999999998,0.2839999999999998,1.335]},"p1":{"LeftToe":[-0.5189999999999999,0.07600000000000007,0.91],"RightToe":[-0.15700000000000003,-0.32600000000000007,1.077],"LeftHeel":[-0.4890000000000001,-0.09400000000000008,0.755],"RightHeel":[-0.03400000000000003,-0.3720000000000001,0.886],"LeftAnkle":[-0.45999999999999996,-0.01200000000000001,0.767],"RightAnkle":[-0.026999999999999913,-0.31800000000000006,0.956],"LeftKnee":[-0.16900000000000004,0.29499999999999993,0.706],"RightKnee":[0.24800000000000022,0.009999999999999787,0.962],"LeftHip":[0.09799999999999986,0.137,0.407],"RightHip":[0.2749999999999999,0.05900000000000016,0.534],"LeftShoulder":[0.3500000000000001,0.4119999999999999,0.08],"RightShoulder":[0.6320000000000001,0.2200000000000002,0.111],"LeftElbow":[0.06499999999999995,0.3879999999999999,0.051],"RightElbow":[0.645,-0.06800000000000006,0.065],"LeftWrist":[-0.09699999999999998,0.20900000000000007,0.145],"RightWrist":[0.399,-0.09800000000000009,0.167],"LeftHand":[-0.16900000000000004,0.20900000000000007,0.178],"RightHand":[0.363,-0.119,0.236],"LeftFingers":[-0.20500000000000007,0.13600000000000012,0.189],"RightFingers":[0.30799999999999983,-0.17799999999999994,0.232],"Core":[0.32600000000000007,0.09299999999999997,0.271],"Neck":[0.4969999999999999,0.33199999999999985,0.135],"Head":[0.5609999999999999,0.4740000000000002,0.194]}}