{"p0":{"LeftToe":[0.75,-0.54,0.025],"RightToe":[0.20299999999999985,-0.016000000000000014,0.025],"LeftHeel":[0.5939999999999999,-0.7050000000000001,0.03],"RightHeel":[0.2509999999999999,-0.2390000000000001,0.034],"LeftAnkle":[0.629,-0.6539999999999999,0.096],"RightAnkle":[0.2410000000000001,-0.17799999999999994,0.1],"LeftKnee":[0.7869999999999999,-0.4119999999999999,0.417],"RightKnee":[0.25,-0.18599999999999994,0.527],"LeftHip":[0.597,-0.5329999999999999,0.785],"RightHip":[0.3719999999999999,-0.5309999999999999,0.749],"LeftShoulder":[0.5569999999999999,0.004999999999999893,1],"RightShoulder":[0.2200000000000002,-0.06099999999999994,0.986],"LeftElbow":[0.5979999999999999,-0.20799999999999996,0.804],"RightElbow":[0.10400000000000009,-0.2669999999999999,0.822],"LeftWrist":[0.5110000000000001,-0.040000000000000036,0.608],"RightWrist":[0.039000000000000146,-0.10000000000000009,0.636],"LeftHand":[0.5289999999999999,0.009999999999999787,0.55],"RightHand":[-0.006999999999999895,-0.040999999999999925,0.604],"LeftFingers":[0.4790000000000001,0.05500000000000016,0.508],"RightFingers":[0.008999999999999897,0.0019999999999997797,0.541],"Core":[0.4580000000000002,-0.33899999999999997,0.917],"Neck":[0.3849999999999998,-0.010000000000000009,1.001],"Head":[0.2839999999999998,0.1200000000000001,1.03]},"p1":{"LeftToe":[0.30900000000000016,-0.544,0.03],"RightToe":[0.4929999999999999,-0.4810000000000001,0.025],"LeftHeel":[0.31899999999999995,-0.31200000000000006,0.03],"RightHeel":[0.42300000000000004,-0.2609999999999999,0.03],"LeftAnkle":[0.2599999999999998,-0.3740000000000001,0.054],"RightAnkle":[0.42600000000000016,-0.32800000000000007,0.085],"LeftKnee":[-0.028000000000000025,-0.248,0.343],"RightKnee":[0.544,-0.12200000000000011,0.44],"LeftHip":[0.09600000000000009,0.0950000000000002,0.114],"RightHip":[0.3250000000000002,0.06300000000000017,0.118],"LeftShoulder":[0.11699999999999999,-0.0009999999999998899,0.636],"RightShoulder":[0.42799999999999994,0.028999999999999915,0.587],"LeftElbow":[0.01100000000000012,-0.1140000000000001,0.392],"RightElbow":[0.379,-0.07200000000000006,0.318],"LeftWrist":[0.24800000000000022,-0.238,0.37],"RightWrist":[0.2639999999999998,-0.278,0.429],"LeftHand":[0.32399999999999984,-0.2609999999999999,0.384],"RightHand":[0.20000000000000018,-0.30600000000000005,0.472],"LeftFingers":[0.3900000000000001,-0.2250000000000001,0.365],"RightFingers":[0.12699999999999978,-0.278,0.445],"Core":[0.21799999999999997,0.19099999999999984,0.332],"Neck":[0.2869999999999999,-0.03200000000000003,0.667],"Head":[0.31499999999999995,-0.17399999999999993,0.749]}}