{"p0":{"LeftToe":[-0.9470000000000001,-0.10400000000000009,0.035],"RightToe":[-1.209,0.8399999999999999,0.032],"LeftHeel":[-1.175,-0.1060000000000001,0.038],"RightHeel":[-1.373,0.6779999999999999,0.053],"LeftAnkle":[-1.117,-0.07699999999999996,0.097],"RightAnkle":[-1.312,0.7130000000000001,0.106],"LeftKnee":[-0.927,0.09799999999999986,0.439],"RightKnee":[-1.085,0.6859999999999999,0.468],"LeftHip":[-1.081,0.2320000000000002,0.818],"RightHip":[-1.182,0.44099999999999984,0.811],"LeftShoulder":[-0.6160000000000001,0.3839999999999999,1.089],"RightShoulder":[-0.728,0.6819999999999999,1.074],"LeftElbow":[-0.393,0.3540000000000001,0.902],"RightElbow":[-0.55,0.8700000000000001,0.941],"LeftWrist":[-0.41100000000000003,0.6099999999999999,0.854],"RightWrist":[-0.395,0.653,0.896],"LeftHand":[-0.44300000000000006,0.6840000000000002,0.838],"RightHand":[-0.33899999999999997,0.597,0.877],"LeftFingers":[-0.502,0.7149999999999999,0.883],"RightFingers":[-0.33099999999999996,0.5270000000000001,0.912],"Core":[-0.9710000000000001,0.41800000000000015,0.982],"Neck":[-0.637,0.5489999999999999,1.147],"Head":[-0.5109999999999999,0.5819999999999999,1.252]},"p1":{"LeftToe":[-0.32899999999999996,0.2519999999999998,0.032],"RightToe":[-0.5740000000000001,1.073,0.029],"LeftHeel":[-0.558,0.28500000000000014,0.03],"RightHeel":[-0.7310000000000001,0.9100000000000001,0.055],"LeftAnkle":[-0.4930000000000001,0.29700000000000015,0.087],"RightAnkle":[-0.6679999999999999,0.94,0.11],"LeftKnee":[-0.4119999999999999,0.28900000000000015,0.507],"RightKnee":[-0.5129999999999999,0.883,0.505],"LeftHip":[-0.655,0.42399999999999993,0.837],"RightHip":[-0.655,0.6549999999999998,0.843],"LeftShoulder":[-0.1399999999999999,0.5169999999999999,1.141],"RightShoulder":[-0.266,0.8029999999999999,1.149],"LeftElbow":[-0.22399999999999998,0.29899999999999993,0.974],"RightElbow":[-0.45399999999999996,0.9380000000000002,0.979],"LeftWrist":[-0.29800000000000004,0.5270000000000001,0.868],"RightWrist":[-0.3580000000000001,0.714,0.859],"LeftHand":[-0.29800000000000004,0.5659999999999998,0.797],"RightHand":[-0.32400000000000007,0.6579999999999999,0.809],"LeftFingers":[-0.3560000000000001,0.6230000000000002,0.788],"RightFingers":[-0.34299999999999997,0.5830000000000002,0.806],"Core":[-0.488,0.5339999999999998,1.021],"Neck":[-0.135,0.6890000000000001,1.144],"Head":[0.027000000000000135,0.7160000000000002,1.111]}}