{"p0":{"LeftToe":[-0.135,0.7599999999999998,0.053],"RightToe":[0.4089999999999998,0.11500000000000021,0.025],"LeftHeel":[0.06300000000000017,0.649,0.061],"RightHeel":[0.6339999999999999,0.13200000000000012,0.075],"LeftAnkle":[0.007000000000000117,0.6760000000000002,0.124],"RightAnkle":[0.56,0.14400000000000013,0.121],"LeftKnee":[0.0019999999999997797,0.637,0.551],"RightKnee":[0.29000000000000004,0.17899999999999983,0.451],"LeftHip":[0.2839999999999998,0.5379999999999998,0.859],"RightHip":[0.3210000000000002,0.31300000000000017,0.856],"LeftShoulder":[0.052000000000000046,0.6030000000000002,1.376],"RightShoulder":[-0.010000000000000009,0.2919999999999998,1.368],"LeftElbow":[-0.014999999999999902,0.798,1.174],"RightElbow":[0.17399999999999993,0.17499999999999982,1.18],"LeftWrist":[-0.17900000000000005,0.7349999999999999,1.368],"RightWrist":[-0.05800000000000005,0.2759999999999998,1.078],"LeftHand":[-0.236,0.718,1.425],"RightHand":[-0.09699999999999998,0.23899999999999988,1.019],"LeftFingers":[-0.2569999999999999,0.6419999999999999,1.442],"RightFingers":[-0.1100000000000001,0.2839999999999998,0.951],"Core":[0.19300000000000006,0.41900000000000004,1.08],"Neck":[-0.03299999999999992,0.45500000000000007,1.424],"Head":[-0.17100000000000004,0.41400000000000015,1.508]},"p1":{"LeftToe":[-0.18900000000000006,0.2509999999999999,0.026],"RightToe":[-0.724,0.9140000000000001,0.026],"LeftHeel":[-0.41300000000000003,0.2869999999999999,0.034],"RightHeel":[-0.919,0.7949999999999999,0.048],"LeftAnkle":[-0.3500000000000001,0.29000000000000004,0.098],"RightAnkle":[-0.8540000000000001,0.8140000000000001,0.105],"LeftKnee":[-0.28800000000000003,0.32200000000000006,0.521],"RightKnee":[-0.6220000000000001,0.8079999999999998,0.468],"LeftHip":[-0.5109999999999999,0.4620000000000002,0.863],"RightHip":[-0.6419999999999999,0.649,0.87],"LeftShoulder":[-0.28,0.41999999999999993,1.327],"RightShoulder":[-0.32200000000000006,0.75,1.369],"LeftElbow":[-0.30499999999999994,0.33000000000000007,1.05],"RightElbow":[-0.31699999999999995,0.8220000000000001,1.091],"LeftWrist":[-0.05400000000000005,0.29499999999999993,1.004],"RightWrist":[-0.07000000000000006,0.8700000000000001,1.182],"LeftHand":[0.020000000000000018,0.274,1.034],"RightHand":[-0.0009999999999998899,0.883,1.218],"LeftFingers":[0.08899999999999997,0.29000000000000004,1.002],"RightFingers":[0.052000000000000046,0.827,1.233],"Core":[-0.5249999999999999,0.5830000000000002,1.104],"Neck":[-0.2709999999999999,0.585,1.389],"Head":[-0.14700000000000002,0.6339999999999999,1.484]}}