{"p0":{"LeftToe":[0.24299999999999988,0.6000000000000001,0.025],"RightToe":[0.8700000000000001,0.20699999999999985,0.025],"LeftHeel":[0.47299999999999986,0.5760000000000001,0.035],"RightHeel":[0.952,0.42399999999999993,0.03],"LeftAnkle":[0.4049999999999998,0.577,0.097],"RightAnkle":[0.9009999999999998,0.3719999999999999,0.086],"LeftKnee":[0.3039999999999998,0.5289999999999999,0.513],"RightKnee":[0.7229999999999999,0.1549999999999998,0.415],"LeftHip":[0.5960000000000001,0.536,0.826],"RightHip":[0.7120000000000002,0.33899999999999997,0.804],"LeftShoulder":[0.31000000000000005,0.41900000000000004,1.296],"RightShoulder":[0.3700000000000001,0.1080000000000001,1.208],"LeftElbow":[0.14800000000000013,0.5289999999999999,1.082],"RightElbow":[0.4049999999999998,0.1589999999999998,0.923],"LeftWrist":[-0.07400000000000007,0.45100000000000007,1.219],"RightWrist":[0.19799999999999995,0.18500000000000005,0.764],"LeftHand":[-0.12200000000000011,0.3919999999999999,1.237],"RightHand":[0.1259999999999999,0.19399999999999995,0.726],"LeftFingers":[-0.1439999999999999,0.33000000000000007,1.187],"RightFingers":[0.12300000000000022,0.20100000000000007,0.645],"Core":[0.5659999999999998,0.367,1.033],"Neck":[0.29000000000000004,0.24299999999999988,1.291],"Head":[0.14000000000000012,0.2160000000000002,1.356]},"p1":{"LeftToe":[-0.32499999999999996,0.14500000000000002,0.038],"RightToe":[-0.18399999999999994,1.044,0.025],"LeftHeel":[-0.44700000000000006,0.3380000000000001,0.031],"RightHeel":[-0.403,1.076,0.079],"LeftAnkle":[-0.41100000000000003,0.2919999999999998,0.101],"RightAnkle":[-0.33099999999999996,1.0579999999999998,0.131],"LeftKnee":[-0.3759999999999999,0.3250000000000002,0.531],"RightKnee":[-0.21599999999999997,0.843,0.483],"LeftHip":[-0.544,0.673,0.723],"RightHip":[-0.45999999999999996,0.8580000000000001,0.836],"LeftShoulder":[-0.16300000000000003,0.34299999999999997,0.998],"RightShoulder":[-0.10699999999999998,0.5920000000000001,1.17],"LeftElbow":[-0.09200000000000008,0.31899999999999995,0.718],"RightElbow":[0.1459999999999999,0.7069999999999999,1.09],"LeftWrist":[0.15300000000000002,0.21399999999999997,0.706],"RightWrist":[0.21399999999999997,0.5270000000000001,1.27],"LeftHand":[0.21499999999999986,0.16599999999999993,0.717],"RightHand":[0.2400000000000002,0.5209999999999999,1.347],"LeftFingers":[0.2799999999999998,0.16400000000000015,0.673],"RightFingers":[0.2919999999999998,0.4620000000000002,1.367],"Core":[-0.399,0.621,0.944],"Neck":[-0.121,0.4169999999999998,1.154],"Head":[0.01399999999999979,0.3460000000000001,1.223]}}