{"p0":{"LeftToe":[0.8490000000000002,0.7709999999999999,0.033],"RightToe":[0.5249999999999999,0.021999999999999797,0.028],"LeftHeel":[0.9510000000000001,0.5699999999999998,0.061],"RightHeel":[0.742,-0.050000000000000044,0.031],"LeftAnkle":[0.9009999999999998,0.6200000000000001,0.12],"RightAnkle":[0.6880000000000002,-0.014000000000000012,0.097],"LeftKnee":[0.7069999999999999,0.6579999999999999,0.504],"RightKnee":[0.5489999999999999,0.14500000000000002,0.474],"LeftHip":[0.7879999999999998,0.488,0.891],"RightHip":[0.6930000000000001,0.28100000000000014,0.857],"LeftShoulder":[0.4500000000000002,0.6800000000000002,1.282],"RightShoulder":[0.29400000000000004,0.42700000000000005,1.276],"LeftElbow":[0.3660000000000001,0.685,1.003],"RightElbow":[0.11100000000000021,0.3580000000000001,1.065],"LeftWrist":[0.19600000000000017,0.8610000000000002,1.096],"RightWrist":[0.015000000000000124,0.4969999999999999,1.28],"LeftHand":[0.13200000000000012,0.903,1.106],"RightHand":[-0.0129999999999999,0.5249999999999999,1.353],"LeftFingers":[0.05900000000000016,0.8740000000000001,1.104],"RightFingers":[-0.016000000000000014,0.5990000000000002,1.376],"Core":[0.5990000000000002,0.4169999999999998,1.073],"Neck":[0.31199999999999983,0.5880000000000001,1.336],"Head":[0.2160000000000002,0.7120000000000002,1.38]},"p1":{"LeftToe":[-0.3520000000000001,0.5270000000000001,0.026],"RightToe":[-0.07800000000000007,1.209,0.025],"LeftHeel":[-0.5469999999999999,0.6459999999999999,0.046],"RightHeel":[-0.30600000000000005,1.1760000000000002,0.032],"LeftAnkle":[-0.488,0.6200000000000001,0.105],"RightAnkle":[-0.2430000000000001,1.177,0.096],"LeftKnee":[-0.28400000000000003,0.548,0.477],"RightKnee":[-0.1419999999999999,1.0779999999999998,0.5],"LeftHip":[-0.3939999999999999,0.694,0.868],"RightHip":[-0.30400000000000005,0.907,0.857],"LeftShoulder":[-0.07800000000000007,0.5049999999999999,1.242],"RightShoulder":[0.051000000000000156,0.7999999999999998,1.275],"LeftElbow":[-0.07099999999999995,0.2799999999999998,1.061],"RightElbow":[0.1389999999999998,0.8290000000000002,0.997],"LeftWrist":[0.1589999999999998,0.2919999999999998,1.182],"RightWrist":[0.403,0.7669999999999999,1.004],"LeftHand":[0.21499999999999986,0.28200000000000003,1.24],"RightHand":[0.46899999999999986,0.7290000000000001,1.03],"LeftFingers":[0.23099999999999987,0.34299999999999997,1.294],"RightFingers":[0.4580000000000002,0.653,1.06],"Core":[-0.27,0.7810000000000001,1.091],"Neck":[0.020999999999999908,0.6309999999999998,1.314],"Head":[0.1160000000000001,0.5019999999999998,1.361]}}