{"p0":{"LeftToe":[0.2839999999999998,-0.361,0.031],"RightToe":[-0.266,0.04800000000000004,0.025],"LeftHeel":[0.12199999999999989,-0.52,0.048],"RightHeel":[-0.359,-0.16399999999999992,0.03],"LeftAnkle":[0.15300000000000002,-0.45999999999999996,0.111],"RightAnkle":[-0.32200000000000006,-0.10899999999999999,0.088],"LeftKnee":[0.2959999999999998,-0.15100000000000002,0.371],"RightKnee":[-0.10099999999999998,0.12400000000000011,0.373],"LeftHip":[0.06099999999999994,-0.254,0.715],"RightHip":[-0.1319999999999999,-0.1279999999999999,0.72],"LeftShoulder":[0.3500000000000001,0.1200000000000001,0.976],"RightShoulder":[0.10000000000000009,0.29300000000000015,0.953],"LeftElbow":[0.5230000000000001,0.2370000000000001,0.777],"RightElbow":[-0.010999999999999899,0.2519999999999998,0.687],"LeftWrist":[0.3370000000000002,0.3900000000000001,0.681],"RightWrist":[0.258,0.2709999999999999,0.664],"LeftHand":[0.2999999999999998,0.403,0.613],"RightHand":[0.3370000000000002,0.246,0.667],"LeftFingers":[0.2250000000000001,0.3759999999999999,0.6],"RightFingers":[0.391,0.30600000000000005,0.652],"Core":[0.040999999999999925,-0.06899999999999995,0.915],"Neck":[0.2559999999999998,0.258,1.02],"Head":[0.3490000000000002,0.3799999999999999,1.075]},"p1":{"LeftToe":[0.2759999999999998,0.758,0.025],"RightToe":[0.762,0.347,0.038],"LeftHeel":[0.43999999999999995,0.9209999999999998,0.03],"RightHeel":[0.81,0.5699999999999998,0.041],"LeftAnkle":[0.4009999999999998,0.8660000000000001,0.091],"RightAnkle":[0.7919999999999998,0.5129999999999999,0.105],"LeftKnee":[0.2629999999999999,0.6749999999999998,0.454],"RightKnee":[0.6669999999999998,0.41999999999999993,0.504],"LeftHip":[0.43400000000000016,0.7749999999999999,0.837],"RightHip":[0.6400000000000001,0.677,0.845],"LeftShoulder":[0.10999999999999988,0.367,0.791],"RightShoulder":[0.33999999999999986,0.1589999999999998,0.818],"LeftElbow":[0.23499999999999988,0.5590000000000002,0.609],"RightElbow":[0.4889999999999999,0.2570000000000001,0.587],"LeftWrist":[0.14500000000000002,0.31800000000000006,0.612],"RightWrist":[0.2410000000000001,0.16400000000000015,0.648],"LeftHand":[0.15300000000000002,0.23899999999999988,0.606],"RightHand":[0.17300000000000004,0.125,0.637],"LeftFingers":[0.19499999999999984,0.19700000000000006,0.663],"RightFingers":[0.10400000000000009,0.1349999999999998,0.675],"Core":[0.43299999999999983,0.5099999999999998,0.891],"Neck":[0.17300000000000004,0.20100000000000007,0.779],"Head":[0.133,0.041999999999999815,0.746]}}