{"p0":{"LeftToe":[-0.8680000000000001,0.32600000000000007,0.025],"RightToe":[-0.19700000000000006,0.581,0.025],"LeftHeel":[-0.839,0.552,0.03],"RightHeel":[-0.32899999999999996,0.7709999999999999,0.03],"LeftAnkle":[-0.831,0.4889999999999999,0.093],"RightAnkle":[-0.2909999999999999,0.718,0.089],"LeftKnee":[-0.7490000000000001,0.3530000000000002,0.483],"RightKnee":[-0.2390000000000001,0.528,0.456],"LeftHip":[-0.6020000000000001,0.6360000000000001,0.788],"RightHip":[-0.4079999999999999,0.7639999999999998,0.783],"LeftShoulder":[-0.42700000000000005,0.20299999999999985,1.063],"RightShoulder":[-0.17199999999999993,0.3690000000000002,1.169],"LeftElbow":[-0.389,0.18900000000000006,0.777],"RightElbow":[0.10499999999999998,0.4460000000000002,1.12],"LeftWrist":[-0.135,0.18100000000000005,0.738],"RightWrist":[-0.030999999999999917,0.31199999999999983,0.934],"LeftHand":[-0.06099999999999994,0.15600000000000014,0.758],"RightHand":[-0.052000000000000046,0.2370000000000001,0.942],"LeftFingers":[-0.014000000000000012,0.1070000000000002,0.721],"RightFingers":[-0.11299999999999999,0.21099999999999985,0.982],"Core":[-0.40700000000000003,0.56,0.956],"Neck":[-0.276,0.2280000000000002,1.142],"Head":[-0.17900000000000005,0.09600000000000009,1.147]},"p1":{"LeftToe":[0.06800000000000006,0.6339999999999999,0.046],"RightToe":[0.5569999999999999,0.1030000000000002,0.025],"LeftHeel":[0.28100000000000014,0.7130000000000001,0.033],"RightHeel":[0.762,0.2120000000000002,0.03],"LeftAnkle":[0.2280000000000002,0.6890000000000001,0.104],"RightAnkle":[0.6989999999999998,0.19300000000000006,0.093],"LeftKnee":[0.12400000000000011,0.5779999999999998,0.498],"RightKnee":[0.5030000000000001,0.16100000000000003,0.461],"LeftHip":[0.4009999999999998,0.5379999999999998,0.841],"RightHip":[0.5750000000000002,0.3849999999999998,0.83],"LeftShoulder":[0.0019999999999997797,0.2410000000000001,1.042],"RightShoulder":[0.19300000000000006,-0.02400000000000002,1.012],"LeftElbow":[-0.08400000000000007,0.5169999999999999,1.056],"RightElbow":[0.12699999999999978,-0.07099999999999995,0.732],"LeftWrist":[-0.33899999999999997,0.52,1.118],"RightWrist":[-0.06899999999999995,0.11299999999999999,0.734],"LeftHand":[-0.41900000000000004,0.508,1.126],"RightHand":[-0.1379999999999999,0.129,0.774],"LeftFingers":[-0.4610000000000001,0.4700000000000002,1.065],"RightFingers":[-0.16900000000000004,0.20299999999999985,0.762],"Core":[0.3620000000000001,0.3039999999999998,0.973],"Neck":[0.052000000000000046,0.07600000000000007,1.05],"Head":[-0.04400000000000004,-0.05499999999999994,1.09]}}