{"p0":{"LeftToe":[0.8500000000000001,-0.7150000000000001,0.032],"RightToe":[0.20599999999999996,-0.016000000000000014,0.025],"LeftHeel":[0.6739999999999999,-0.8580000000000001,0.05],"RightHeel":[0.2570000000000001,-0.238,0.031],"LeftAnkle":[0.7050000000000001,-0.7949999999999999,0.106],"RightAnkle":[0.2469999999999999,-0.17700000000000005,0.097],"LeftKnee":[0.7330000000000001,-0.508,0.422],"RightKnee":[0.2320000000000002,-0.17900000000000005,0.527],"LeftHip":[0.5129999999999999,-0.54,0.788],"RightHip":[0.28500000000000014,-0.538,0.757],"LeftShoulder":[0.4830000000000001,-0.02400000000000002,0.969],"RightShoulder":[0.17300000000000004,-0.06099999999999994,0.962],"LeftElbow":[0.6059999999999999,-0.22599999999999998,0.798],"RightElbow":[0.020999999999999908,-0.28400000000000003,0.851],"LeftWrist":[0.4990000000000001,-0.038999999999999924,0.655],"RightWrist":[0.053999999999999826,-0.07400000000000007,0.683],"LeftHand":[0.532,0.03200000000000003,0.644],"RightHand":[0.03399999999999981,0.0030000000000001137,0.672],"LeftFingers":[0.5070000000000001,0.07500000000000018,0.58],"RightFingers":[0.06400000000000006,0.03799999999999981,0.603],"Core":[0.371,-0.375,0.95],"Neck":[0.31899999999999995,0.03799999999999981,0.991],"Head":[0.30600000000000005,0.20500000000000007,0.993]},"p1":{"LeftToe":[0.367,-0.20399999999999996,0.046],"RightToe":[0.262,-0.496,0.028],"LeftHeel":[0.23399999999999999,-0.020999999999999908,0.067],"RightHeel":[0.20699999999999985,-0.2749999999999999,0.036],"LeftAnkle":[0.24400000000000022,-0.09400000000000008,0.123],"RightAnkle":[0.2669999999999999,-0.32400000000000007,0.086],"LeftKnee":[-0.04299999999999993,-0.19199999999999995,0.425],"RightKnee":[0.496,-0.16500000000000004,0.414],"LeftHip":[0.09100000000000019,0.09200000000000008,0.129],"RightHip":[0.31899999999999995,0.07699999999999996,0.105],"LeftShoulder":[0.129,-0.050000000000000044,0.624],"RightShoulder":[0.45299999999999985,-0.052999999999999936,0.551],"LeftElbow":[0.12199999999999989,-0.2709999999999999,0.441],"RightElbow":[0.6469999999999998,-0.20100000000000007,0.394],"LeftWrist":[0.3799999999999999,-0.2230000000000001,0.444],"RightWrist":[0.7829999999999999,-0.43300000000000005,0.404],"LeftHand":[0.43999999999999995,-0.2290000000000001,0.492],"RightHand":[0.8119999999999998,-0.4990000000000001,0.433],"LeftFingers":[0.5110000000000001,-0.19999999999999996,0.489],"RightFingers":[0.7709999999999999,-0.5680000000000001,0.434],"Core":[0.2360000000000002,0.16699999999999982,0.347],"Neck":[0.30299999999999994,-0.06099999999999994,0.643],"Head":[0.3599999999999999,-0.20700000000000007,0.701]}}