{"p0":{"LeftToe":[0.5419999999999998,-0.29899999999999993,0.025],"RightToe":[-0.4890000000000001,-0.18700000000000006,0.029],"LeftHeel":[0.3849999999999998,-0.4690000000000001,0.041],"RightHeel":[-0.4670000000000001,-0.4139999999999999,0.03],"LeftAnkle":[0.42300000000000004,-0.41100000000000003,0.093],"RightAnkle":[-0.45100000000000007,-0.351,0.091],"LeftKnee":[0.43699999999999983,-0.20500000000000007,0.469],"RightKnee":[-0.29800000000000004,-0.20999999999999996,0.467],"LeftHip":[0.18000000000000016,-0.42700000000000005,0.736],"RightHip":[-0.052000000000000046,-0.43100000000000005,0.743],"LeftShoulder":[0.18500000000000005,0.1280000000000001,0.762],"RightShoulder":[-0.10499999999999998,0.08300000000000018,0.683],"LeftElbow":[0.33999999999999986,-0.040000000000000036,0.578],"RightElbow":[-0.17199999999999993,-0.08899999999999997,0.455],"LeftWrist":[0.41900000000000004,-0.131,0.346],"RightWrist":[-0.06699999999999995,0.020999999999999908,0.23],"LeftHand":[0.4660000000000002,-0.06299999999999994,0.34],"RightHand":[-0.03400000000000003,0.08700000000000019,0.264],"LeftFingers":[0.5009999999999999,-0.050000000000000044,0.268],"RightFingers":[-0.008999999999999897,0.14500000000000002,0.21],"Core":[0.06199999999999983,-0.20900000000000007,0.838],"Neck":[0.016000000000000014,0.17799999999999994,0.768],"Head":[0.008999999999999897,0.33000000000000007,0.708]},"p1":{"LeftToe":[-0.516,-0.3500000000000001,0.894],"RightToe":[0.7650000000000001,-0.6080000000000001,0.424],"LeftHeel":[-0.391,-0.4610000000000001,0.735],"RightHeel":[0.56,-0.657,0.333],"LeftAnkle":[-0.40900000000000003,-0.3779999999999999,0.755],"RightAnkle":[0.5960000000000001,-0.5780000000000001,0.365],"LeftKnee":[-0.32200000000000006,-0.06699999999999995,0.471],"RightKnee":[0.5310000000000001,-0.15399999999999991,0.306],"LeftHip":[-0.08699999999999997,-0.133,0.115],"RightHip":[0.14500000000000002,-0.1459999999999999,0.112],"LeftShoulder":[-0.15399999999999991,0.41999999999999993,0.081],"RightShoulder":[0.1349999999999998,0.4620000000000002,0.11],"LeftElbow":[-0.32400000000000007,0.19099999999999984,0.049],"RightElbow":[0.35199999999999987,0.2839999999999998,0.045],"LeftWrist":[-0.15700000000000003,0.05799999999999983,0.201],"RightWrist":[0.3380000000000001,0.05900000000000016,0.192],"LeftHand":[-0.14500000000000002,0.040999999999999925,0.281],"RightHand":[0.367,0.06700000000000017,0.265],"LeftFingers":[-0.07400000000000007,0.01100000000000012,0.306],"RightFingers":[0.3900000000000001,-0.0020000000000000018,0.304],"Core":[0.03799999999999981,0.1030000000000002,0.101],"Neck":[-0.02499999999999991,0.5209999999999999,0.139],"Head":[-0.018999999999999906,0.6709999999999998,0.201]}}