{"p0":{"LeftToe":[-1.73,0.589,0.03],"RightToe":[-1.3090000000000002,1.315,0.025],"LeftHeel":[-1.801,0.5950000000000002,0.25],"RightHeel":[-1.4300000000000002,1.2440000000000002,0.211],"LeftAnkle":[-1.726,0.573,0.211],"RightAnkle":[-1.347,1.237,0.181],"LeftKnee":[-1.323,0.43100000000000005,0.187],"RightKnee":[-1.037,0.9489999999999998,0.244],"LeftHip":[-1.016,0.44300000000000006,0.485],"RightHip":[-0.887,0.6339999999999999,0.491],"LeftShoulder":[-0.5549999999999999,0.10599999999999987,0.369],"RightShoulder":[-0.41500000000000004,0.375,0.28],"LeftElbow":[-0.696,0.04400000000000004,0.123],"RightElbow":[-0.613,0.5760000000000001,0.223],"LeftWrist":[-0.44199999999999995,0.06999999999999984,0.079],"RightWrist":[-0.7509999999999999,0.4590000000000001,0.02],"LeftHand":[-0.373,0.09100000000000019,0.051],"RightHand":[-0.683,0.41999999999999993,0.02],"LeftFingers":[-0.3540000000000001,0.16400000000000015,0.03],"RightFingers":[-0.665,0.3500000000000001,0.048],"Core":[-0.752,0.41100000000000003,0.431],"Neck":[-0.42500000000000004,0.22199999999999998,0.36],"Head":[-0.29499999999999993,0.18199999999999994,0.263]},"p1":{"LeftToe":[-0.8600000000000001,-0.49,0.04],"RightToe":[-0.937,0.6379999999999999,0.045],"LeftHeel":[-0.7849999999999999,-0.33000000000000007,0.186],"RightHeel":[-0.905,0.5230000000000001,0.243],"LeftAnkle":[-0.7390000000000001,-0.387,0.129],"RightAnkle":[-0.855,0.5659999999999998,0.185],"LeftKnee":[-0.34299999999999997,-0.5409999999999999,0.05],"RightKnee":[-0.5409999999999999,0.30900000000000016,0.05],"LeftHip":[-0.4690000000000001,-0.17700000000000005,0.235],"RightHip":[-0.30800000000000005,-0.020999999999999908,0.192],"LeftShoulder":[0.06999999999999984,-0.43199999999999994,0.329],"RightShoulder":[0.13600000000000012,-0.15300000000000002,0.308],"LeftElbow":[0.06300000000000017,-0.516,0.05],"RightElbow":[0.1349999999999998,-0.018999999999999906,0.049],"LeftWrist":[0.31999999999999984,-0.5429999999999999,0.054],"RightWrist":[0.31400000000000006,-0.2230000000000001,0.023],"LeftHand":[0.3889999999999998,-0.556,0.099],"RightHand":[0.347,-0.2869999999999999,0.059],"LeftFingers":[0.45699999999999985,-0.5489999999999999,0.053],"RightFingers":[0.3730000000000002,-0.353,0.026],"Core":[-0.22799999999999998,-0.21799999999999997,0.354],"Neck":[0.12699999999999978,-0.29000000000000004,0.42],"Head":[0.28100000000000014,-0.3460000000000001,0.451]}}