{"p0":{"LeftToe":[0.9199999999999999,0.1349999999999998,0.025],"RightToe":[0.17799999999999994,-0.02400000000000002,0.025],"LeftHeel":[0.7879999999999998,-0.05600000000000005,0.03],"RightHeel":[0.2999999999999998,-0.2230000000000001,0.03],"LeftAnkle":[0.81,0.008999999999999897,0.085],"RightAnkle":[0.26900000000000013,-0.16399999999999992,0.088],"LeftKnee":[0.7949999999999999,0.19799999999999995,0.469],"RightKnee":[0.23399999999999999,0.10199999999999987,0.421],"LeftHip":[0.5859999999999999,0.0259999999999998,0.802],"RightHip":[0.3820000000000001,-0.08200000000000007,0.781],"LeftShoulder":[0.41100000000000003,0.5489999999999999,0.82],"RightShoulder":[0.1299999999999999,0.44899999999999984,0.721],"LeftElbow":[0.5750000000000002,0.3620000000000001,0.674],"RightElbow":[0.06599999999999984,0.3460000000000001,0.46],"LeftWrist":[0.42799999999999994,0.29499999999999993,0.472],"RightWrist":[0.10099999999999998,0.43500000000000005,0.21],"LeftHand":[0.4700000000000002,0.31499999999999995,0.404],"RightHand":[0.04599999999999982,0.4889999999999999,0.184],"LeftFingers":[0.476,0.2559999999999998,0.349],"RightFingers":[0.039000000000000146,0.5179999999999998,0.113],"Core":[0.3679999999999999,0.18299999999999983,0.818],"Neck":[0.2400000000000002,0.5579999999999998,0.796],"Head":[0.19399999999999995,0.7160000000000002,0.785]},"p1":{"LeftToe":[0.27300000000000013,-0.272,0.52],"RightToe":[0.22599999999999998,-0.30699999999999994,0.351],"LeftHeel":[0.2999999999999998,-0.238,0.294],"RightHeel":[0.22199999999999998,-0.1299999999999999,0.203],"LeftAnkle":[0.254,-0.19799999999999995,0.356],"RightAnkle":[0.2370000000000001,-0.1419999999999999,0.288],"LeftKnee":[0.09799999999999986,0.17499999999999982,0.496],"RightKnee":[0.42399999999999993,0.18999999999999995,0.483],"LeftHip":[0.08400000000000007,0.3370000000000002,0.096],"RightHip":[0.31599999999999984,0.3420000000000001,0.093],"LeftShoulder":[0.020999999999999908,0.883,0.222],"RightShoulder":[0.3639999999999999,0.887,0.218],"LeftElbow":[-0.11099999999999999,0.6520000000000001,0.107],"RightElbow":[0.42399999999999993,0.6110000000000002,0.143],"LeftWrist":[-0.0040000000000000036,0.44799999999999995,0.224],"RightWrist":[0.44799999999999995,0.43000000000000016,0.345],"LeftHand":[0.016000000000000014,0.46799999999999997,0.301],"RightHand":[0.46499999999999986,0.4009999999999998,0.415],"LeftFingers":[0.08800000000000008,0.43800000000000017,0.326],"RightFingers":[0.43400000000000016,0.33499999999999996,0.448],"Core":[0.19499999999999984,0.5819999999999999,0.1],"Neck":[0.19300000000000006,0.9169999999999998,0.247],"Head":[0.18199999999999994,1.052,0.344]}}