{"p0":{"LeftToe":[-0.123,0.30200000000000005,0.025],"RightToe":[0.9580000000000002,-0.06499999999999995,0.027],"LeftHeel":[0.10599999999999987,0.29800000000000004,0.045],"RightHeel":[0.9660000000000002,0.16000000000000014,0.066],"LeftAnkle":[0.03799999999999981,0.29899999999999993,0.106],"RightAnkle":[0.9249999999999998,0.09200000000000008,0.112],"LeftKnee":[0.03500000000000014,0.2610000000000001,0.537],"RightKnee":[0.661,-0.11699999999999999,0.381],"LeftHip":[0.43100000000000005,0.31899999999999995,0.689],"RightHip":[0.6150000000000002,0.18299999999999983,0.687],"LeftShoulder":[0.33000000000000007,0.1160000000000001,1.179],"RightShoulder":[0.5830000000000002,-0.04699999999999993,1.088],"LeftElbow":[0.18599999999999994,0.3610000000000002,1.136],"RightElbow":[0.5779999999999998,-0.07299999999999995,0.802],"LeftWrist":[0.2839999999999998,0.20500000000000007,0.95],"RightWrist":[0.3330000000000002,-0.038000000000000034,0.702],"LeftHand":[0.32200000000000006,0.1339999999999999,0.951],"RightHand":[0.2679999999999998,-0.030000000000000027,0.654],"LeftFingers":[0.359,0.10199999999999987,1.015],"RightFingers":[0.2829999999999999,-0.006999999999999895,0.576],"Core":[0.5459999999999998,0.2839999999999998,0.929],"Neck":[0.43000000000000016,-0.02499999999999991,1.166],"Head":[0.347,-0.15599999999999992,1.227]},"p1":{"LeftToe":[0.03200000000000003,-0.026999999999999913,0.025],"RightToe":[0.2629999999999999,0.7869999999999999,0.025],"LeftHeel":[-0.014000000000000012,0.20100000000000007,0.03],"RightHeel":[0.03200000000000003,0.81,0.03],"LeftAnkle":[-0.008999999999999897,0.1349999999999998,0.088],"RightAnkle":[0.09600000000000009,0.782,0.084],"LeftKnee":[-0.050999999999999934,0.06499999999999995,0.51],"RightKnee":[0.23499999999999988,0.6299999999999999,0.459],"LeftHip":[-0.15399999999999991,0.4119999999999999,0.744],"RightHip":[0.015000000000000124,0.5529999999999999,0.817],"LeftShoulder":[-0.03200000000000003,-0.018000000000000016,0.928],"RightShoulder":[0.21899999999999986,0.10999999999999988,1.051],"LeftElbow":[0.03699999999999992,-0.09499999999999997,0.654],"RightElbow":[0.39400000000000013,0.3380000000000001,1.105],"LeftWrist":[0.274,0.007000000000000117,0.642],"RightWrist":[0.6459999999999999,0.2559999999999998,1.041],"LeftHand":[0.351,-0.0009999999999998899,0.635],"RightHand":[0.7000000000000002,0.19600000000000017,1.029],"LeftFingers":[0.399,0.06099999999999994,0.626],"RightFingers":[0.6859999999999999,0.1459999999999999,0.965],"Core":[-0.05400000000000005,0.3490000000000002,0.984],"Neck":[0.11799999999999988,-0.03299999999999992,1.019],"Head":[0.16999999999999993,-0.19100000000000006,1.036]}}