{"p0":{"LeftToe":[0.6659999999999999,-0.5229999999999999,0.025],"RightToe":[-0.657,-0.33000000000000007,0.028],"LeftHeel":[0.5419999999999998,-0.712,0.051],"RightHeel":[-0.585,-0.546,0.03],"LeftAnkle":[0.556,-0.639,0.106],"RightAnkle":[-0.583,-0.4830000000000001,0.092],"LeftKnee":[0.3999999999999999,-0.4950000000000001,0.47],"RightKnee":[-0.3440000000000001,-0.3500000000000001,0.409],"LeftHip":[0.06599999999999984,-0.6599999999999999,0.708],"RightHip":[-0.16399999999999992,-0.6259999999999999,0.702],"LeftShoulder":[0.24800000000000022,-0.139,0.71],"RightShoulder":[-0.040000000000000036,-0.05400000000000005,0.59],"LeftElbow":[0.43900000000000006,-0.19900000000000007,0.498],"RightElbow":[-0.14900000000000002,-0.08299999999999996,0.321],"LeftWrist":[0.44300000000000006,0.03500000000000014,0.382],"RightWrist":[-0.2230000000000001,0.03299999999999992,0.087],"LeftHand":[0.43599999999999994,0.10899999999999999,0.404],"RightHand":[-0.20599999999999996,0.08899999999999997,0.143],"LeftFingers":[0.48,0.17200000000000015,0.378],"RightFingers":[-0.19500000000000006,0.16599999999999993,0.115],"Core":[-0.010999999999999899,-0.4039999999999999,0.7],"Neck":[0.09799999999999986,-0.04400000000000004,0.699],"Head":[0.09100000000000019,0.11799999999999988,0.737]},"p1":{"LeftToe":[0.10000000000000009,-0.34299999999999997,0.025],"RightToe":[0.3530000000000002,-0.357,0.025],"LeftHeel":[0.16100000000000003,-0.1200000000000001,0.03],"RightHeel":[0.3929999999999998,-0.1319999999999999,0.03],"LeftAnkle":[0.08499999999999996,-0.16599999999999993,0.045],"RightAnkle":[0.375,-0.19300000000000006,0.091],"LeftKnee":[-0.2509999999999999,0.08499999999999996,0.052],"RightKnee":[0.5249999999999999,0.09600000000000009,0.357],"LeftHip":[0.06300000000000017,0.3929999999999998,0.09],"RightHip":[0.29300000000000015,0.359,0.09],"LeftShoulder":[-0.040999999999999925,0.556,0.567],"RightShoulder":[0.2410000000000001,0.399,0.642],"LeftElbow":[-0.10000000000000009,0.645,0.294],"RightElbow":[0.45500000000000007,0.41100000000000003,0.445],"LeftWrist":[-0.24,0.7000000000000002,0.081],"RightWrist":[0.4950000000000001,0.1419999999999999,0.438],"LeftHand":[-0.30000000000000004,0.7549999999999999,0.079],"RightHand":[0.5289999999999999,0.06999999999999984,0.451],"LeftFingers":[-0.353,0.7629999999999999,0.022],"RightFingers":[0.47699999999999987,0.005999999999999783,0.442],"Core":[0.19899999999999984,0.508,0.293],"Neck":[0.07699999999999996,0.4540000000000002,0.652],"Head":[0.016000000000000014,0.383,0.786]}}