{"p0":{"LeftToe":[-0.20799999999999996,-1.0859999999999999,0.025],"RightToe":[-0.817,-0.2490000000000001,0.025],"LeftHeel":[-0.43500000000000005,-1.112,0.036],"RightHeel":[-0.929,-0.45199999999999996,0.031],"LeftAnkle":[-0.373,-1.0739999999999998,0.093],"RightAnkle":[-0.8759999999999999,-0.4099999999999999,0.086],"LeftKnee":[-0.15900000000000003,-0.8260000000000001,0.375],"RightKnee":[-0.575,-0.32000000000000006,0.381],"LeftHip":[-0.21399999999999997,-0.5980000000000001,0.737],"RightHip":[-0.3720000000000001,-0.42900000000000005,0.747],"LeftShoulder":[0.22699999999999987,-0.276,0.647],"RightShoulder":[0.0259999999999998,-0.028000000000000025,0.63],"LeftElbow":[0.31599999999999984,-0.30099999999999993,0.374],"RightElbow":[0.12400000000000011,0.09799999999999986,0.384],"LeftWrist":[0.41900000000000004,-0.2789999999999999,0.139],"RightWrist":[0.31099999999999994,0.22599999999999998,0.232],"LeftHand":[0.4980000000000002,-0.258,0.148],"RightHand":[0.33999999999999986,0.29400000000000004,0.255],"LeftFingers":[0.5539999999999998,-0.262,0.093],"RightFingers":[0.3919999999999999,0.34299999999999997,0.224],"Core":[-0.11699999999999999,-0.347,0.754],"Neck":[0.17799999999999994,-0.1100000000000001,0.653],"Head":[0.30500000000000016,-0.0040000000000000036,0.642]},"p1":{"LeftToe":[-0.389,-0.125,0.751],"RightToe":[0.27,-0.8109999999999999,0.065],"LeftHeel":[-0.2430000000000001,-0.20199999999999996,0.593],"RightHeel":[0.1429999999999998,-0.6180000000000001,0.057],"LeftAnkle":[-0.244,-0.1259999999999999,0.643],"RightAnkle":[0.2320000000000002,-0.633,0.061],"LeftKnee":[0.029999999999999805,0.20900000000000007,0.649],"RightKnee":[0.4830000000000001,-0.2829999999999999,0.059],"LeftHip":[0.1070000000000002,0.20800000000000018,0.228],"RightHip":[0.19099999999999984,0.03100000000000014,0.108],"LeftShoulder":[0.5659999999999998,0.5409999999999999,0.182],"RightShoulder":[0.7080000000000002,0.29000000000000004,0.08],"LeftElbow":[0.30200000000000005,0.42799999999999994,0.237],"RightElbow":[0.577,0.028000000000000025,0.086],"LeftWrist":[0.22999999999999998,0.20500000000000007,0.353],"RightWrist":[0.44499999999999984,-0.20300000000000007,0.141],"LeftHand":[0.2370000000000001,0.13600000000000012,0.396],"RightHand":[0.4700000000000002,-0.2529999999999999,0.201],"LeftFingers":[0.21300000000000008,0.06599999999999984,0.374],"RightFingers":[0.43599999999999994,-0.32699999999999996,0.212],"Core":[0.33899999999999997,0.2589999999999999,0.102],"Neck":[0.71,0.43900000000000006,0.176],"Head":[0.8140000000000001,0.45500000000000007,0.306]}}