{"p0":{"LeftToe":[-0.1359999999999999,1.327,0.025],"RightToe":[-0.07000000000000006,0.6589999999999998,0.044],"LeftHeel":[0.07600000000000007,1.2429999999999999,0.037],"RightHeel":[0.1259999999999999,0.6970000000000001,0.165],"LeftAnkle":[0,1.221,0.077],"RightAnkle":[0.04700000000000015,0.6619999999999999,0.179],"LeftKnee":[-0.34299999999999997,1.0950000000000002,0.3],"RightKnee":[-0.32200000000000006,0.4940000000000002,0.316],"LeftHip":[-0.010000000000000009,0.8500000000000001,0.425],"RightHip":[0.07299999999999995,0.6349999999999998,0.403],"LeftShoulder":[-0.04899999999999993,0.7959999999999998,0.959],"RightShoulder":[0.1549999999999998,0.5579999999999998,0.951],"LeftElbow":[-0.14900000000000002,0.7440000000000002,0.694],"RightElbow":[0.0990000000000002,0.30699999999999994,0.822],"LeftWrist":[-0.07699999999999996,0.5019999999999998,0.762],"RightWrist":[-0.050000000000000044,0.5049999999999999,0.719],"LeftHand":[-0.09099999999999997,0.43599999999999994,0.721],"RightHand":[-0.07099999999999995,0.5249999999999999,0.795],"LeftFingers":[-0.1100000000000001,0.3639999999999999,0.747],"RightFingers":[-0.01200000000000001,0.5430000000000001,0.849],"Core":[0.129,0.7570000000000001,0.638],"Neck":[0.04300000000000015,0.6669999999999998,1.036],"Head":[-0.0040000000000000036,0.7050000000000001,1.192]},"p1":{"LeftToe":[-0.248,0.2530000000000001,0.025],"RightToe":[-0.784,0.9140000000000001,0.026],"LeftHeel":[-0.474,0.28600000000000003,0.031],"RightHeel":[-0.9690000000000001,0.7959999999999998,0.063],"LeftAnkle":[-0.41100000000000003,0.2909999999999999,0.094],"RightAnkle":[-0.9139999999999999,0.8140000000000001,0.104],"LeftKnee":[-0.244,0.33199999999999985,0.488],"RightKnee":[-0.6040000000000001,0.7930000000000001,0.435],"LeftHip":[-0.502,0.43800000000000017,0.818],"RightHip":[-0.571,0.657,0.843],"LeftShoulder":[-0.18900000000000006,0.2599999999999998,1.03],"RightShoulder":[-0.038999999999999924,0.5539999999999998,1.101],"LeftElbow":[-0.1140000000000001,0.10899999999999999,0.792],"RightElbow":[0.052000000000000046,0.472,0.839],"LeftWrist":[0.11100000000000021,0.23399999999999999,0.768],"RightWrist":[0.11500000000000021,0.3570000000000002,0.606],"LeftHand":[0.17799999999999994,0.2450000000000001,0.808],"RightHand":[0.17700000000000005,0.33499999999999996,0.56],"LeftFingers":[0.21499999999999986,0.31099999999999994,0.828],"RightFingers":[0.15799999999999992,0.31700000000000017,0.482],"Core":[-0.405,0.5609999999999999,1.038],"Neck":[-0.07499999999999996,0.3849999999999998,1.079],"Head":[0.08099999999999996,0.33499999999999996,1.045]}}