{"p0":{"LeftToe":[-0.43100000000000005,-0.4139999999999999,0.025],"RightToe":[-0.613,-0.121,0.025],"LeftHeel":[-0.2470000000000001,-0.33299999999999996,0.141],"RightHeel":[-0.43100000000000005,-0.014000000000000012,0.112],"LeftAnkle":[-0.266,-0.359,0.058],"RightAnkle":[-0.4870000000000001,0.008999999999999897,0.043],"LeftKnee":[0.15799999999999992,-0.29699999999999993,0.053],"RightKnee":[-0.21599999999999997,0.3450000000000002,0.05],"LeftHip":[-0.21799999999999997,-0.20799999999999996,0.238],"RightHip":[-0.351,-0.02400000000000002,0.219],"LeftShoulder":[-0.018999999999999906,-0.18700000000000006,0.723],"RightShoulder":[-0.139,0.10499999999999998,0.772],"LeftElbow":[0.10499999999999998,-0.21900000000000008,0.465],"RightElbow":[-0.07099999999999995,0.30600000000000005,0.577],"LeftWrist":[0.2200000000000002,0.0019999999999997797,0.382],"RightWrist":[0.18299999999999983,0.363,0.657],"LeftHand":[0.266,0.06499999999999995,0.379],"RightHand":[0.19200000000000017,0.4009999999999998,0.724],"LeftFingers":[0.2679999999999998,0.1259999999999999,0.331],"RightFingers":[0.2549999999999999,0.42700000000000005,0.76],"Core":[-0.254,-0.06899999999999995,0.466],"Neck":[-0.03699999999999992,-0.03200000000000003,0.799],"Head":[0.07299999999999995,0.04400000000000004,0.894]},"p1":{"LeftToe":[-0.359,0.3540000000000001,0.04],"RightToe":[0.673,0.9129999999999998,0.025],"LeftHeel":[-0.31699999999999995,0.5779999999999998,0.036],"RightHeel":[0.4670000000000001,1.0150000000000001,0.033],"LeftAnkle":[-0.29899999999999993,0.5150000000000001,0.099],"RightAnkle":[0.5169999999999999,0.9670000000000001,0.094],"LeftKnee":[-0.11499999999999999,0.4079999999999999,0.474],"RightKnee":[0.6880000000000002,0.7290000000000001,0.405],"LeftHip":[0.16900000000000004,0.6240000000000001,0.709],"RightHip":[0.3580000000000001,0.7480000000000002,0.676],"LeftShoulder":[0.40700000000000003,0.1280000000000001,0.815],"RightShoulder":[0.629,0.2490000000000001,0.597],"LeftElbow":[0.1429999999999998,0.2320000000000002,0.74],"RightElbow":[0.714,0.2370000000000001,0.317],"LeftWrist":[-0.038999999999999924,0.08000000000000007,0.848],"RightWrist":[0.7330000000000001,0.1469999999999998,0.062],"LeftHand":[-0.08099999999999996,0.02499999999999991,0.894],"RightHand":[0.7559999999999998,0.09100000000000019,0.113],"LeftFingers":[-0.07000000000000006,-0.05400000000000005,0.88],"RightFingers":[0.7730000000000001,0.016000000000000014,0.084],"Core":[0.3969999999999998,0.492,0.758],"Neck":[0.5529999999999999,0.14400000000000013,0.717],"Head":[0.601,-0.010999999999999899,0.754]}}