{"p0":{"LeftToe":[-0.16799999999999993,-0.062000000000000055,0.025],"RightToe":[0.25,-0.03499999999999992,0.04],"LeftHeel":[-0.21999999999999997,0.1629999999999998,0.031],"RightHeel":[0.121,0.15600000000000014,0.035],"LeftAnkle":[-0.18700000000000006,0.1030000000000002,0.092],"RightAnkle":[0.15600000000000014,0.1080000000000001,0.104],"LeftKnee":[-0.137,-0.006000000000000005,0.507],"RightKnee":[0.1629999999999998,0.04899999999999993,0.529],"LeftHip":[-0.1479999999999999,0.2679999999999998,0.842],"RightHip":[0.07600000000000007,0.32299999999999995,0.851],"LeftShoulder":[-0.10200000000000009,-0.2589999999999999,0.883],"RightShoulder":[0.22299999999999986,-0.22799999999999998,0.957],"LeftElbow":[-0.05400000000000005,-0.242,0.599],"RightElbow":[0.2709999999999999,-0.17399999999999993,0.678],"LeftWrist":[0.16900000000000004,-0.31400000000000006,0.716],"RightWrist":[0.0009999999999998899,-0.17700000000000005,0.708],"LeftHand":[0.242,-0.3340000000000001,0.741],"RightHand":[-0.07600000000000007,-0.15700000000000003,0.711],"LeftFingers":[0.2610000000000001,-0.31600000000000006,0.819],"RightFingers":[-0.1319999999999999,-0.19500000000000006,0.756],"Core":[0.016999999999999904,0.08300000000000018,0.955],"Neck":[0.06599999999999984,-0.2889999999999999,0.919],"Head":[-0.01200000000000001,-0.42900000000000005,0.948]},"p1":{"LeftToe":[0.5110000000000001,-0.877,0.025],"RightToe":[0.2909999999999999,0.3340000000000001,0.626],"LeftHeel":[0.3610000000000002,-1.0470000000000002,0.032],"RightHeel":[0.266,0.17499999999999982,0.458],"LeftAnkle":[0.3860000000000001,-0.9830000000000001,0.092],"RightAnkle":[0.2759999999999998,0.17700000000000005,0.545],"LeftKnee":[0.43900000000000006,-0.694,0.41],"RightKnee":[0.14400000000000013,-0.1279999999999999,0.816],"LeftHip":[0.24400000000000022,-0.7330000000000001,0.794],"RightHip":[0.1080000000000001,-0.5529999999999999,0.849],"LeftShoulder":[0.472,-0.391,1.212],"RightShoulder":[0.17300000000000004,-0.4019999999999999,1.319],"LeftElbow":[0.35599999999999987,-0.3420000000000001,0.949],"RightElbow":[-0.09099999999999997,-0.4610000000000001,1.209],"LeftWrist":[0.1120000000000001,-0.41999999999999993,0.998],"RightWrist":[-0.09200000000000008,-0.31099999999999994,0.987],"LeftHand":[0.06700000000000017,-0.43300000000000005,1.06],"RightHand":[-0.09800000000000009,-0.244,1.034],"LeftFingers":[-0.008999999999999897,-0.44700000000000006,1.067],"RightFingers":[-0.04299999999999993,-0.18599999999999994,1.016],"Core":[0.2559999999999998,-0.647,1.052],"Neck":[0.3290000000000002,-0.32099999999999995,1.288],"Head":[0.3410000000000002,-0.17700000000000005,1.373]}}