{"p0":{"LeftToe":[-0.030999999999999917,-0.30800000000000005,0.025],"RightToe":[-0.484,0.524,0.025],"LeftHeel":[-0.2589999999999999,-0.2669999999999999,0.03],"RightHeel":[-0.6759999999999999,0.395,0.03],"LeftAnkle":[-0.18900000000000006,-0.252,0.081],"RightAnkle":[-0.6180000000000001,0.4249999999999998,0.088],"LeftKnee":[-0.16700000000000004,-0.1439999999999999,0.497],"RightKnee":[-0.3999999999999999,0.4039999999999999,0.455],"LeftHip":[-0.474,-0.07800000000000007,0.793],"RightHip":[-0.556,0.1299999999999999,0.743],"LeftShoulder":[-0.028999999999999915,0.06499999999999995,1.052],"RightShoulder":[-0.14700000000000002,0.375,1.073],"LeftElbow":[-0.004999999999999893,-0.135,0.846],"RightElbow":[-0.387,0.34799999999999986,0.91],"LeftWrist":[-0.1439999999999999,0.020999999999999908,0.678],"RightWrist":[-0.27,0.3849999999999998,0.679],"LeftHand":[-0.119,-0.028999999999999915,0.619],"RightHand":[-0.2569999999999999,0.43199999999999994,0.614],"LeftFingers":[-0.15500000000000003,-0.02499999999999991,0.547],"RightFingers":[-0.19700000000000006,0.4249999999999998,0.563],"Core":[-0.381,0.11900000000000022,0.948],"Neck":[-0.03699999999999992,0.2360000000000002,1.082],"Head":[0.10599999999999987,0.2959999999999998,1.13]},"p1":{"LeftToe":[-0.373,0.258,0.869],"RightToe":[-0.31899999999999995,-0.05899999999999994,0.82],"LeftHeel":[-0.3959999999999999,0.15799999999999992,0.665],"RightHeel":[-0.34299999999999997,0.0040000000000000036,0.597],"LeftAnkle":[-0.3500000000000001,0.22999999999999998,0.693],"RightAnkle":[-0.276,-0.010000000000000009,0.655],"LeftKnee":[-0.030999999999999917,0.472,0.542],"RightKnee":[0.0950000000000002,0.16400000000000015,0.526],"LeftHip":[-0.052999999999999936,0.45299999999999985,0.111],"RightHip":[0.04800000000000004,0.24400000000000022,0.108],"LeftShoulder":[0.43800000000000017,0.7519999999999998,0.121],"RightShoulder":[0.585,0.45699999999999985,0.098],"LeftElbow":[0.1469999999999998,0.7650000000000001,0.131],"RightElbow":[0.4209999999999998,0.21899999999999986,0.057],"LeftWrist":[0.06000000000000005,0.6339999999999999,0.349],"RightWrist":[0.29000000000000004,0.17099999999999982,0.279],"LeftHand":[0.08400000000000007,0.641,0.423],"RightHand":[0.2909999999999999,0.17099999999999982,0.359],"LeftFingers":[0.04499999999999993,0.6230000000000002,0.487],"RightFingers":[0.22299999999999986,0.1419999999999999,0.395],"Core":[0.21700000000000008,0.45299999999999985,0.1],"Neck":[0.5579999999999998,0.6240000000000001,0.148],"Head":[0.637,0.657,0.288]}}