{"p0":{"LeftToe":[0.8039999999999998,-0.563,0.025],"RightToe":[0.20599999999999996,-0.016000000000000014,0.025],"LeftHeel":[0.6019999999999999,-0.677,0.033],"RightHeel":[0.2570000000000001,-0.2390000000000001,0.03],"LeftAnkle":[0.6539999999999999,-0.6319999999999999,0.089],"RightAnkle":[0.2469999999999999,-0.17599999999999993,0.095],"LeftKnee":[0.7389999999999999,-0.4630000000000001,0.473],"RightKnee":[0.2589999999999999,-0.17199999999999993,0.526],"LeftHip":[0.4830000000000001,-0.5840000000000001,0.796],"RightHip":[0.262,-0.5249999999999999,0.776],"LeftShoulder":[0.5110000000000001,-0.018999999999999906,0.972],"RightShoulder":[0.18299999999999983,-0.08699999999999997,0.962],"LeftElbow":[0.5939999999999999,-0.20799999999999996,0.77],"RightElbow":[0.008999999999999897,-0.2829999999999999,0.832],"LeftWrist":[0.4929999999999999,-0.028999999999999915,0.61],"RightWrist":[0.019000000000000128,-0.05699999999999994,0.687],"LeftHand":[0.5489999999999999,-0.0009999999999998899,0.556],"RightHand":[0.016000000000000014,0.01100000000000012,0.733],"LeftFingers":[0.5219999999999998,0.016000000000000014,0.481],"RightFingers":[0,0.07900000000000018,0.692],"Core":[0.41100000000000003,-0.3759999999999999,0.949],"Neck":[0.33899999999999997,-0.018999999999999906,1.012],"Head":[0.31199999999999983,0.1349999999999998,1.06]},"p1":{"LeftToe":[0.30799999999999983,-0.544,0.03],"RightToe":[0.4900000000000002,-0.478,0.025],"LeftHeel":[0.31800000000000006,-0.31200000000000006,0.03],"RightHeel":[0.41900000000000004,-0.258,0.03],"LeftAnkle":[0.2599999999999998,-0.3740000000000001,0.054],"RightAnkle":[0.43599999999999994,-0.32099999999999995,0.088],"LeftKnee":[-0.028999999999999915,-0.2490000000000001,0.344],"RightKnee":[0.5110000000000001,-0.121,0.457],"LeftHip":[0.09600000000000009,0.0990000000000002,0.12],"RightHip":[0.32399999999999984,0.06499999999999995,0.119],"LeftShoulder":[0.02499999999999991,0.019000000000000128,0.613],"RightShoulder":[0.3490000000000002,-0.028999999999999915,0.632],"LeftElbow":[0.015000000000000124,-0.131,0.367],"RightElbow":[0.41900000000000004,-0.038000000000000034,0.352],"LeftWrist":[0.2530000000000001,-0.23199999999999998,0.362],"RightWrist":[0.30699999999999994,-0.274,0.425],"LeftHand":[0.3250000000000002,-0.2589999999999999,0.382],"RightHand":[0.2370000000000001,-0.31499999999999995,0.434],"LeftFingers":[0.3929999999999998,-0.22599999999999998,0.365],"RightFingers":[0.16999999999999993,-0.268,0.436],"Core":[0.22599999999999998,0.17600000000000016,0.346],"Neck":[0.17799999999999994,-0.04899999999999993,0.67],"Head":[0.1349999999999998,-0.20700000000000007,0.706]}}