{"p0":{"LeftToe":[-0.1339999999999999,0.7599999999999998,0.053],"RightToe":[0.4079999999999999,0.11299999999999999,0.025],"LeftHeel":[0.06400000000000006,0.6480000000000001,0.061],"RightHeel":[0.629,0.1299999999999999,0.078],"LeftAnkle":[0.008000000000000007,0.6760000000000002,0.127],"RightAnkle":[0.5569999999999999,0.1419999999999999,0.127],"LeftKnee":[0.01100000000000012,0.6339999999999999,0.555],"RightKnee":[0.2959999999999998,0.18299999999999983,0.465],"LeftHip":[0.2629999999999999,0.524,0.888],"RightHip":[0.2410000000000001,0.29700000000000015,0.878],"LeftShoulder":[-0.08899999999999997,0.5830000000000002,1.321],"RightShoulder":[-0.06400000000000006,0.262,1.358],"LeftElbow":[-0.27,0.7280000000000002,1.143],"RightElbow":[-0.127,0.11799999999999988,1.112],"LeftWrist":[-0.524,0.7370000000000001,1.196],"RightWrist":[-0.16799999999999993,0.3860000000000001,1.109],"LeftHand":[-0.5820000000000001,0.6909999999999998,1.218],"RightHand":[-0.15799999999999992,0.4630000000000001,1.136],"LeftFingers":[-0.585,0.613,1.23],"RightFingers":[-0.09800000000000009,0.48,1.189],"Core":[0.1629999999999998,0.4119999999999999,1.11],"Neck":[-0.07800000000000007,0.43100000000000005,1.412],"Head":[-0.19399999999999995,0.3969999999999998,1.528]},"p1":{"LeftToe":[-0.18900000000000006,0.2519999999999998,0.026],"RightToe":[-0.7230000000000001,0.915,0.026],"LeftHeel":[-0.4139999999999999,0.2869999999999999,0.034],"RightHeel":[-0.915,0.7989999999999999,0.05],"LeftAnkle":[-0.351,0.2909999999999999,0.097],"RightAnkle":[-0.8460000000000001,0.8130000000000002,0.113],"LeftKnee":[-0.28600000000000003,0.3210000000000002,0.519],"RightKnee":[-0.5920000000000001,0.8130000000000002,0.468],"LeftHip":[-0.5129999999999999,0.4590000000000001,0.854],"RightHip":[-0.623,0.657,0.865],"LeftShoulder":[-0.262,0.4159999999999999,1.305],"RightShoulder":[-0.31600000000000006,0.7410000000000001,1.359],"LeftElbow":[-0.09600000000000009,0.2370000000000001,1.145],"RightElbow":[-0.4019999999999999,0.859,1.112],"LeftWrist":[0.15300000000000002,0.2589999999999999,1.213],"RightWrist":[-0.16599999999999993,0.726,1.132],"LeftHand":[0.18100000000000005,0.30100000000000016,1.273],"RightHand":[-0.11099999999999999,0.6720000000000002,1.154],"LeftFingers":[0.1589999999999998,0.379,1.283],"RightFingers":[-0.127,0.6000000000000001,1.184],"Core":[-0.5169999999999999,0.5790000000000002,1.096],"Neck":[-0.258,0.5760000000000001,1.378],"Head":[-0.16599999999999993,0.6219999999999999,1.509]}}