{"p0":{"LeftToe":[0.2959999999999998,0.0259999999999998,0.033],"RightToe":[-0.11299999999999999,0.6920000000000002,0.032],"LeftHeel":[0.07900000000000018,0.05699999999999994,0.095],"RightHeel":[-0.11499999999999999,0.5289999999999999,0.194],"LeftAnkle":[0.15799999999999992,0.08800000000000008,0.136],"RightAnkle":[-0.06000000000000005,0.5960000000000001,0.176],"LeftKnee":[0.4740000000000002,0.23899999999999988,0.39],"RightKnee":[0.3250000000000002,0.7789999999999999,0.186],"LeftHip":[0.06599999999999984,0.3340000000000001,0.475],"RightHip":[0.04899999999999993,0.5579999999999998,0.433],"LeftShoulder":[0.5899999999999999,0.5230000000000001,0.714],"RightShoulder":[0.43400000000000016,0.7989999999999999,0.648],"LeftElbow":[0.7440000000000002,0.476,0.476],"RightElbow":[0.548,0.9060000000000001,0.402],"LeftWrist":[0.8999999999999999,0.5070000000000001,0.274],"RightWrist":[0.7530000000000001,0.8769999999999998,0.225],"LeftHand":[0.9620000000000002,0.4889999999999999,0.228],"RightHand":[0.7759999999999998,0.952,0.221],"LeftFingers":[0.988,0.5369999999999999,0.171],"RightFingers":[0.8119999999999998,0.992,0.165],"Core":[0.2320000000000002,0.4929999999999999,0.622],"Neck":[0.5569999999999999,0.6930000000000001,0.709],"Head":[0.681,0.7959999999999998,0.751]},"p1":{"LeftToe":[1.0510000000000002,1.024,0.038],"RightToe":[1.2280000000000002,0.7050000000000001,0.036],"LeftHeel":[0.988,0.9910000000000001,0.259],"RightHeel":[1.149,0.71,0.254],"LeftAnkle":[0.9489999999999998,0.9780000000000002,0.18],"RightAnkle":[1.12,0.6819999999999999,0.175],"LeftKnee":[0.5510000000000002,0.8250000000000002,0.13],"RightKnee":[0.7730000000000001,0.43900000000000006,0.119],"LeftHip":[0.44899999999999984,0.6259999999999999,0.499],"RightHip":[0.5310000000000001,0.41100000000000003,0.475],"LeftShoulder":[0.43800000000000017,0.7280000000000002,0.082],"RightShoulder":[0.5899999999999999,0.44899999999999984,0.08],"LeftElbow":[0.14800000000000013,0.7229999999999999,0.045],"RightElbow":[0.42799999999999994,0.20900000000000007,0.045],"LeftWrist":[0.21799999999999997,0.8839999999999999,0.233],"RightWrist":[0.5950000000000002,0.30799999999999983,0.229],"LeftHand":[0.17700000000000005,0.9079999999999999,0.294],"RightHand":[0.6400000000000001,0.32200000000000006,0.293],"LeftFingers":[0.18299999999999983,0.8820000000000001,0.367],"RightFingers":[0.7080000000000002,0.367,0.284],"Core":[0.31499999999999995,0.4750000000000001,0.323],"Neck":[0.577,0.6240000000000001,0.109],"Head":[0.726,0.6779999999999999,0.159]}}