{"p0":{"LeftToe":[-0.19599999999999995,-1.153,0.025],"RightToe":[-0.742,-0.17999999999999994,0.027],"LeftHeel":[-0.19399999999999995,-0.964,0.153],"RightHeel":[-0.6180000000000001,-0.2829999999999999,0.19],"LeftAnkle":[-0.15799999999999992,-0.9850000000000001,0.075],"RightAnkle":[-0.607,-0.21100000000000008,0.139],"LeftKnee":[-0.038999999999999924,-0.575,0.056],"RightKnee":[-0.30200000000000005,0.07100000000000017,0.239],"LeftHip":[-0.119,-0.3440000000000001,0.411],"RightHip":[-0.30200000000000005,-0.256,0.52],"LeftShoulder":[0.238,0.06499999999999995,0.524],"RightShoulder":[-0.052999999999999936,0.2320000000000002,0.536],"LeftElbow":[0.2999999999999998,0.11900000000000022,0.248],"RightElbow":[-0.30299999999999994,0.08800000000000008,0.569],"LeftWrist":[0.3380000000000001,0.2719999999999998,0.043],"RightWrist":[-0.31299999999999994,0.246,0.349],"LeftHand":[0.34799999999999986,0.3370000000000002,0.093],"RightHand":[-0.276,0.2869999999999999,0.293],"LeftFingers":[0.3650000000000002,0.4079999999999999,0.054],"RightFingers":[-0.20199999999999996,0.28500000000000014,0.27],"Core":[-0.06699999999999995,-0.1339999999999999,0.573],"Neck":[0.1200000000000001,0.19600000000000017,0.534],"Head":[0.18100000000000005,0.351,0.55]},"p1":{"LeftToe":[0.041999999999999815,0.528,0.897],"RightToe":[0.552,0.3250000000000002,0.848],"LeftHeel":[-0.133,0.42399999999999993,0.789],"RightHeel":[0.35599999999999987,0.20699999999999985,0.848],"LeftAnkle":[-0.05800000000000005,0.4630000000000001,0.764],"RightAnkle":[0.40600000000000014,0.24299999999999988,0.78],"LeftKnee":[0.1200000000000001,0.5049999999999999,0.378],"RightKnee":[0.22100000000000009,0.20999999999999996,0.395],"LeftHip":[-0.20999999999999996,0.2240000000000002,0.383],"RightHip":[-0.15700000000000003,0,0.406],"LeftShoulder":[0.18199999999999994,0.31300000000000017,0.085],"RightShoulder":[0.24400000000000022,0.0040000000000000036,0.101],"LeftElbow":[-0.1060000000000001,0.31999999999999984,0.132],"RightElbow":[-0.0129999999999999,-0.133,0.103],"LeftWrist":[0.13099999999999978,0.3380000000000001,0.244],"RightWrist":[-0.03400000000000003,-0.2709999999999999,0.337],"LeftHand":[0.20199999999999996,0.3530000000000002,0.279],"RightHand":[0.0259999999999998,-0.30499999999999994,0.382],"LeftFingers":[0.2549999999999999,0.29899999999999993,0.302],"RightFingers":[0.0040000000000000036,-0.3540000000000001,0.44],"Core":[-0.10899999999999999,0.10099999999999998,0.162],"Neck":[0.28100000000000014,0.17300000000000004,0.101],"Head":[0.43800000000000017,0.133,0.11]}}