{"p0":{"LeftToe":[-0.7809999999999999,-0.20100000000000007,0.025],"RightToe":[-0.8899999999999999,0.3599999999999999,0.025],"LeftHeel":[-0.615,-0.17399999999999993,0.179],"RightHeel":[-0.6799999999999999,0.33999999999999986,0.11],"LeftAnkle":[-0.611,-0.19300000000000006,0.09],"RightAnkle":[-0.7130000000000001,0.3490000000000002,0.03],"LeftKnee":[-0.18100000000000005,-0.20999999999999996,0.05],"RightKnee":[-0.2869999999999999,0.3889999999999998,0.053],"LeftHip":[-0.367,-0.03200000000000003,0.391],"RightHip":[-0.43399999999999994,0.18699999999999983,0.404],"LeftShoulder":[0.14900000000000002,0.04700000000000015,0.619],"RightShoulder":[0.07299999999999995,0.3690000000000002,0.612],"LeftElbow":[0.16199999999999992,-0.05400000000000005,0.345],"RightElbow":[0.12699999999999978,0.5209999999999999,0.372],"LeftWrist":[0.33899999999999997,0.1259999999999999,0.273],"RightWrist":[0.32799999999999985,0.35199999999999987,0.305],"LeftHand":[0.32299999999999995,0.20500000000000007,0.255],"RightHand":[0.395,0.30500000000000016,0.296],"LeftFingers":[0.2999999999999998,0.2509999999999999,0.317],"RightFingers":[0.3969999999999998,0.2280000000000002,0.309],"Core":[-0.18300000000000005,0.1379999999999999,0.484],"Neck":[0.15300000000000002,0.2200000000000002,0.643],"Head":[0.3039999999999998,0.21499999999999986,0.703]},"p1":{"LeftToe":[0.9180000000000001,0.6400000000000001,0.346],"RightToe":[0.9929999999999999,0.08899999999999997,0.521],"LeftHeel":[0.8849999999999998,0.5760000000000001,0.565],"RightHeel":[0.8300000000000001,0.05500000000000016,0.681],"LeftAnkle":[0.831,0.585,0.491],"RightAnkle":[0.8260000000000001,0.07799999999999985,0.593],"LeftKnee":[0.4990000000000001,0.5059999999999998,0.228],"RightKnee":[0.5659999999999998,0.04300000000000015,0.249],"LeftHip":[0.19399999999999995,0.3690000000000002,0.503],"RightHip":[0.2250000000000001,0.1389999999999998,0.497],"LeftShoulder":[0.3650000000000002,0.4009999999999998,0.105],"RightShoulder":[0.3450000000000002,0.07699999999999996,0.094],"LeftElbow":[0.28500000000000014,0.6709999999999998,0.17],"RightElbow":[0.2589999999999999,-0.20199999999999996,0.098],"LeftWrist":[0.16999999999999993,0.5979999999999999,0.389],"RightWrist":[0.18000000000000016,-0.12200000000000011,0.345],"LeftHand":[0.1120000000000001,0.5760000000000001,0.445],"RightHand":[0.1589999999999998,-0.119,0.425],"LeftFingers":[0.06499999999999995,0.512,0.42],"RightFingers":[0.11500000000000021,-0.05400000000000005,0.448],"Core":[0.08499999999999996,0.246,0.292],"Neck":[0.42600000000000016,0.23499999999999988,0.093],"Head":[0.589,0.25,0.111]}}