{"p0":{"LeftToe":[0.9020000000000001,0.31800000000000006,0.026],"RightToe":[0.875,-0.2589999999999999,0.026],"LeftHeel":[1.133,0.30600000000000005,0.036],"RightHeel":[1.1030000000000002,-0.256,0.039],"LeftAnkle":[1.0659999999999998,0.2869999999999999,0.089],"RightAnkle":[1.0390000000000001,-0.2649999999999999,0.105],"LeftKnee":[0.9140000000000001,0.238,0.491],"RightKnee":[0.9039999999999999,-0.19100000000000006,0.505],"LeftHip":[0.9390000000000001,0.1280000000000001,0.904],"RightHip":[0.9220000000000002,-0.10299999999999998,0.923],"LeftShoulder":[0.8690000000000002,0.20999999999999996,1.477],"RightShoulder":[0.855,-0.12400000000000011,1.481],"LeftElbow":[0.8969999999999998,0.2559999999999998,1.19],"RightElbow":[0.9390000000000001,-0.2370000000000001,1.225],"LeftWrist":[0.8490000000000002,0.274,0.933],"RightWrist":[0.879,-0.22100000000000009,0.959],"LeftHand":[0.8090000000000002,0.2749999999999999,0.861],"RightHand":[0.8330000000000002,-0.21500000000000008,0.894],"LeftFingers":[0.8570000000000002,0.274,0.796],"RightFingers":[0.8650000000000002,-0.20300000000000007,0.82],"Core":[0.9140000000000001,0.03600000000000003,1.155],"Neck":[0.8460000000000001,0.04400000000000004,1.536],"Head":[0.786,0.04499999999999993,1.692]},"p1":{"LeftToe":[-0.827,-0.23399999999999999,0.025],"RightToe":[-0.867,0.30299999999999994,0.035],"LeftHeel":[-1.057,-0.21900000000000008,0.035],"RightHeel":[-1.095,0.2570000000000001,0.04],"LeftAnkle":[-0.992,-0.21199999999999997,0.098],"RightAnkle":[-1.0270000000000001,0.2530000000000001,0.095],"LeftKnee":[-0.8759999999999999,-0.16799999999999993,0.512],"RightKnee":[-0.909,0.23499999999999988,0.506],"LeftHip":[-0.9430000000000001,-0.09800000000000009,0.928],"RightHip":[-0.9219999999999999,0.1339999999999999,0.921],"LeftShoulder":[-0.879,-0.1200000000000001,1.498],"RightShoulder":[-0.8660000000000001,0.21300000000000008,1.475],"LeftElbow":[-0.978,-0.18500000000000005,1.231],"RightElbow":[-0.9450000000000001,0.2999999999999998,1.207],"LeftWrist":[-0.907,-0.21799999999999997,0.982],"RightWrist":[-0.8580000000000001,0.32600000000000007,0.951],"LeftHand":[-0.883,-0.2490000000000001,0.911],"RightHand":[-0.8320000000000001,0.359,0.881],"LeftFingers":[-0.913,-0.2290000000000001,0.84],"RightFingers":[-0.871,0.33499999999999996,0.813],"Core":[-0.937,0.0259999999999998,1.165],"Neck":[-0.8600000000000001,0.04999999999999982,1.542],"Head":[-0.835,0.04999999999999982,1.707]}}