{"p0":{"LeftToe":[-0.4810000000000001,-0.2509999999999999,0.026],"RightToe":[-0.6679999999999999,0.6190000000000002,0.048],"LeftHeel":[-0.5189999999999999,-0.15500000000000003,0.233],"RightHeel":[-0.6579999999999999,0.41900000000000004,0.166],"LeftAnkle":[-0.44999999999999996,-0.18199999999999994,0.187],"RightAnkle":[-0.6000000000000001,0.48,0.134],"LeftKnee":[-0.05600000000000005,-0.06600000000000006,0.068],"RightKnee":[-0.17399999999999993,0.5059999999999998,0.115],"LeftHip":[-0.2909999999999999,0.08300000000000018,0.398],"RightHip":[-0.3799999999999999,0.29499999999999993,0.43],"LeftShoulder":[0.2490000000000001,0.2200000000000002,0.401],"RightShoulder":[0.1469999999999998,0.532,0.422],"LeftElbow":[0.06000000000000005,-0.0029999999999998916,0.392],"RightElbow":[0.03600000000000003,0.5470000000000002,0.152],"LeftWrist":[0.11399999999999988,-0.15900000000000003,0.185],"RightWrist":[0.21099999999999985,0.7120000000000002,0.035],"LeftHand":[0.1509999999999998,-0.2230000000000001,0.139],"RightHand":[0.28100000000000014,0.6909999999999998,0.073],"LeftFingers":[0.19300000000000006,-0.18100000000000005,0.079],"RightFingers":[0.34799999999999986,0.6989999999999998,0.026],"Core":[-0.1120000000000001,0.27300000000000013,0.462],"Neck":[0.2589999999999999,0.3969999999999998,0.411],"Head":[0.3849999999999998,0.4590000000000001,0.324]},"p1":{"LeftToe":[-0.2829999999999999,0.039000000000000146,0.204],"RightToe":[-0.2609999999999999,0.004999999999999893,0.098],"LeftHeel":[-0.21199999999999997,0.24400000000000022,0.127],"RightHeel":[-0.18999999999999995,0.21300000000000008,0.04],"LeftAnkle":[-0.17700000000000005,0.16400000000000015,0.137],"RightAnkle":[-0.1419999999999999,0.1379999999999999,0.063],"LeftKnee":[0.15799999999999992,-0.052000000000000046,0.294],"RightKnee":[0.18299999999999983,-0.1299999999999999,0.153],"LeftHip":[0.05799999999999983,0.3660000000000001,0.316],"RightHip":[0.04400000000000004,0.2759999999999998,0.107],"LeftShoulder":[0.46799999999999997,0.7349999999999999,0.132],"RightShoulder":[0.5379999999999998,0.44099999999999984,0.093],"LeftElbow":[0.17899999999999983,0.6960000000000002,0.137],"RightElbow":[0.42700000000000005,0.17300000000000004,0.077],"LeftWrist":[0.08800000000000008,0.6080000000000001,0.366],"RightWrist":[0.33599999999999985,0.2120000000000002,0.328],"LeftHand":[0.03200000000000003,0.6150000000000002,0.42],"RightHand":[0.3690000000000002,0.2120000000000002,0.403],"LeftFingers":[-0.006000000000000005,0.5470000000000002,0.447],"RightFingers":[0.32600000000000007,0.2400000000000002,0.466],"Core":[0.17499999999999982,0.5099999999999998,0.118],"Neck":[0.5739999999999998,0.5979999999999999,0.154],"Head":[0.6299999999999999,0.6339999999999999,0.303]}}