{"p0":{"LeftToe":[0.6819999999999999,0.8799999999999999,0.025],"RightToe":[0.4870000000000001,0.20000000000000018,0.026],"LeftHeel":[0.9100000000000001,0.8330000000000002,0.03],"RightHeel":[0.7130000000000001,0.2320000000000002,0.039],"LeftAnkle":[0.8420000000000001,0.831,0.089],"RightAnkle":[0.6480000000000001,0.238,0.103],"LeftKnee":[0.5630000000000002,0.7949999999999999,0.412],"RightKnee":[0.41900000000000004,0.28900000000000015,0.464],"LeftHip":[0.6739999999999999,0.6480000000000001,0.8],"RightHip":[0.681,0.41900000000000004,0.782],"LeftShoulder":[0.2959999999999998,0.6760000000000002,1.19],"RightShoulder":[0.2469999999999999,0.3809999999999998,1.142],"LeftElbow":[0.14000000000000012,0.8399999999999999,1.005],"RightElbow":[-0.014999999999999902,0.5,1.093],"LeftWrist":[-0.1120000000000001,0.9140000000000001,0.993],"RightWrist":[-0.062000000000000055,0.7610000000000001,1.029],"LeftHand":[-0.17799999999999994,0.8919999999999999,1.037],"RightHand":[-0.04600000000000004,0.8359999999999999,0.998],"LeftFingers":[-0.23199999999999998,0.843,1],"RightFingers":[-0.08699999999999997,0.851,0.928],"Core":[0.5699999999999998,0.5099999999999998,1.007],"Neck":[0.2669999999999999,0.5150000000000001,1.25],"Head":[0.1419999999999999,0.4980000000000002,1.358]},"p1":{"LeftToe":[-0.07000000000000006,0.2679999999999998,0.026],"RightToe":[-0.09600000000000009,0.899,0.039],"LeftHeel":[-0.29699999999999993,0.246,0.03],"RightHeel":[-0.2749999999999999,0.7599999999999998,0.04],"LeftAnkle":[-0.2370000000000001,0.2599999999999998,0.099],"RightAnkle":[-0.21999999999999997,0.786,0.11],"LeftKnee":[-0.08400000000000007,0.2839999999999998,0.502],"RightKnee":[-0.123,0.7829999999999999,0.526],"LeftHip":[-0.3620000000000001,0.31199999999999983,0.825],"RightHip":[-0.359,0.5409999999999999,0.789],"LeftShoulder":[0.027000000000000135,0.44099999999999984,1.222],"RightShoulder":[-0.09299999999999997,0.7360000000000002,1.174],"LeftElbow":[0.03299999999999992,0.23099999999999987,1.026],"RightElbow":[-0.17999999999999994,0.8559999999999999,0.927],"LeftWrist":[0.15200000000000014,0.4620000000000002,1.055],"RightWrist":[0.008000000000000007,0.6800000000000002,1.013],"LeftHand":[0.18999999999999995,0.5139999999999998,1.1],"RightHand":[0.04499999999999993,0.6869999999999998,1.081],"LeftFingers":[0.18500000000000005,0.5179999999999998,1.182],"RightFingers":[0.021999999999999797,0.6789999999999998,1.155],"Core":[-0.29499999999999993,0.45699999999999985,1.039],"Neck":[0.0009999999999998899,0.6139999999999999,1.252],"Head":[0.1080000000000001,0.7240000000000002,1.314]}}