{"p0":{"LeftToe":[0.379,0.5899999999999999,0.031],"RightToe":[0.7770000000000001,-0.18399999999999994,0.061],"LeftHeel":[0.484,0.3919999999999999,0.069],"RightHeel":[0.839,-0.1319999999999999,0.279],"LeftAnkle":[0.44399999999999995,0.45100000000000007,0.129],"RightAnkle":[0.7650000000000001,-0.1499999999999999,0.235],"LeftKnee":[0.42399999999999993,0.52,0.556],"RightKnee":[0.4660000000000002,-0.07600000000000007,0.535],"LeftHip":[0.5760000000000001,0.34299999999999997,0.916],"RightHip":[0.5009999999999999,0.12699999999999978,0.916],"LeftShoulder":[0.6070000000000002,0.47699999999999987,1.439],"RightShoulder":[0.4620000000000002,0.2120000000000002,1.518],"LeftElbow":[0.6589999999999998,0.5910000000000002,1.18],"RightElbow":[0.30600000000000005,0.03699999999999992,1.343],"LeftWrist":[0.379,0.5870000000000002,1.217],"RightWrist":[0.07200000000000006,0.17399999999999993,1.376],"LeftHand":[0.2959999999999998,0.6030000000000002,1.236],"RightHand":[0.01100000000000012,0.20900000000000007,1.418],"LeftFingers":[0.23099999999999987,0.5630000000000002,1.235],"RightFingers":[-0.06099999999999994,0.22100000000000009,1.394],"Core":[0.5449999999999999,0.238,1.16],"Neck":[0.4950000000000001,0.3849999999999998,1.532],"Head":[0.4079999999999999,0.3959999999999999,1.672]},"p1":{"LeftToe":[-0.9870000000000001,0.32699999999999996,0.03],"RightToe":[-0.21999999999999997,0.6880000000000002,0.035],"LeftHeel":[-1.173,0.44499999999999984,0.089],"RightHeel":[-0.44599999999999995,0.698,0.056],"LeftAnkle":[-1.1019999999999999,0.4159999999999999,0.14],"RightAnkle":[-0.3819999999999999,0.6869999999999998,0.119],"LeftKnee":[-0.867,0.3730000000000002,0.501],"RightKnee":[-0.391,0.637,0.548],"LeftHip":[-0.7769999999999999,0.45100000000000007,0.915],"RightHip":[-0.6040000000000001,0.5990000000000002,0.923],"LeftShoulder":[-0.651,0.2869999999999999,1.454],"RightShoulder":[-0.51,0.5739999999999998,1.482],"LeftElbow":[-0.629,0.30500000000000016,1.165],"RightElbow":[-0.3979999999999999,0.698,1.243],"LeftWrist":[-0.3939999999999999,0.19799999999999995,1.178],"RightWrist":[-0.20199999999999996,0.5459999999999998,1.133],"LeftHand":[-0.355,0.18699999999999983,1.246],"RightHand":[-0.1259999999999999,0.544,1.148],"LeftFingers":[-0.274,0.18100000000000005,1.244],"RightFingers":[-0.07299999999999995,0.4870000000000001,1.14],"Core":[-0.6930000000000001,0.5169999999999999,1.166],"Neck":[-0.534,0.40200000000000014,1.517],"Head":[-0.44100000000000006,0.3740000000000001,1.654]}}