{"p0":{"LeftToe":[0.5750000000000002,-0.7270000000000001,0.025],"RightToe":[0.18699999999999983,-0.778,0.032],"LeftHeel":[0.5230000000000001,-0.637,0.232],"RightHeel":[0.2549999999999999,-0.7689999999999999,0.254],"LeftAnkle":[0.5710000000000002,-0.613,0.163],"RightAnkle":[0.2120000000000002,-0.7150000000000001,0.197],"LeftKnee":[0.6560000000000001,-0.20500000000000007,0.07],"RightKnee":[0.02499999999999991,-0.359,0.052],"LeftHip":[0.4780000000000002,-0.4870000000000001,0.343],"RightHip":[0.2610000000000001,-0.5700000000000001,0.346],"LeftShoulder":[0.33000000000000007,0.06199999999999983,0.361],"RightShoulder":[0.02300000000000013,-0.040999999999999925,0.337],"LeftElbow":[0.2450000000000001,-0.03400000000000003,0.098],"RightElbow":[-0.119,-0.020999999999999908,0.083],"LeftWrist":[0.005999999999999783,-0.1319999999999999,0.057],"RightWrist":[0.1419999999999999,-0.010000000000000009,0.02],"LeftHand":[-0.07600000000000007,-0.1259999999999999,0.047],"RightHand":[0.08599999999999985,-0.06600000000000006,0.041],"LeftFingers":[-0.12200000000000011,-0.11099999999999999,0.108],"RightFingers":[0.10899999999999999,-0.1359999999999999,0.074],"Core":[0.28100000000000014,-0.30400000000000005,0.359],"Neck":[0.15799999999999992,0.04899999999999993,0.398],"Head":[0.06899999999999995,0.18599999999999994,0.411]},"p1":{"LeftToe":[0.2450000000000001,-0.546,0.041],"RightToe":[0.42399999999999993,-0.6020000000000001,0.065],"LeftHeel":[0.42799999999999994,-0.4039999999999999,0.03],"RightHeel":[0.41500000000000004,-0.3919999999999999,0.154],"LeftAnkle":[0.3460000000000001,-0.401,0.061],"RightAnkle":[0.3540000000000001,-0.4590000000000001,0.155],"LeftKnee":[-0.030000000000000027,-0.20500000000000007,0.125],"RightKnee":[0.06000000000000005,-0.14900000000000002,0.222],"LeftHip":[0.1419999999999999,0.18999999999999995,0.09],"RightHip":[0.29700000000000015,0.20800000000000018,0.259],"LeftShoulder":[-0.03499999999999992,0.7090000000000001,0.094],"RightShoulder":[0.17300000000000004,0.754,0.35],"LeftElbow":[-0.05699999999999994,0.41800000000000015,0.121],"RightElbow":[0.29000000000000004,0.4889999999999999,0.327],"LeftWrist":[-0.006999999999999895,0.2599999999999998,0.324],"RightWrist":[0.15700000000000003,0.2869999999999999,0.45],"LeftHand":[-0.02400000000000002,0.3039999999999998,0.391],"RightHand":[0.1200000000000001,0.28100000000000014,0.521],"LeftFingers":[0.004999999999999893,0.28100000000000014,0.464],"RightFingers":[0.07200000000000006,0.21799999999999997,0.541],"Core":[0.2120000000000002,0.44300000000000006,0.156],"Neck":[0.040000000000000036,0.774,0.241],"Head":[-0.08200000000000007,0.8460000000000001,0.329]}}