{"p0":{"LeftToe":[-0.4930000000000001,0.23099999999999987,0.025],"RightToe":[-0.11299999999999999,0.3330000000000002,0.025],"LeftHeel":[-0.44999999999999996,0.12199999999999989,0.222],"RightHeel":[-0.20900000000000007,0.20900000000000007,0.192],"LeftAnkle":[-0.496,0.0950000000000002,0.147],"RightAnkle":[-0.1399999999999999,0.19799999999999995,0.137],"LeftKnee":[-0.567,-0.32099999999999995,0.05],"RightKnee":[0.19799999999999995,-0.04899999999999993,0.05],"LeftHip":[-0.31600000000000006,-0.16300000000000003,0.358],"RightHip":[-0.09099999999999997,-0.12400000000000011,0.36],"LeftShoulder":[-0.15300000000000002,-0.7569999999999999,0.399],"RightShoulder":[0.11699999999999999,-0.615,0.313],"LeftElbow":[-0.353,-0.833,0.199],"RightElbow":[0.13099999999999978,-0.722,0.045],"LeftWrist":[-0.16900000000000004,-0.8600000000000001,0.02],"RightWrist":[-0.08299999999999996,-0.8819999999999999,0.023],"LeftHand":[-0.1160000000000001,-0.9179999999999999,0.046],"RightHand":[-0.133,-0.938,0.047],"LeftFingers":[-0.04499999999999993,-0.9279999999999999,0.02],"RightFingers":[-0.16700000000000004,-0.9410000000000001,0.118],"Core":[-0.16300000000000003,-0.3859999999999999,0.377],"Neck":[0.021999999999999797,-0.744,0.39],"Head":[0.09200000000000008,-0.8919999999999999,0.353]},"p1":{"LeftToe":[-0.3480000000000001,0.021999999999999797,0.025],"RightToe":[-0.27,0.10999999999999988,0.18],"LeftHeel":[-0.3600000000000001,-0.20500000000000007,0.032],"RightHeel":[-0.29899999999999993,-0.11499999999999999,0.161],"LeftAnkle":[-0.2869999999999999,-0.1499999999999999,0.032],"RightAnkle":[-0.22399999999999998,-0.06600000000000006,0.185],"LeftKnee":[0.1419999999999999,-0.19599999999999995,0.05],"RightKnee":[0.1120000000000001,-0.33699999999999997,0.193],"LeftHip":[-0.06099999999999994,-0.575,0.09],"RightHip":[-0.16599999999999993,-0.6559999999999999,0.275],"LeftShoulder":[0.30600000000000005,-0.996,0.101],"RightShoulder":[0.08099999999999996,-1.177,0.234],"LeftElbow":[0.403,-0.7210000000000001,0.09],"RightElbow":[-0.16399999999999992,-1.129,0.383],"LeftWrist":[0.22699999999999987,-0.6160000000000001,0.251],"RightWrist":[-0.119,-0.8640000000000001,0.43],"LeftHand":[0.24299999999999988,-0.563,0.312],"RightHand":[-0.11499999999999999,-0.819,0.495],"LeftFingers":[0.17700000000000005,-0.546,0.358],"RightFingers":[-0.1080000000000001,-0.738,0.491],"Core":[-0.026999999999999913,-0.8400000000000001,0.133],"Neck":[0.2450000000000001,-1.1360000000000001,0.191],"Head":[0.3340000000000001,-1.131,0.327]}}