{"p0":{"LeftToe":[0.09200000000000008,-0.812,0.087],"RightToe":[-0.42900000000000005,0.20000000000000018,0.07],"LeftHeel":[-0.07600000000000007,-0.659,0.095],"RightHeel":[-0.4650000000000001,0.1200000000000001,0.283],"LeftAnkle":[0.0129999999999999,-0.651,0.12],"RightAnkle":[-0.399,0.16500000000000004,0.246],"LeftKnee":[0.12400000000000011,-0.2609999999999999,0.27],"RightKnee":[-0.06899999999999995,0.3570000000000002,0.05],"LeftHip":[-0.16399999999999992,0.0129999999999999,0.44],"RightHip":[-0.31600000000000006,0.1509999999999998,0.333],"LeftShoulder":[0.20000000000000018,0.3849999999999998,0.456],"RightShoulder":[-0.04200000000000004,0.625,0.55],"LeftElbow":[0.18800000000000017,0.11399999999999988,0.355],"RightElbow":[-0.2629999999999999,0.641,0.361],"LeftWrist":[0.137,0.2570000000000001,0.134],"RightWrist":[-0.05899999999999994,0.4980000000000002,0.28],"LeftHand":[0.20400000000000018,0.3039999999999998,0.138],"RightHand":[-0.0040000000000000036,0.45999999999999996,0.232],"LeftFingers":[0.21799999999999997,0.35199999999999987,0.073],"RightFingers":[0.06000000000000005,0.42399999999999993,0.258],"Core":[-0.1519999999999999,0.2759999999999998,0.509],"Neck":[0.08400000000000007,0.512,0.5],"Head":[0.1629999999999998,0.6419999999999999,0.442]},"p1":{"LeftToe":[-0.885,-0.19700000000000006,0.17],"RightToe":[-0.552,-0.026999999999999913,0.504],"LeftHeel":[-0.7370000000000001,-0.026999999999999913,0.131],"RightHeel":[-0.53,0.16999999999999993,0.383],"LeftAnkle":[-0.746,-0.08800000000000008,0.196],"RightAnkle":[-0.496,0.08899999999999997,0.379],"LeftKnee":[-0.43399999999999994,-0.008000000000000007,0.479],"RightKnee":[-0.33899999999999997,-0.135,0.05],"LeftHip":[-0.393,0.375,0.281],"RightHip":[-0.28600000000000003,0.2919999999999998,0.097],"LeftShoulder":[-0.0040000000000000036,0.7789999999999999,0.343],"RightShoulder":[0.1160000000000001,0.6560000000000001,0.083],"LeftElbow":[-0.15399999999999991,0.5449999999999999,0.42],"RightElbow":[0.12199999999999989,0.367,0.045],"LeftWrist":[-0.274,0.30699999999999994,0.457],"RightWrist":[0.29000000000000004,0.16699999999999982,0.023],"LeftHand":[-0.31000000000000005,0.2709999999999999,0.517],"RightHand":[0.2999999999999998,0.08599999999999985,0.026],"LeftFingers":[-0.29899999999999993,0.18999999999999995,0.527],"RightFingers":[0.30799999999999983,0.04400000000000004,0.092],"Core":[-0.22999999999999998,0.5510000000000002,0.154],"Neck":[0.1160000000000001,0.7570000000000001,0.223],"Head":[0.246,0.81,0.304]}}