{"p0":{"LeftToe":[0.621,-0.04299999999999993,0.335],"RightToe":[0.379,-0.32299999999999995,0.256],"LeftHeel":[0.4670000000000001,0.12199999999999989,0.299],"RightHeel":[0.2709999999999999,-0.1479999999999999,0.356],"LeftAnkle":[0.5590000000000002,0.12400000000000011,0.299],"RightAnkle":[0.3330000000000002,-0.1499999999999999,0.287],"LeftKnee":[0.6219999999999999,0.512,0.144],"RightKnee":[0.4950000000000001,0.16000000000000014,0.05],"LeftHip":[0.3540000000000001,0.29800000000000004,0.418],"RightHip":[0.17300000000000004,0.17399999999999993,0.346],"LeftShoulder":[-0.010000000000000009,0.7469999999999999,0.268],"RightShoulder":[-0.20199999999999996,0.5059999999999998,0.251],"LeftElbow":[0.17200000000000015,0.7949999999999999,0.045],"RightElbow":[-0.20100000000000007,0.28600000000000003,0.064],"LeftWrist":[0.004999999999999893,0.5939999999999999,0.024],"RightWrist":[-0.07800000000000007,0.5249999999999999,0.02],"LeftHand":[-0.06400000000000006,0.625,0.048],"RightHand":[-0.1279999999999999,0.5840000000000001,0.02],"LeftFingers":[-0.1359999999999999,0.6040000000000001,0.02],"RightFingers":[-0.1180000000000001,0.661,0.028],"Core":[0.121,0.43000000000000016,0.41],"Neck":[-0.17300000000000004,0.681,0.254],"Head":[-0.2529999999999999,0.7959999999999998,0.165]},"p1":{"LeftToe":[0.278,-0.48,0.025],"RightToe":[0.28600000000000003,-0.595,0.256],"LeftHeel":[0.2370000000000001,-0.2509999999999999,0.03],"RightHeel":[0.1459999999999999,-0.44599999999999995,0.153],"LeftAnkle":[0.2709999999999999,-0.31099999999999994,0.084],"RightAnkle":[0.238,-0.44900000000000007,0.159],"LeftKnee":[0.47299999999999986,-0.038000000000000034,0.328],"RightKnee":[0.5670000000000002,-0.19999999999999996,0.071],"LeftHip":[0.04400000000000004,0.04599999999999982,0.266],"RightHip":[0.18699999999999983,0.0259999999999998,0.09],"LeftShoulder":[-0.137,0.5790000000000002,0.095],"RightShoulder":[0.16100000000000003,0.6240000000000001,0.089],"LeftElbow":[-0.4159999999999999,0.5089999999999999,0.122],"RightElbow":[0.40600000000000014,0.4700000000000002,0.075],"LeftWrist":[-0.252,0.32600000000000007,0.215],"RightWrist":[0.246,0.5369999999999999,0.285],"LeftHand":[-0.18700000000000006,0.30100000000000016,0.259],"RightHand":[0.2250000000000001,0.609,0.321],"LeftFingers":[-0.119,0.34399999999999986,0.238],"RightFingers":[0.17600000000000016,0.6000000000000001,0.386],"Core":[0.06300000000000017,0.2669999999999999,0.108],"Neck":[0.0009999999999998899,0.6890000000000001,0.112],"Head":[-0.038999999999999924,0.8490000000000002,0.11]}}