{"p0":{"LeftToe":[0.015000000000000124,-0.14500000000000002,0.032],"RightToe":[-0.637,0.6019999999999999,0.424],"LeftHeel":[-0.18900000000000006,-0.06400000000000006,0.104],"RightHeel":[-0.7709999999999999,0.5680000000000001,0.611],"LeftAnkle":[-0.11499999999999999,-0.09200000000000008,0.141],"RightAnkle":[-0.687,0.5550000000000002,0.589],"LeftKnee":[-0.1140000000000001,-0.04600000000000004,0.567],"RightKnee":[-0.276,0.43599999999999994,0.584],"LeftHip":[-0.4039999999999999,0.08599999999999985,0.858],"RightHip":[-0.45500000000000007,0.29300000000000015,0.95],"LeftShoulder":[-0.17199999999999993,-0.20700000000000007,1.095],"RightShoulder":[0.05900000000000016,0.03500000000000014,1.1],"LeftElbow":[-0.17199999999999993,-0.12400000000000011,0.815],"RightElbow":[0.08300000000000018,0.22199999999999998,0.88],"LeftWrist":[-0.07800000000000007,0.06899999999999995,0.67],"RightWrist":[0.137,0.15600000000000014,0.625],"LeftHand":[-0.06099999999999994,0.14000000000000012,0.635],"RightHand":[0.17499999999999982,0.1549999999999998,0.558],"LeftFingers":[-0.12200000000000011,0.18699999999999983,0.605],"RightFingers":[0.1509999999999998,0.14400000000000013,0.485],"Core":[-0.29499999999999993,0.14000000000000012,1.101],"Neck":[-0.020000000000000018,-0.12200000000000011,1.089],"Head":[0.08899999999999997,-0.23199999999999998,1.028]},"p1":{"LeftToe":[0.03500000000000014,1.355,0.878],"RightToe":[-0.708,1.077,0.407],"LeftHeel":[-0.018999999999999906,1.314,0.661],"RightHeel":[-0.5069999999999999,1.0110000000000001,0.313],"LeftAnkle":[0.01200000000000001,1.258,0.726],"RightAnkle":[-0.538,1.028,0.395],"LeftKnee":[0.21300000000000008,0.8929999999999998,0.608],"RightKnee":[-0.32600000000000007,0.7629999999999999,0.655],"LeftHip":[0.07100000000000017,0.6880000000000002,0.256],"RightHip":[-0.1359999999999999,0.5979999999999999,0.306],"LeftShoulder":[0.28600000000000003,0.1589999999999998,0.154],"RightShoulder":[0.03200000000000003,0.05799999999999983,0.295],"LeftElbow":[0.508,0.30699999999999994,0.267],"RightElbow":[-0.18599999999999994,0.09100000000000019,0.481],"LeftWrist":[0.43400000000000016,0.35599999999999987,0.509],"RightWrist":[-0.16799999999999993,0.08999999999999986,0.75],"LeftHand":[0.44899999999999984,0.3740000000000001,0.584],"RightHand":[-0.18599999999999994,0.08800000000000008,0.825],"LeftFingers":[0.3969999999999998,0.3730000000000002,0.642],"RightFingers":[-0.21500000000000008,0.03299999999999992,0.871],"Core":[0.07200000000000006,0.42300000000000004,0.299],"Neck":[0.20100000000000007,0.04899999999999993,0.257],"Head":[0.20400000000000018,-0.11099999999999999,0.287]}}