{"p0":{"LeftToe":[-1.04,0.8860000000000001,0.062],"RightToe":[-0.30099999999999993,1.1230000000000002,0.028],"LeftHeel":[-0.817,0.931,0.062],"RightHeel":[-0.30200000000000005,0.9740000000000002,0.206],"LeftAnkle":[-0.875,0.9180000000000001,0.125],"RightAnkle":[-0.30699999999999994,0.9670000000000001,0.116],"LeftKnee":[-0.8600000000000001,0.8860000000000001,0.552],"RightKnee":[-0.367,0.544,0.082],"LeftHip":[-0.45100000000000007,1.0070000000000001,0.479],"RightHip":[-0.32000000000000006,0.8330000000000002,0.399],"LeftShoulder":[-0.591,0.7610000000000001,0.909],"RightShoulder":[-0.2769999999999999,0.6240000000000001,0.945],"LeftElbow":[-0.6759999999999999,0.9729999999999999,0.729],"RightElbow":[-0.05800000000000005,0.6539999999999999,0.762],"LeftWrist":[-0.722,0.7999999999999998,0.543],"RightWrist":[-0.22799999999999998,0.4590000000000001,0.691],"LeftHand":[-0.7450000000000001,0.7280000000000002,0.518],"RightHand":[-0.2849999999999999,0.3999999999999999,0.681],"LeftFingers":[-0.692,0.673,0.494],"RightFingers":[-0.266,0.34399999999999986,0.624],"Core":[-0.32800000000000007,0.8610000000000002,0.667],"Neck":[-0.43700000000000006,0.6949999999999998,0.967],"Head":[-0.506,0.6150000000000002,1.096]},"p1":{"LeftToe":[-0.514,-0.026999999999999913,0.03],"RightToe":[-0.7210000000000001,0.9140000000000001,0.029],"LeftHeel":[-0.7330000000000001,0.03399999999999981,0.038],"RightHeel":[-0.9179999999999999,0.7949999999999999,0.055],"LeftAnkle":[-0.6659999999999999,0.04599999999999982,0.1],"RightAnkle":[-0.849,0.8159999999999998,0.105],"LeftKnee":[-0.43100000000000005,0.1339999999999999,0.447],"RightKnee":[-0.6299999999999999,0.8029999999999999,0.475],"LeftHip":[-0.6779999999999999,0.31599999999999984,0.749],"RightHip":[-0.714,0.5379999999999998,0.8],"LeftShoulder":[-0.248,0.22199999999999998,1.038],"RightShoulder":[-0.2370000000000001,0.5489999999999999,1.083],"LeftElbow":[-0.345,0.11100000000000021,0.784],"RightElbow":[-0.05400000000000005,0.742,0.973],"LeftWrist":[-0.264,0.30600000000000005,0.933],"RightWrist":[0.06499999999999995,0.5270000000000001,0.865],"LeftHand":[-0.22100000000000009,0.3420000000000001,0.988],"RightHand":[0.13200000000000012,0.4910000000000001,0.842],"LeftFingers":[-0.21799999999999997,0.41999999999999993,1.001],"RightFingers":[0.133,0.45500000000000007,0.769],"Core":[-0.5589999999999999,0.40600000000000014,0.973],"Neck":[-0.21799999999999997,0.3780000000000001,1.113],"Head":[-0.07400000000000007,0.3849999999999998,1.196]}}