{"p0":{"LeftToe":[0.5099999999999998,0.3039999999999998,0.058],"RightToe":[0.3460000000000001,-0.369,0.035],"LeftHeel":[0.6480000000000001,0.1259999999999999,0.03],"RightHeel":[0.5710000000000002,-0.395,0.067],"LeftAnkle":[0.605,0.15600000000000014,0.106],"RightAnkle":[0.504,-0.385,0.123],"LeftKnee":[0.4620000000000002,0.1629999999999998,0.514],"RightKnee":[0.3620000000000001,-0.2889999999999999,0.516],"LeftHip":[0.6179999999999999,-0.03600000000000003,0.864],"RightHip":[0.577,-0.2629999999999999,0.889],"LeftShoulder":[0.20500000000000007,0.20599999999999996,1.075],"RightShoulder":[0.027000000000000135,-0.06600000000000006,1.077],"LeftElbow":[0.09200000000000008,0.20999999999999996,0.811],"RightElbow":[-0.2470000000000001,-0.131,1.001],"LeftWrist":[-0.17399999999999993,0.19099999999999984,0.829],"RightWrist":[-0.30299999999999994,0.11699999999999999,0.936],"LeftHand":[-0.244,0.18000000000000016,0.863],"RightHand":[-0.2549999999999999,0.17899999999999983,0.908],"LeftFingers":[-0.2470000000000001,0.1429999999999998,0.936],"RightFingers":[-0.21300000000000008,0.16000000000000014,0.841],"Core":[0.3860000000000001,-0.10299999999999998,0.986],"Neck":[0.07900000000000018,0.09399999999999986,1.129],"Head":[-0.050000000000000044,0.16800000000000015,1.195]},"p1":{"LeftToe":[0.2570000000000001,0.18900000000000006,0.029],"RightToe":[-0.5249999999999999,0.3799999999999999,0.043],"LeftHeel":[0.18199999999999994,-0.026000000000000023,0.04],"RightHeel":[-0.4570000000000001,0.16000000000000014,0.033],"LeftAnkle":[0.18999999999999995,0.03799999999999981,0.106],"RightAnkle":[-0.4630000000000001,0.2200000000000002,0.097],"LeftKnee":[0.13099999999999978,0.18500000000000005,0.508],"RightKnee":[-0.359,0.20599999999999996,0.517],"LeftHip":[-0.0040000000000000036,-0.09000000000000008,0.81],"RightHip":[-0.2350000000000001,-0.07800000000000007,0.816],"LeftShoulder":[0.13200000000000012,0.3599999999999999,1.024],"RightShoulder":[-0.17999999999999994,0.43800000000000017,1.003],"LeftElbow":[0.30699999999999994,0.2799999999999998,0.806],"RightElbow":[-0.41700000000000004,0.26900000000000013,1.001],"LeftWrist":[0.040000000000000036,0.2869999999999999,0.786],"RightWrist":[-0.18300000000000005,0.25,0.882],"LeftHand":[-0.03699999999999992,0.29800000000000004,0.781],"RightHand":[-0.17199999999999993,0.26900000000000013,0.803],"LeftFingers":[-0.09000000000000008,0.246,0.752],"RightFingers":[-0.1279999999999999,0.22599999999999998,0.753],"Core":[-0.10699999999999998,0.07699999999999996,0.992],"Neck":[-0.008000000000000007,0.4630000000000001,1.032],"Head":[0.028000000000000025,0.617,1.086]}}