{"p0":{"LeftToe":[0.8319999999999999,0.16800000000000015,0.031],"RightToe":[0.05500000000000016,0.30900000000000016,0.039],"LeftHeel":[0.7120000000000002,-0.028000000000000025,0.051],"RightHeel":[0.16699999999999982,0.1070000000000002,0.034],"LeftAnkle":[0.7269999999999999,0.04300000000000015,0.109],"RightAnkle":[0.1429999999999998,0.16400000000000015,0.098],"LeftKnee":[0.653,0.1589999999999998,0.518],"RightKnee":[0.10400000000000009,0.2610000000000001,0.513],"LeftHip":[0.45100000000000007,-0.008000000000000007,0.856],"RightHip":[0.22299999999999986,-0.0029999999999998916,0.831],"LeftShoulder":[0.5259999999999998,0.27300000000000013,1.295],"RightShoulder":[0.19899999999999984,0.29800000000000004,1.336],"LeftElbow":[0.5110000000000001,0.379,1.025],"RightElbow":[-0.050999999999999934,0.40600000000000014,1.438],"LeftWrist":[0.3210000000000002,0.54,1.107],"RightWrist":[0.10000000000000009,0.6219999999999999,1.387],"LeftHand":[0.2919999999999998,0.613,1.12],"RightHand":[0.16999999999999993,0.6589999999999998,1.398],"LeftFingers":[0.21899999999999986,0.6320000000000001,1.139],"RightFingers":[0.2320000000000002,0.6339999999999999,1.352],"Core":[0.31599999999999984,0.06199999999999983,1.077],"Neck":[0.3719999999999999,0.31800000000000006,1.37],"Head":[0.41400000000000015,0.43599999999999994,1.478]},"p1":{"LeftToe":[-0.31099999999999994,0.3969999999999998,0.025],"RightToe":[0.20500000000000007,0.9540000000000002,0.027],"LeftHeel":[-0.494,0.5350000000000001,0.036],"RightHeel":[0,1.0499999999999998,0.056],"LeftAnkle":[-0.43100000000000005,0.5110000000000001,0.099],"RightAnkle":[0.05699999999999994,1.013,0.116],"LeftKnee":[-0.2529999999999999,0.4990000000000001,0.492],"RightKnee":[0.10899999999999999,0.8439999999999999,0.511],"LeftHip":[-0.2729999999999999,0.677,0.88],"RightHip":[-0.1439999999999999,0.8620000000000001,0.856],"LeftShoulder":[-0.02499999999999991,0.42200000000000015,1.29],"RightShoulder":[0.22100000000000009,0.6120000000000001,1.251],"LeftElbow":[0.05699999999999994,0.15200000000000014,1.234],"RightElbow":[0.3380000000000001,0.39400000000000013,1.099],"LeftWrist":[0.30200000000000005,0.07299999999999995,1.279],"RightWrist":[0.5019999999999998,0.18299999999999983,1.11],"LeftHand":[0.3799999999999999,0.052000000000000046,1.293],"RightHand":[0.5139999999999998,0.10899999999999999,1.136],"LeftFingers":[0.43500000000000005,0.05699999999999994,1.232],"RightFingers":[0.48,0.08000000000000007,1.201],"Core":[-0.08499999999999996,0.7109999999999999,1.069],"Neck":[0.07900000000000018,0.5569999999999999,1.336],"Head":[0.18699999999999983,0.48099999999999987,1.43]}}