{"p0":{"LeftToe":[0.10099999999999998,-0.8069999999999999,0.029],"RightToe":[0.8180000000000001,-0.8899999999999999,0.235],"LeftHeel":[0.0950000000000002,-0.575,0.03],"RightHeel":[0.613,-0.796,0.197],"LeftAnkle":[0.10400000000000009,-0.6399999999999999,0.088],"RightAnkle":[0.6909999999999998,-0.7609999999999999,0.225],"LeftKnee":[0.2509999999999999,-0.5720000000000001,0.484],"RightKnee":[0.8290000000000002,-0.3720000000000001,0.34],"LeftHip":[0.29300000000000015,-0.16599999999999993,0.343],"RightHip":[0.4860000000000002,-0.1479999999999999,0.218],"LeftShoulder":[0.2669999999999999,0.351,0.543],"RightShoulder":[0.5150000000000001,0.43000000000000016,0.352],"LeftElbow":[0.17399999999999993,0.07699999999999996,0.539],"RightElbow":[0.7050000000000001,0.44200000000000017,0.133],"LeftWrist":[0.4119999999999999,0.01200000000000001,0.46],"RightWrist":[0.7290000000000001,0.17200000000000015,0.12],"LeftHand":[0.4860000000000002,-0.01200000000000001,0.485],"RightHand":[0.77,0.1459999999999999,0.185],"LeftFingers":[0.5339999999999998,-0.040999999999999925,0.425],"RightFingers":[0.7349999999999999,0.08899999999999997,0.233],"Core":[0.3889999999999998,0.08700000000000019,0.31],"Neck":[0.3959999999999999,0.44499999999999984,0.476],"Head":[0.42799999999999994,0.552,0.595]},"p1":{"LeftToe":[0.6669999999999998,-0.536,0.22],"RightToe":[-0.07699999999999996,-0.6910000000000001,0.025],"LeftHeel":[0.4740000000000002,-0.41500000000000004,0.238],"RightHeel":[-0.026999999999999913,-0.4690000000000001,0.03],"LeftAnkle":[0.524,-0.45799999999999996,0.301],"RightAnkle":[0.02400000000000002,-0.5429999999999999,0.031],"LeftKnee":[0.262,-0.32899999999999996,0.615],"RightKnee":[0.45199999999999996,-0.522,0.051],"LeftHip":[0.16199999999999992,-0.06400000000000006,0.293],"RightHip":[0.20000000000000018,-0.17799999999999994,0.095],"LeftShoulder":[0.472,0.387,0.183],"RightShoulder":[0.6499999999999999,0.09200000000000008,0.142],"LeftElbow":[0.27300000000000013,0.5099999999999998,0.357],"RightElbow":[0.6459999999999999,-0.127,0.329],"LeftWrist":[0.28500000000000014,0.44799999999999995,0.611],"RightWrist":[0.41500000000000004,-0.04600000000000004,0.445],"LeftHand":[0.31499999999999995,0.3839999999999999,0.641],"RightHand":[0.351,-0.008000000000000007,0.473],"LeftFingers":[0.31700000000000017,0.30900000000000016,0.608],"RightFingers":[0.2869999999999999,0.015000000000000124,0.432],"Core":[0.28200000000000003,0.07699999999999996,0.1],"Neck":[0.5910000000000002,0.2549999999999999,0.178],"Head":[0.7240000000000002,0.30900000000000016,0.261]}}