{"p0":{"LeftToe":[0.05699999999999994,-0.1080000000000001,0.025],"RightToe":[-0.45599999999999996,-0.04800000000000004,0.025],"LeftHeel":[-0.16300000000000003,-0.17700000000000005,0.03],"RightHeel":[-0.45100000000000007,0.06000000000000005,0.227],"LeftAnkle":[-0.11499999999999999,-0.127,0.083],"RightAnkle":[-0.41500000000000004,0.08400000000000007,0.145],"LeftKnee":[0.15700000000000003,0.08300000000000018,0.34],"RightKnee":[-0.25,0.476,0.069],"LeftHip":[-0.19799999999999995,0.13600000000000012,0.581],"RightHip":[-0.31200000000000006,0.2759999999999998,0.441],"LeftShoulder":[0.1389999999999998,0.5840000000000001,0.713],"RightShoulder":[-0.09000000000000008,0.7509999999999999,0.546],"LeftElbow":[0.21700000000000008,0.3039999999999998,0.726],"RightElbow":[-0.16500000000000004,0.6659999999999999,0.281],"LeftWrist":[0.3849999999999998,0.3530000000000002,0.532],"RightWrist":[0.008999999999999897,0.7519999999999998,0.093],"LeftHand":[0.45100000000000007,0.32699999999999996,0.502],"RightHand":[0.07900000000000018,0.7909999999999999,0.09],"LeftFingers":[0.4990000000000001,0.3730000000000002,0.456],"RightFingers":[0.1469999999999998,0.7599999999999998,0.066],"Core":[-0.16999999999999993,0.3999999999999999,0.633],"Neck":[0.0259999999999998,0.7120000000000002,0.668],"Head":[0.1280000000000001,0.8279999999999998,0.719]},"p1":{"LeftToe":[0.798,0.8500000000000001,0.714],"RightToe":[1.1179999999999999,0.5699999999999998,0.266],"LeftHeel":[0.6219999999999999,0.7050000000000001,0.735],"RightHeel":[1.0379999999999998,0.6259999999999999,0.473],"LeftAnkle":[0.6379999999999999,0.7770000000000001,0.685],"RightAnkle":[1,0.6030000000000002,0.394],"LeftKnee":[0.3999999999999999,0.9830000000000001,0.396],"RightKnee":[0.6030000000000002,0.4460000000000002,0.364],"LeftHip":[0.137,0.6629999999999998,0.518],"RightHip":[0.2370000000000001,0.4670000000000001,0.588],"LeftShoulder":[0.31899999999999995,0.569,0.107],"RightShoulder":[0.2570000000000001,0.2290000000000001,0.109],"LeftElbow":[0.19200000000000017,0.802,0.231],"RightElbow":[-0.014999999999999902,0.2410000000000001,0.208],"LeftWrist":[0.33899999999999997,0.5859999999999999,0.205],"RightWrist":[0.01200000000000001,0.20999999999999996,0.472],"LeftHand":[0.41100000000000003,0.5550000000000002,0.227],"RightHand":[0.019000000000000128,0.18299999999999983,0.549],"LeftFingers":[0.42600000000000016,0.47699999999999987,0.222],"RightFingers":[-0.040000000000000036,0.16800000000000015,0.598],"Core":[0.08999999999999986,0.44200000000000017,0.366],"Neck":[0.31999999999999984,0.39400000000000013,0.096],"Head":[0.4780000000000002,0.3570000000000002,0.11]}}