{"p0":{"LeftToe":[0.1419999999999999,-0.17399999999999993,0.137],"RightToe":[0.016999999999999904,-0.07699999999999996,0.287],"LeftHeel":[-0.05400000000000005,-0.05499999999999994,0.138],"RightHeel":[-0.04800000000000004,0.1280000000000001,0.21],"LeftAnkle":[0.021999999999999797,-0.04899999999999993,0.186],"RightAnkle":[0.03299999999999992,0.09299999999999997,0.234],"LeftKnee":[0.0019999999999997797,0.2959999999999998,0.441],"RightKnee":[0.31899999999999995,0.41100000000000003,0.228],"LeftHip":[-0.2490000000000001,0.31700000000000017,0.09],"RightHip":[-0.10099999999999998,0.484,0.154],"LeftShoulder":[-0.33499999999999996,0.266,0.637],"RightShoulder":[-0.22599999999999998,0.5859999999999999,0.648],"LeftElbow":[-0.17300000000000004,0.242,0.396],"RightElbow":[-0.04499999999999993,0.6859999999999999,0.443],"LeftWrist":[0.020999999999999908,0.41500000000000004,0.484],"RightWrist":[0.13600000000000012,0.536,0.327],"LeftHand":[0.08000000000000007,0.47299999999999986,0.507],"RightHand":[0.17200000000000015,0.46399999999999997,0.341],"LeftFingers":[0.1459999999999999,0.4580000000000002,0.457],"RightFingers":[0.1459999999999999,0.42700000000000005,0.41],"Core":[-0.31000000000000005,0.4460000000000002,0.317],"Neck":[-0.2649999999999999,0.41800000000000015,0.693],"Head":[-0.21399999999999997,0.3889999999999998,0.85]},"p1":{"LeftToe":[-0.575,0.6629999999999998,0.216],"RightToe":[-0.262,-0.5129999999999999,0.03],"LeftHeel":[-0.3720000000000001,0.5960000000000001,0.137],"RightHeel":[-0.08600000000000008,-0.3680000000000001,0.03],"LeftAnkle":[-0.397,0.6219999999999999,0.221],"RightAnkle":[-0.14300000000000002,-0.3979999999999999,0.095],"LeftKnee":[-0.010999999999999899,0.512,0.38],"RightKnee":[-0.0009999999999998899,-0.15500000000000003,0.419],"LeftHip":[0.1080000000000001,0.20000000000000018,0.104],"RightHip":[0.23899999999999988,0.008000000000000007,0.101],"LeftShoulder":[0.5419999999999998,0.5409999999999999,0.246],"RightShoulder":[0.6560000000000001,0.278,0.346],"LeftElbow":[0.5470000000000002,0.746,0.045],"RightElbow":[0.827,0.121,0.171],"LeftWrist":[0.4049999999999998,0.9729999999999999,0.037],"RightWrist":[0.8540000000000001,-0.09400000000000008,0.022],"LeftHand":[0.3719999999999999,1.0419999999999998,0.058],"RightHand":[0.8690000000000002,-0.16500000000000004,0.054],"LeftFingers":[0.31199999999999983,1.076,0.022],"RightFingers":[0.9260000000000002,-0.21500000000000008,0.022],"Core":[0.3740000000000001,0.2400000000000002,0.113],"Neck":[0.641,0.44899999999999984,0.355],"Head":[0.6110000000000002,0.5009999999999999,0.509]}}