{"p0":{"LeftToe":[0.07500000000000018,1.0550000000000002,0.029],"RightToe":[-0.3799999999999999,1.2469999999999999,0.028],"LeftHeel":[0.129,0.8599999999999999,0.134],"RightHeel":[-0.16399999999999992,1.1629999999999998,0.03],"LeftAnkle":[0.06800000000000006,0.9239999999999999,0.151],"RightAnkle":[-0.2450000000000001,1.13,0.03],"LeftKnee":[-0.17599999999999993,0.823,0.488],"RightKnee":[-0.256,0.7200000000000002,0.146],"LeftHip":[0.10599999999999987,0.5419999999999998,0.318],"RightHip":[0.1419999999999999,0.5659999999999998,0.09],"LeftShoulder":[0.15300000000000002,0.10400000000000009,0.43],"RightShoulder":[0.26900000000000013,-0.0020000000000000018,0.145],"LeftElbow":[-0.1160000000000001,0.04700000000000015,0.334],"RightElbow":[0.08499999999999996,-0.20599999999999996,0.047],"LeftWrist":[0.016000000000000014,-0.1419999999999999,0.196],"RightWrist":[0.17700000000000005,-0.3540000000000001,0.243],"LeftHand":[0.04999999999999982,-0.20900000000000007,0.174],"RightHand":[0.2280000000000002,-0.369,0.302],"LeftFingers":[0.12300000000000022,-0.21300000000000008,0.144],"RightFingers":[0.22100000000000009,-0.3540000000000001,0.379],"Core":[0.2789999999999999,0.3660000000000001,0.204],"Neck":[0.22999999999999998,-0.008000000000000007,0.317],"Head":[0.29300000000000015,-0.15100000000000002,0.26]},"p1":{"LeftToe":[0.18100000000000005,-0.94,0.028],"RightToe":[-0.050000000000000044,-0.9339999999999999,0.026],"LeftHeel":[0.17099999999999982,-0.7809999999999999,0.196],"RightHeel":[-0.05600000000000005,-0.75,0.169],"LeftAnkle":[0.18900000000000006,-0.786,0.112],"RightAnkle":[-0.06600000000000006,-0.762,0.082],"LeftKnee":[0.2749999999999999,-0.3720000000000001,0.05],"RightKnee":[-0.2729999999999999,-0.3839999999999999,0.052],"LeftHip":[0.16100000000000003,-0.665,0.347],"RightHip":[-0.06899999999999995,-0.633,0.34],"LeftShoulder":[0.1429999999999998,-0.1160000000000001,0.199],"RightShoulder":[0.020999999999999908,-0.06099999999999994,0.483],"LeftElbow":[-0.09499999999999997,-0.15900000000000003,0.045],"RightElbow":[-0.19399999999999995,-0.17700000000000005,0.324],"LeftWrist":[-0.30099999999999993,0.0129999999999999,0.04],"RightWrist":[-0.16999999999999993,-0.06400000000000006,0.088],"LeftHand":[-0.353,0.06999999999999984,0.027],"RightHand":[-0.1120000000000001,-0.02200000000000002,0.127],"LeftFingers":[-0.42900000000000005,0.06400000000000006,0.051],"RightFingers":[-0.04400000000000004,-0.006999999999999895,0.085],"Core":[0.07799999999999985,-0.4159999999999999,0.404],"Neck":[0.09600000000000009,-0.01200000000000001,0.332],"Head":[0.05699999999999994,0.1120000000000001,0.228]}}