{"p0":{"LeftToe":[-0.7410000000000001,0.17899999999999983,0.029],"RightToe":[0.03799999999999981,0.06099999999999994,0.026],"LeftHeel":[-0.522,0.2519999999999998,0.031],"RightHeel":[-0.08299999999999996,0.2589999999999999,0.041],"LeftAnkle":[-0.6000000000000001,0.28500000000000014,0.048],"RightAnkle":[-0.10000000000000009,0.17300000000000004,0.03],"LeftKnee":[-0.571,0.677,0.218],"RightKnee":[-0.498,0.039000000000000146,0.116],"LeftHip":[-0.15100000000000002,0.5910000000000002,0.171],"RightHip":[-0.22599999999999998,0.3719999999999999,0.156],"LeftShoulder":[-0.44199999999999995,0.649,0.596],"RightShoulder":[-0.41900000000000004,0.31899999999999995,0.653],"LeftElbow":[-0.4810000000000001,0.7210000000000001,0.316],"RightElbow":[-0.44300000000000006,0.14900000000000002,0.418],"LeftWrist":[-0.5569999999999999,0.4710000000000001,0.308],"RightWrist":[-0.5840000000000001,0.33099999999999996,0.279],"LeftHand":[-0.5209999999999999,0.4079999999999999,0.269],"RightHand":[-0.6080000000000001,0.403,0.25],"LeftFingers":[-0.44100000000000006,0.41800000000000015,0.259],"RightFingers":[-0.569,0.46899999999999986,0.279],"Core":[-0.18300000000000005,0.4660000000000002,0.407],"Neck":[-0.43700000000000006,0.4929999999999999,0.678],"Head":[-0.562,0.4830000000000001,0.79]},"p1":{"LeftToe":[-1.557,0.782,0.025],"RightToe":[-1.4060000000000001,0.2450000000000001,0.079],"LeftHeel":[-1.3359999999999999,0.802,0.081],"RightHeel":[-1.234,0.3860000000000001,0.03],"LeftAnkle":[-1.4140000000000001,0.794,0.13],"RightAnkle":[-1.26,0.3460000000000001,0.106],"LeftKnee":[-1.149,0.8170000000000002,0.467],"RightKnee":[-1.03,0.3860000000000001,0.469],"LeftHip":[-0.946,0.8730000000000002,0.093],"RightHip":[-0.958,0.6459999999999999,0.135],"LeftShoulder":[-0.4039999999999999,0.9529999999999998,0.08],"RightShoulder":[-0.367,0.6160000000000001,0.087],"LeftElbow":[-0.683,0.9780000000000002,0.147],"RightElbow":[-0.4730000000000001,0.46099999999999985,0.31],"LeftWrist":[-0.575,0.762,0.243],"RightWrist":[-0.397,0.7160000000000002,0.338],"LeftHand":[-0.5489999999999999,0.7210000000000001,0.311],"RightHand":[-0.371,0.7909999999999999,0.329],"LeftFingers":[-0.532,0.6419999999999999,0.294],"RightFingers":[-0.32699999999999996,0.8090000000000002,0.262],"Core":[-0.7110000000000001,0.7450000000000001,0.1],"Neck":[-0.3380000000000001,0.79,0.075],"Head":[-0.17500000000000004,0.7829999999999999,0.11]}}