{"p0":{"LeftToe":[-0.43199999999999994,0.5489999999999999,0.249],"RightToe":[-0.359,0.9279999999999999,0.068],"LeftHeel":[-0.238,0.4750000000000001,0.143],"RightHeel":[-0.31499999999999995,0.7029999999999998,0.033],"LeftAnkle":[-0.26,0.5329999999999999,0.205],"RightAnkle":[-0.31499999999999995,0.7549999999999999,0.106],"LeftKnee":[0.14500000000000002,0.6219999999999999,0.285],"RightKnee":[-0.24,0.46899999999999986,0.407],"LeftHip":[0.10499999999999998,0.22299999999999986,0.11],"RightHip":[-0.1140000000000001,0.1589999999999998,0.12],"LeftShoulder":[0.40600000000000014,-0.18999999999999995,0.084],"RightShoulder":[0.14100000000000001,-0.4059999999999999,0.083],"LeftElbow":[0.3660000000000001,-0.05800000000000005,0.342],"RightElbow":[0.04800000000000004,-0.41500000000000004,0.36],"LeftWrist":[0.21899999999999986,-0.22100000000000009,0.207],"RightWrist":[0.2759999999999998,-0.33299999999999996,0.239],"LeftHand":[0.20599999999999996,-0.2809999999999999,0.261],"RightHand":[0.29700000000000015,-0.2569999999999999,0.26],"LeftFingers":[0.20199999999999996,-0.3560000000000001,0.231],"RightFingers":[0.2839999999999998,-0.19700000000000006,0.207],"Core":[0.06800000000000006,-0.04299999999999993,0.1],"Neck":[0.29000000000000004,-0.31899999999999995,0.094],"Head":[0.351,-0.4710000000000001,0.13]},"p1":{"LeftToe":[-0.42799999999999994,1.009,0.21],"RightToe":[-0.657,0.2869999999999999,0.788],"LeftHeel":[-0.45100000000000007,0.7829999999999999,0.228],"RightHeel":[-0.601,0.19399999999999995,0.586],"LeftAnkle":[-0.3799999999999999,0.8359999999999999,0.205],"RightAnkle":[-0.5509999999999999,0.238,0.65],"LeftKnee":[-0.026000000000000023,0.6440000000000001,0.093],"RightKnee":[-0.135,0.20500000000000007,0.714],"LeftHip":[0,0.262,0.306],"RightHip":[-0.052000000000000046,0.040999999999999925,0.313],"LeftShoulder":[0.45500000000000007,0.33000000000000007,0.106],"RightShoulder":[0.548,0.005999999999999783,0.139],"LeftElbow":[0.2799999999999998,0.45599999999999996,0.301],"RightElbow":[0.43599999999999994,-0.246,0.222],"LeftWrist":[0.31099999999999994,0.20299999999999985,0.361],"RightWrist":[0.17300000000000004,-0.29699999999999993,0.211],"LeftHand":[0.33599999999999985,0.1339999999999999,0.396],"RightHand":[0.10400000000000009,-0.3340000000000001,0.236],"LeftFingers":[0.30699999999999994,0.06400000000000006,0.364],"RightFingers":[0.03500000000000014,-0.29600000000000004,0.215],"Core":[0.20500000000000007,0.0950000000000002,0.246],"Neck":[0.5489999999999999,0.18199999999999994,0.127],"Head":[0.6930000000000001,0.2639999999999998,0.142]}}