{"p0":{"LeftToe":[0.5920000000000001,1.5179999999999998,0.037],"RightToe":[0.823,1.1280000000000001,0.031],"LeftHeel":[0.6240000000000001,1.3650000000000002,0.21],"RightHeel":[0.7770000000000001,1.009,0.219],"LeftAnkle":[0.5840000000000001,1.367,0.13],"RightAnkle":[0.7829999999999999,0.9820000000000002,0.132],"LeftKnee":[0.3580000000000001,1.012,0.052],"RightKnee":[0.7189999999999999,0.5619999999999998,0.05],"LeftHip":[0.403,0.835,0.444],"RightHip":[0.625,0.774,0.414],"LeftShoulder":[0.32200000000000006,0.2509999999999999,0.502],"RightShoulder":[0.637,0.2570000000000001,0.506],"LeftElbow":[0.26900000000000013,0.266,0.218],"RightElbow":[0.742,0.4169999999999998,0.288],"LeftWrist":[0.5099999999999998,0.20500000000000007,0.147],"RightWrist":[0.532,0.32399999999999984,0.146],"LeftHand":[0.5619999999999998,0.2599999999999998,0.181],"RightHand":[0.5590000000000002,0.25,0.155],"LeftFingers":[0.6349999999999998,0.23399999999999999,0.205],"RightFingers":[0.524,0.20199999999999996,0.209],"Core":[0.46799999999999997,0.5880000000000001,0.532],"Neck":[0.4820000000000002,0.17600000000000016,0.511],"Head":[0.41800000000000015,0.03500000000000014,0.562]},"p1":{"LeftToe":[0.5859999999999999,-0.643,0.025],"RightToe":[0.26900000000000013,-0.6220000000000001,0.034],"LeftHeel":[0.6040000000000001,-0.5069999999999999,0.209],"RightHeel":[0.28600000000000003,-0.474,0.21],"LeftAnkle":[0.6059999999999999,-0.492,0.123],"RightAnkle":[0.2789999999999999,-0.46799999999999997,0.123],"LeftKnee":[0.7050000000000001,-0.08000000000000007,0.061],"RightKnee":[0.2679999999999998,-0.04200000000000004,0.064],"LeftHip":[0.5539999999999998,-0.30600000000000005,0.398],"RightHip":[0.32699999999999996,-0.268,0.423],"LeftShoulder":[0.726,0.21799999999999997,0.305],"RightShoulder":[0.43400000000000016,0.31700000000000017,0.335],"LeftElbow":[0.8290000000000002,0.4590000000000001,0.188],"RightElbow":[0.42200000000000015,0.3919999999999999,0.054],"LeftWrist":[0.75,0.702,0.152],"RightWrist":[0.5790000000000002,0.609,0.1],"LeftHand":[0.6829999999999998,0.7360000000000002,0.132],"RightHand":[0.6110000000000002,0.6789999999999998,0.107],"LeftFingers":[0.6280000000000001,0.7000000000000002,0.085],"RightFingers":[0.6869999999999998,0.7010000000000001,0.102],"Core":[0.48099999999999987,-0.04899999999999993,0.37],"Neck":[0.6070000000000002,0.3500000000000001,0.312],"Head":[0.5910000000000002,0.5129999999999999,0.287]}}