{"p0":{"LeftToe":[-0.42199999999999993,-0.399,0.026],"RightToe":[-0.782,0.027000000000000135,0.025],"LeftHeel":[-0.3440000000000001,-0.258,0.186],"RightHeel":[-0.595,0.06300000000000017,0.15],"LeftAnkle":[-0.30899999999999994,-0.2809999999999999,0.104],"RightAnkle":[-0.631,0.11299999999999999,0.081],"LeftKnee":[0.06700000000000017,-0.07400000000000007,0.05],"RightKnee":[-0.3440000000000001,0.43299999999999983,0.05],"LeftHip":[-0.2330000000000001,-0.04299999999999993,0.354],"RightHip":[-0.365,0.14800000000000013,0.373],"LeftShoulder":[0.24299999999999988,0.20400000000000018,0.317],"RightShoulder":[0.06800000000000006,0.476,0.302],"LeftElbow":[0.125,0.18699999999999983,0.053],"RightElbow":[-0.19900000000000007,0.46799999999999997,0.182],"LeftWrist":[-0.08299999999999996,0.34399999999999986,0.037],"RightWrist":[-0.03200000000000003,0.601,0.02],"LeftHand":[-0.1439999999999999,0.3919999999999999,0.058],"RightHand":[-0.03499999999999992,0.6829999999999998,0.02],"LeftFingers":[-0.1499999999999999,0.40700000000000003,0.139],"RightFingers":[0.039000000000000146,0.7189999999999999,0.022],"Core":[-0.10499999999999998,0.18000000000000016,0.436],"Neck":[0.20199999999999996,0.371,0.353],"Head":[0.33599999999999985,0.4710000000000001,0.361]},"p1":{"LeftToe":[-0.609,0.4630000000000001,0.025],"RightToe":[-0.5900000000000001,-0.19900000000000007,0.025],"LeftHeel":[-0.399,0.5579999999999998,0.03],"RightHeel":[-0.43799999999999994,-0.02499999999999991,0.031],"LeftAnkle":[-0.45399999999999996,0.5249999999999999,0.093],"RightAnkle":[-0.4730000000000001,-0.07899999999999996,0.095],"LeftKnee":[-0.30099999999999993,0.5299999999999998,0.497],"RightKnee":[-0.18399999999999994,0.18000000000000016,0.282],"LeftHip":[-0.1160000000000001,0.625,0.124],"RightHip":[0.06400000000000006,0.4790000000000001,0.104],"LeftShoulder":[0.28600000000000003,0.8519999999999999,0.456],"RightShoulder":[0.4790000000000001,0.6890000000000001,0.253],"LeftElbow":[0.02499999999999991,0.722,0.431],"RightElbow":[0.254,0.52,0.192],"LeftWrist":[-0.06499999999999995,0.4820000000000002,0.375],"RightWrist":[0.01100000000000012,0.41900000000000004,0.263],"LeftHand":[-0.05499999999999994,0.4089999999999998,0.352],"RightHand":[-0.06400000000000006,0.40200000000000014,0.289],"LeftFingers":[-0.08699999999999997,0.3849999999999998,0.28],"RightFingers":[-0.08800000000000008,0.43699999999999983,0.36],"Core":[0.12699999999999978,0.7370000000000001,0.146],"Neck":[0.42799999999999994,0.7629999999999999,0.402],"Head":[0.43699999999999983,0.6389999999999998,0.515]}}