{"p0":{"LeftToe":[1.1230000000000002,-0.29000000000000004,0.03],"RightToe":[0.17899999999999983,-0.014000000000000012,0.025],"LeftHeel":[1.2519999999999998,-0.48,0.054],"RightHeel":[0.29499999999999993,-0.21599999999999997,0.03],"LeftAnkle":[1.201,-0.43199999999999994,0.108],"RightAnkle":[0.2610000000000001,-0.15799999999999992,0.088],"LeftKnee":[0.9460000000000002,-0.22199999999999998,0.38],"RightKnee":[0.3290000000000002,-0.0040000000000000036,0.482],"LeftHip":[0.7789999999999999,-0.2310000000000001,0.776],"RightHip":[0.5470000000000002,-0.236,0.767],"LeftShoulder":[0.726,-0.06800000000000006,1.335],"RightShoulder":[0.4209999999999998,-0.16599999999999993,1.296],"LeftElbow":[0.8290000000000002,-0.02200000000000002,1.065],"RightElbow":[0.33000000000000007,-0.2410000000000001,1.029],"LeftWrist":[0.6259999999999999,0.0990000000000002,0.958],"RightWrist":[0.2650000000000001,-0.04200000000000004,0.863],"LeftHand":[0.5499999999999998,0.121,0.939],"RightHand":[0.2559999999999998,0.039000000000000146,0.877],"LeftFingers":[0.532,0.13200000000000012,0.862],"RightFingers":[0.2400000000000002,0.08300000000000018,0.809],"Core":[0.6499999999999999,-0.238,1.015],"Neck":[0.5609999999999999,-0.1060000000000001,1.386],"Head":[0.4740000000000002,-0.040000000000000036,1.513]},"p1":{"LeftToe":[0.512,-0.06899999999999995,0.9],"RightToe":[0.3969999999999998,-0.2709999999999999,0.76],"LeftHeel":[0.3639999999999999,-0.16999999999999993,0.754],"RightHeel":[0.3570000000000002,-0.3340000000000001,0.545],"LeftAnkle":[0.387,-0.08299999999999996,0.776],"RightAnkle":[0.395,-0.2629999999999999,0.581],"LeftKnee":[0.08199999999999985,0.08300000000000018,0.517],"RightKnee":[0.5179999999999998,0.08599999999999985,0.367],"LeftHip":[-0.008000000000000007,-0.15399999999999991,0.168],"RightHip":[0.17499999999999982,-0.020000000000000018,0.126],"LeftShoulder":[-0.2410000000000001,0.33999999999999986,0.317],"RightShoulder":[0.06700000000000017,0.4169999999999998,0.226],"LeftElbow":[-0.2609999999999999,0.052000000000000046,0.274],"RightElbow":[0.23499999999999988,0.20000000000000018,0.125],"LeftWrist":[-0.11099999999999999,-0.1120000000000001,0.41],"RightWrist":[0.29300000000000015,-0.06099999999999994,0.084],"LeftHand":[-0.05600000000000005,-0.10200000000000009,0.47],"RightHand":[0.31400000000000006,-0.135,0.063],"LeftFingers":[0.016999999999999904,-0.1379999999999999,0.457],"RightFingers":[0.31099999999999994,-0.19999999999999996,0.11],"Core":[-0.06699999999999995,0.09799999999999986,0.1],"Neck":[-0.09600000000000009,0.43999999999999995,0.293],"Head":[-0.09899999999999998,0.5339999999999998,0.431]}}