{"p0":{"LeftToe":[0.9140000000000001,-0.03699999999999992,0.039],"RightToe":[-0.18199999999999994,0.17700000000000005,0.034],"LeftHeel":[0.7919999999999998,-0.22599999999999998,0.083],"RightHeel":[-0.06899999999999995,-0.02200000000000002,0.04],"LeftAnkle":[0.8109999999999999,-0.1519999999999999,0.135],"RightAnkle":[-0.07200000000000006,0.04800000000000004,0.095],"LeftKnee":[0.7519999999999998,0.008000000000000007,0.528],"RightKnee":[0.0950000000000002,0.1280000000000001,0.486],"LeftHip":[0.43999999999999995,-0.11499999999999999,0.797],"RightHip":[0.2120000000000002,-0.129,0.807],"LeftShoulder":[0.5259999999999998,0.1419999999999999,1.279],"RightShoulder":[0.20100000000000007,0.18500000000000005,1.291],"LeftElbow":[0.677,0.015000000000000124,1.065],"RightElbow":[0.07900000000000018,0.02400000000000002,1.084],"LeftWrist":[0.5990000000000002,0.07799999999999985,0.827],"RightWrist":[0.07600000000000007,0.16500000000000004,0.856],"LeftHand":[0.5960000000000001,0.1589999999999998,0.813],"RightHand":[0.03799999999999981,0.21899999999999986,0.811],"LeftFingers":[0.6000000000000001,0.18000000000000016,0.734],"RightFingers":[0.07600000000000007,0.2490000000000001,0.747],"Core":[0.32699999999999996,-0.04800000000000004,1.036],"Neck":[0.3700000000000001,0.21799999999999997,1.299],"Head":[0.3690000000000002,0.3719999999999999,1.355]},"p1":{"LeftToe":[0.5070000000000001,0.02300000000000013,0.878],"RightToe":[0.714,-0.1259999999999999,0.606],"LeftHeel":[0.476,0.015000000000000124,0.652],"RightHeel":[0.5950000000000002,-0.08200000000000007,0.411],"LeftAnkle":[0.41900000000000004,-0.0009999999999998899,0.722],"RightAnkle":[0.609,-0.04200000000000004,0.488],"LeftKnee":[0.08000000000000007,-0.14900000000000002,0.507],"RightKnee":[0.3490000000000002,0.2919999999999998,0.558],"LeftHip":[0.32699999999999996,-0.1080000000000001,0.158],"RightHip":[0.45199999999999996,0.08099999999999996,0.201],"LeftShoulder":[-0.1479999999999999,0.23499999999999988,0.093],"RightShoulder":[0.10000000000000009,0.476,0.162],"LeftElbow":[-0.18700000000000006,-0.050999999999999934,0.099],"RightElbow":[0.2789999999999999,0.31199999999999983,0.322],"LeftWrist":[-0.014000000000000012,0.019000000000000128,0.283],"RightWrist":[0.1549999999999998,0.18500000000000005,0.53],"LeftHand":[-0.03499999999999992,0.03200000000000003,0.36],"RightHand":[0.10899999999999999,0.18599999999999994,0.595],"LeftFingers":[-0.03200000000000003,0.1080000000000001,0.391],"RightFingers":[0.04800000000000004,0.13099999999999978,0.599],"Core":[0.20999999999999996,0.13099999999999978,0.1],"Neck":[-0.038000000000000034,0.3719999999999999,0.119],"Head":[-0.16100000000000003,0.4849999999999999,0.138]}}