{"p0":{"LeftToe":[0.3740000000000001,-0.6679999999999999,0.027],"RightToe":[0.1589999999999998,-0.6930000000000001,0.031],"LeftHeel":[0.3420000000000001,-0.556,0.222],"RightHeel":[0.1160000000000001,-0.5169999999999999,0.177],"LeftAnkle":[0.34799999999999986,-0.524,0.135],"RightAnkle":[0.11399999999999988,-0.526,0.088],"LeftKnee":[0.32200000000000006,-0.10200000000000009,0.05],"RightKnee":[-0.1499999999999999,-0.18900000000000006,0.052],"LeftHip":[0.2909999999999999,-0.42700000000000005,0.334],"RightHip":[0.06499999999999995,-0.44700000000000006,0.324],"LeftShoulder":[0.12300000000000022,-0.03400000000000003,0.715],"RightShoulder":[-0.14300000000000002,-0.2310000000000001,0.734],"LeftElbow":[0.06000000000000005,-0.03299999999999992,0.432],"RightElbow":[-0.09800000000000009,-0.4179999999999999,0.519],"LeftWrist":[-0.1140000000000001,-0.21599999999999997,0.366],"RightWrist":[-0.242,-0.2669999999999999,0.348],"LeftHand":[-0.15500000000000003,-0.2350000000000001,0.435],"RightHand":[-0.2889999999999999,-0.242,0.404],"LeftFingers":[-0.19999999999999996,-0.30200000000000005,0.431],"RightFingers":[-0.355,-0.19799999999999995,0.4],"Core":[0.15700000000000003,-0.371,0.564],"Neck":[-0.038999999999999924,-0.09000000000000008,0.758],"Head":[-0.131,0.04499999999999993,0.771]},"p1":{"LeftToe":[-0.29800000000000004,-0.2709999999999999,0.332],"RightToe":[-0.08600000000000008,-0.788,0.234],"LeftHeel":[-0.19300000000000006,-0.10000000000000009,0.439],"RightHeel":[-0.18500000000000005,-0.6200000000000001,0.115],"LeftAnkle":[-0.15999999999999992,-0.18100000000000005,0.41],"RightAnkle":[-0.10400000000000009,-0.627,0.161],"LeftKnee":[0.2679999999999998,-0.2270000000000001,0.448],"RightKnee":[0.16900000000000004,-0.29800000000000004,0.144],"LeftHip":[0.08999999999999986,0.14500000000000002,0.33],"RightHip":[0.10099999999999998,0.12400000000000011,0.103],"LeftShoulder":[0.5720000000000001,0.3900000000000001,0.407],"RightShoulder":[0.6059999999999999,0.18500000000000005,0.147],"LeftElbow":[0.2879999999999998,0.3460000000000001,0.416],"RightElbow":[0.3889999999999998,0.017999999999999794,0.059],"LeftWrist":[0.2909999999999999,0.08800000000000008,0.443],"RightWrist":[0.46399999999999997,-0.121,0.276],"LeftHand":[0.31599999999999984,0.03500000000000014,0.499],"RightHand":[0.5030000000000001,-0.121,0.347],"LeftFingers":[0.28900000000000015,-0.04200000000000004,0.488],"RightFingers":[0.4910000000000001,-0.18700000000000006,0.394],"Core":[0.266,0.30900000000000016,0.212],"Neck":[0.6429999999999998,0.27700000000000014,0.293],"Head":[0.7730000000000001,0.21799999999999997,0.37]}}