{"p0":{"LeftToe":[-0.357,-0.5509999999999999,0.025],"RightToe":[-0.6539999999999999,0.0040000000000000036,0.026],"LeftHeel":[-0.2869999999999999,-0.33299999999999996,0.031],"RightHeel":[-0.42700000000000005,-0.03299999999999992,0.03],"LeftAnkle":[-0.2470000000000001,-0.4119999999999999,0.038],"RightAnkle":[-0.4770000000000001,0.040000000000000036,0.03],"LeftKnee":[0.16500000000000004,-0.29499999999999993,0.054],"RightKnee":[-0.19199999999999995,0.3639999999999999,0.05],"LeftHip":[-0.2250000000000001,-0.21300000000000008,0.218],"RightHip":[-0.32400000000000007,-0.008000000000000007,0.217],"LeftShoulder":[0.2799999999999998,-0.1319999999999999,0.32],"RightShoulder":[0.2639999999999998,0.1499999999999999,0.294],"LeftElbow":[0.3849999999999998,-0.1439999999999999,0.05],"RightElbow":[0.2650000000000001,0.403,0.158],"LeftWrist":[0.3820000000000001,0.08099999999999996,0.177],"RightWrist":[0.3500000000000001,0.17899999999999983,0.278],"LeftHand":[0.42700000000000005,0.12400000000000011,0.229],"RightHand":[0.4169999999999998,0.14100000000000001,0.289],"LeftFingers":[0.403,0.19799999999999995,0.252],"RightFingers":[0.4590000000000001,0.1070000000000002,0.233],"Core":[-0.06800000000000006,-0.010999999999999899,0.309],"Neck":[0.3740000000000001,0.017999999999999794,0.307],"Head":[0.5390000000000001,0.008999999999999897,0.289]},"p1":{"LeftToe":[0.5019999999999998,-0.16700000000000004,0.469],"RightToe":[0.536,-0.08499999999999996,0.505],"LeftHeel":[0.4209999999999998,-0.03699999999999992,0.296],"RightHeel":[0.31700000000000017,-0.02400000000000002,0.475],"LeftAnkle":[0.44099999999999984,-0.026000000000000023,0.381],"RightAnkle":[0.3719999999999999,-0.08099999999999996,0.438],"LeftKnee":[0.2869999999999999,0.3530000000000002,0.503],"RightKnee":[0.383,-0.2609999999999999,0.05],"LeftHip":[0.06400000000000006,0.28900000000000015,0.143],"RightHip":[0.1030000000000002,0.06499999999999995,0.093],"LeftShoulder":[0.52,0.5179999999999998,0.186],"RightShoulder":[0.6890000000000001,0.2360000000000002,0.118],"LeftElbow":[0.242,0.6040000000000001,0.22],"RightElbow":[0.44300000000000006,0.08300000000000018,0.085],"LeftWrist":[0.33999999999999986,0.4049999999999998,0.352],"RightWrist":[0.379,0.09799999999999986,0.345],"LeftHand":[0.3929999999999998,0.367,0.403],"RightHand":[0.3340000000000001,0.08700000000000019,0.413],"LeftFingers":[0.3849999999999998,0.29000000000000004,0.423],"RightFingers":[0.3759999999999999,0.08800000000000008,0.484],"Core":[0.3210000000000002,0.2200000000000002,0.1],"Neck":[0.6520000000000001,0.4009999999999998,0.173],"Head":[0.762,0.44899999999999984,0.289]}}