{"p0":{"LeftToe":[-0.3480000000000001,-0.5469999999999999,0.026],"RightToe":[-0.653,0.0040000000000000036,0.026],"LeftHeel":[-0.2789999999999999,-0.33000000000000007,0.032],"RightHeel":[-0.42700000000000005,-0.03299999999999992,0.03],"LeftAnkle":[-0.23399999999999999,-0.40900000000000003,0.037],"RightAnkle":[-0.478,0.040000000000000036,0.03],"LeftKnee":[0.18199999999999994,-0.30800000000000005,0.058],"RightKnee":[-0.18100000000000005,0.34299999999999997,0.083],"LeftHip":[0.06400000000000006,-0.10099999999999998,0.417],"RightHip":[0.0129999999999999,0.12199999999999989,0.4],"LeftShoulder":[0.6299999999999999,-0.038000000000000034,0.456],"RightShoulder":[0.5979999999999999,0.2160000000000002,0.31],"LeftElbow":[0.69,-0.28,0.305],"RightElbow":[0.30600000000000005,0.2320000000000002,0.312],"LeftWrist":[0.7839999999999998,-0.34299999999999997,0.068],"RightWrist":[0.4089999999999998,0.01200000000000001,0.197],"LeftHand":[0.8500000000000001,-0.373,0.099],"RightHand":[0.4860000000000002,-0.014000000000000012,0.199],"LeftFingers":[0.9039999999999999,-0.41900000000000004,0.063],"RightFingers":[0.5110000000000001,-0.05899999999999994,0.135],"Core":[0.2759999999999998,0.06199999999999983,0.401],"Neck":[0.6560000000000001,0.04800000000000004,0.308],"Head":[0.7090000000000001,0.028000000000000025,0.15]},"p1":{"LeftToe":[-0.03499999999999992,-0.008999999999999897,0.73],"RightToe":[0.03100000000000014,0.14100000000000001,0.799],"LeftHeel":[-0.06000000000000005,-0.0029999999999998916,0.5],"RightHeel":[0.008000000000000007,0.15200000000000014,0.572],"LeftAnkle":[-0.01200000000000001,0.040000000000000036,0.559],"RightAnkle":[0.06800000000000006,0.1070000000000002,0.623],"LeftKnee":[0.2519999999999998,0.3769999999999998,0.497],"RightKnee":[0.3660000000000001,-0.19100000000000006,0.527],"LeftHip":[0.18699999999999983,0.18000000000000016,0.118],"RightHip":[0.2799999999999998,-0.03299999999999992,0.137],"LeftShoulder":[0.6549999999999998,0.43500000000000005,0.287],"RightShoulder":[0.8109999999999999,0.17300000000000004,0.211],"LeftElbow":[0.43100000000000005,0.29499999999999993,0.401],"RightElbow":[0.6909999999999998,-0.07499999999999996,0.305],"LeftWrist":[0.44700000000000006,0.05600000000000005,0.507],"RightWrist":[0.4620000000000002,-0.08800000000000008,0.445],"LeftHand":[0.4540000000000002,-0.016999999999999904,0.538],"RightHand":[0.5089999999999999,-0.03699999999999992,0.481],"LeftFingers":[0.48099999999999987,-0.08099999999999996,0.493],"RightFingers":[0.4830000000000001,0.020999999999999908,0.533],"Core":[0.45500000000000007,0.16900000000000004,0.12],"Neck":[0.7909999999999999,0.3290000000000002,0.291],"Head":[0.9089999999999998,0.3530000000000002,0.401]}}