{"p0":{"LeftToe":[0.5569999999999999,-0.7030000000000001,0.025],"RightToe":[-0.038000000000000034,-0.683,0.025],"LeftHeel":[0.524,-0.4810000000000001,0.084],"RightHeel":[0.03699999999999992,-0.49,0.131],"LeftAnkle":[0.5819999999999999,-0.5269999999999999,0.03],"RightAnkle":[-0.03600000000000003,-0.516,0.089],"LeftKnee":[0.5670000000000002,-0.10099999999999998,0.061],"RightKnee":[-0.11099999999999999,-0.09499999999999997,0.066],"LeftHip":[0.3650000000000002,-0.42999999999999994,0.253],"RightHip":[0.14000000000000012,-0.3979999999999999,0.24],"LeftShoulder":[0.347,-0.05899999999999994,0.614],"RightShoulder":[0.051000000000000156,-0.15100000000000002,0.696],"LeftElbow":[0.29800000000000004,0.15200000000000014,0.419],"RightElbow":[-0.03600000000000003,-0.1379999999999999,0.418],"LeftWrist":[0.1469999999999998,0.3340000000000001,0.306],"RightWrist":[0.07600000000000007,0.10599999999999987,0.448],"LeftHand":[0.07100000000000017,0.3500000000000001,0.312],"RightHand":[0.08700000000000019,0.18100000000000005,0.463],"LeftFingers":[0.027000000000000135,0.40600000000000014,0.28],"RightFingers":[0.1160000000000001,0.23499999999999988,0.411],"Core":[0.2410000000000001,-0.393,0.491],"Neck":[0.20599999999999996,-0.06800000000000006,0.721],"Head":[0.18100000000000005,0.08999999999999986,0.765]},"p1":{"LeftToe":[-0.2909999999999999,-0.127,0.729],"RightToe":[0.46899999999999986,-0.3580000000000001,0.401],"LeftHeel":[-0.09000000000000008,-0.07899999999999996,0.621],"RightHeel":[0.3340000000000001,-0.2589999999999999,0.249],"LeftAnkle":[-0.17199999999999993,-0.04899999999999993,0.614],"RightAnkle":[0.3839999999999999,-0.22100000000000009,0.317],"LeftKnee":[-0.3320000000000001,0.2519999999999998,0.349],"RightKnee":[0.524,0.17499999999999982,0.399],"LeftHip":[0.007000000000000117,0.30600000000000005,0.09],"RightHip":[0.2370000000000001,0.2749999999999999,0.092],"LeftShoulder":[0.04899999999999993,0.794,0.365],"RightShoulder":[0.34299999999999997,0.7080000000000002,0.403],"LeftElbow":[-0.04299999999999993,0.544,0.245],"RightElbow":[0.3700000000000001,0.42200000000000015,0.385],"LeftWrist":[0.1389999999999998,0.3780000000000001,0.33],"RightWrist":[0.379,0.1589999999999998,0.434],"LeftHand":[0.1509999999999998,0.2999999999999998,0.354],"RightHand":[0.40600000000000014,0.08700000000000019,0.452],"LeftFingers":[0.14800000000000013,0.24400000000000022,0.297],"RightFingers":[0.3639999999999999,0.020000000000000018,0.443],"Core":[0.15700000000000003,0.5270000000000001,0.136],"Neck":[0.20000000000000018,0.7890000000000001,0.459],"Head":[0.18100000000000005,0.7930000000000001,0.625]}}