{"p0":{"LeftToe":[0.5419999999999998,-0.6719999999999999,0.026],"RightToe":[-0.0020000000000000018,-0.6739999999999999,0.025],"LeftHeel":[0.44799999999999995,-0.52,0.175],"RightHeel":[0.07200000000000006,-0.4950000000000001,0.154],"LeftAnkle":[0.496,-0.5169999999999999,0.101],"RightAnkle":[0.0129999999999999,-0.508,0.091],"LeftKnee":[0.56,-0.09499999999999997,0.068],"RightKnee":[-0.10899999999999999,-0.09899999999999998,0.059],"LeftHip":[0.3420000000000001,-0.3740000000000001,0.314],"RightHip":[0.11299999999999999,-0.375,0.299],"LeftShoulder":[0.3620000000000001,0.09699999999999998,0.606],"RightShoulder":[0.06400000000000006,0.09200000000000008,0.634],"LeftElbow":[0.3650000000000002,0.20800000000000018,0.338],"RightElbow":[0.07200000000000006,0.19300000000000006,0.362],"LeftWrist":[0.20299999999999985,0.35199999999999987,0.199],"RightWrist":[0.15300000000000002,0.41400000000000015,0.234],"LeftHand":[0.2410000000000001,0.391,0.261],"RightHand":[0.1509999999999998,0.43800000000000017,0.313],"LeftFingers":[0.22599999999999998,0.472,0.265],"RightFingers":[0.17200000000000015,0.5169999999999999,0.323],"Core":[0.2120000000000002,-0.22100000000000009,0.495],"Neck":[0.21899999999999986,0.15600000000000014,0.692],"Head":[0.19300000000000006,0.31899999999999995,0.718]},"p1":{"LeftToe":[0.03699999999999992,-0.355,0.432],"RightToe":[0.43599999999999994,-0.43300000000000005,0.366],"LeftHeel":[0.08899999999999997,-0.20199999999999996,0.27],"RightHeel":[0.379,-0.22399999999999998,0.283],"LeftAnkle":[0.04400000000000004,-0.19399999999999995,0.35],"RightAnkle":[0.40700000000000003,-0.258,0.358],"LeftKnee":[-0.1200000000000001,0.1419999999999999,0.559],"RightKnee":[0.552,0.08499999999999996,0.571],"LeftHip":[0.10000000000000009,0.041999999999999815,0.2],"RightHip":[0.32600000000000007,0.08400000000000007,0.202],"LeftShoulder":[0.051000000000000156,0.6379999999999999,0.15],"RightShoulder":[0.3849999999999998,0.5859999999999999,0.123],"LeftElbow":[-0.1439999999999999,0.42600000000000016,0.167],"RightElbow":[0.5619999999999998,0.35599999999999987,0.141],"LeftWrist":[0.10099999999999998,0.3759999999999999,0.244],"RightWrist":[0.31999999999999984,0.39400000000000013,0.252],"LeftHand":[0.11500000000000021,0.32399999999999984,0.305],"RightHand":[0.29800000000000004,0.3490000000000002,0.317],"LeftFingers":[0.18800000000000017,0.2869999999999999,0.307],"RightFingers":[0.21899999999999986,0.3290000000000002,0.319],"Core":[0.16999999999999993,0.2879999999999998,0.111],"Neck":[0.22699999999999987,0.6480000000000001,0.173],"Head":[0.254,0.7890000000000001,0.256]}}