{"p0":{"LeftToe":[0.35599999999999987,-0.6739999999999999,0.029],"RightToe":[0.08700000000000019,-0.6439999999999999,0.028],"LeftHeel":[0.347,-0.5209999999999999,0.198],"RightHeel":[0.1080000000000001,-0.46599999999999997,0.176],"LeftAnkle":[0.3900000000000001,-0.522,0.122],"RightAnkle":[0.052999999999999936,-0.49,0.11],"LeftKnee":[0.5640000000000001,-0.1319999999999999,0.052],"RightKnee":[-0.121,-0.10099999999999998,0.05],"LeftHip":[0.3450000000000002,-0.3999999999999999,0.303],"RightHip":[0.1200000000000001,-0.3779999999999999,0.272],"LeftShoulder":[0.40200000000000014,0.052000000000000046,0.598],"RightShoulder":[0.06199999999999983,0.06899999999999995,0.6],"LeftElbow":[0.573,-0.0029999999999998916,0.37],"RightElbow":[-0.09200000000000008,-0.04400000000000004,0.381],"LeftWrist":[0.43299999999999983,0.15399999999999991,0.222],"RightWrist":[-0.010000000000000009,0.18999999999999995,0.282],"LeftHand":[0.4249999999999998,0.23399999999999999,0.236],"RightHand":[0.029999999999999805,0.2610000000000001,0.297],"LeftFingers":[0.3570000000000002,0.2549999999999999,0.279],"RightFingers":[0.11100000000000021,0.2519999999999998,0.312],"Core":[0.21799999999999997,-0.2470000000000001,0.482],"Neck":[0.2320000000000002,0.08700000000000019,0.638],"Head":[0.21700000000000008,0.2410000000000001,0.7]},"p1":{"LeftToe":[0.04899999999999993,-0.31000000000000005,0.345],"RightToe":[0.44899999999999984,-0.30200000000000005,0.375],"LeftHeel":[0.11100000000000021,-0.15100000000000002,0.195],"RightHeel":[0.3879999999999999,-0.15700000000000003,0.21],"LeftAnkle":[0.08199999999999985,-0.14300000000000002,0.282],"RightAnkle":[0.4089999999999998,-0.1419999999999999,0.297],"LeftKnee":[0.03399999999999981,0.20400000000000018,0.533],"RightKnee":[0.4129999999999998,0.2280000000000002,0.521],"LeftHip":[0.0990000000000002,0.06599999999999984,0.133],"RightHip":[0.33000000000000007,0.06499999999999995,0.132],"LeftShoulder":[0.04700000000000015,0.5550000000000002,0.316],"RightShoulder":[0.3620000000000001,0.5830000000000002,0.3],"LeftElbow":[-0.07600000000000007,0.30500000000000016,0.396],"RightElbow":[0.4849999999999999,0.31899999999999995,0.288],"LeftWrist":[-0.10000000000000009,0.06199999999999983,0.477],"RightWrist":[0.5840000000000001,0.08999999999999986,0.397],"LeftHand":[-0.1160000000000001,-0.014000000000000012,0.502],"RightHand":[0.621,0.04700000000000015,0.456],"LeftFingers":[-0.06800000000000006,-0.07299999999999995,0.478],"RightFingers":[0.597,-0.030000000000000027,0.465],"Core":[0.21700000000000008,0.30500000000000016,0.1],"Neck":[0.20199999999999996,0.6280000000000001,0.363],"Head":[0.20400000000000018,0.6789999999999998,0.521]}}