{"p0":{"LeftToe":[0.44300000000000006,-1.061,0.026],"RightToe":[-0.30499999999999994,-0.3779999999999999,0.026],"LeftHeel":[0.4860000000000002,-0.903,0.19],"RightHeel":[-0.1479999999999999,-0.5429999999999999,0.03],"LeftAnkle":[0.5009999999999999,-0.9119999999999999,0.103],"RightAnkle":[-0.18100000000000005,-0.492,0.094],"LeftKnee":[0.6509999999999998,-0.522,0.073],"RightKnee":[-0.04400000000000004,-0.5349999999999999,0.49],"LeftHip":[0.45100000000000007,-0.8340000000000001,0.314],"RightHip":[0.21899999999999986,-0.8380000000000001,0.306],"LeftShoulder":[0.44700000000000006,-0.44900000000000007,0.688],"RightShoulder":[0.1070000000000002,-0.4970000000000001,0.683],"LeftElbow":[0.4889999999999999,-0.4830000000000001,0.4],"RightElbow":[0.08000000000000007,-0.506,0.397],"LeftWrist":[0.4980000000000002,-0.22399999999999998,0.392],"RightWrist":[0.07900000000000018,-0.236,0.407],"LeftHand":[0.5049999999999999,-0.1459999999999999,0.415],"RightHand":[0.06700000000000017,-0.15599999999999992,0.423],"LeftFingers":[0.47299999999999986,-0.08499999999999996,0.381],"RightFingers":[0.10499999999999998,-0.09699999999999998,0.39],"Core":[0.32299999999999995,-0.7629999999999999,0.54],"Neck":[0.27300000000000013,-0.44100000000000006,0.724],"Head":[0.26900000000000013,-0.29899999999999993,0.813]},"p1":{"LeftToe":[0.09699999999999998,-0.3420000000000001,0.025],"RightToe":[0.3530000000000002,-0.357,0.025],"LeftHeel":[0.15399999999999991,-0.1180000000000001,0.03],"RightHeel":[0.3929999999999998,-0.1319999999999999,0.03],"LeftAnkle":[0.1259999999999999,-0.17799999999999994,0.087],"RightAnkle":[0.375,-0.19300000000000006,0.091],"LeftKnee":[-0.1439999999999999,0.07900000000000018,0.275],"RightKnee":[0.5190000000000001,0.10400000000000009,0.349],"LeftHip":[0.06999999999999984,0.4159999999999999,0.094],"RightHip":[0.2959999999999998,0.391,0.104],"LeftShoulder":[0.008000000000000007,0.40600000000000014,0.639],"RightShoulder":[0.33999999999999986,0.40200000000000014,0.644],"LeftElbow":[-0.03699999999999992,0.34299999999999997,0.362],"RightElbow":[0.496,0.3879999999999999,0.4],"LeftWrist":[-0.03600000000000003,0.08499999999999996,0.352],"RightWrist":[0.46099999999999985,0.12400000000000011,0.425],"LeftHand":[-0.02200000000000002,0.03100000000000014,0.413],"RightHand":[0.492,0.05799999999999983,0.461],"LeftFingers":[0.0030000000000001137,-0.04200000000000004,0.388],"RightFingers":[0.4500000000000002,-0.01200000000000001,0.449],"Core":[0.18199999999999994,0.5,0.326],"Neck":[0.17099999999999982,0.3740000000000001,0.689],"Head":[0.16900000000000004,0.2879999999999998,0.833]}}