{"p0":{"LeftToe":[0.9369999999999998,-0.08299999999999996,0.706],"RightToe":[0.13200000000000012,0.5419999999999998,0.068],"LeftHeel":[0.7919999999999998,-0.18700000000000006,0.559],"RightHeel":[0.1389999999999998,0.31599999999999984,0.099],"LeftAnkle":[0.7879999999999998,-0.15300000000000002,0.639],"RightAnkle":[0.07799999999999985,0.379,0.125],"LeftKnee":[0.41100000000000003,-0.02400000000000002,0.793],"RightKnee":[-0.2470000000000001,0.2400000000000002,0.369],"LeftHip":[0.125,-0.19700000000000006,0.52],"RightHip":[-0.008000000000000007,-0.1200000000000001,0.347],"LeftShoulder":[-0.06499999999999995,0.15700000000000003,0.872],"RightShoulder":[-0.2410000000000001,0.2679999999999998,0.598],"LeftElbow":[0.18000000000000016,0.017999999999999794,0.794],"RightElbow":[-0.32499999999999996,0.34299999999999997,0.328],"LeftWrist":[0.29400000000000004,0.20199999999999996,0.647],"RightWrist":[-0.32200000000000006,0.43800000000000017,0.074],"LeftHand":[0.2749999999999999,0.28200000000000003,0.637],"RightHand":[-0.2549999999999999,0.46899999999999986,0.049],"LeftFingers":[0.30600000000000005,0.3290000000000002,0.584],"RightFingers":[-0.238,0.5390000000000001,0.022],"Core":[-0.1100000000000001,-0.08000000000000007,0.592],"Neck":[-0.15399999999999991,0.2509999999999999,0.752],"Head":[-0.16300000000000003,0.4129999999999998,0.768]},"p1":{"LeftToe":[-0.2450000000000001,-0.04200000000000004,0.029],"RightToe":[0.09600000000000009,-0.46399999999999997,0.026],"LeftHeel":[-0.05400000000000005,0.08400000000000007,0.039],"RightHeel":[0.2709999999999999,-0.31699999999999995,0.03],"LeftAnkle":[-0.1180000000000001,0.06099999999999994,0.099],"RightAnkle":[0.21899999999999986,-0.3500000000000001,0.095],"LeftKnee":[0.09399999999999986,0.2200000000000002,0.434],"RightKnee":[0.33599999999999985,-0.19999999999999996,0.48],"LeftHip":[0.34799999999999986,0.16000000000000014,0.09],"RightHip":[0.4700000000000002,-0.030999999999999917,0.107],"LeftShoulder":[0.43500000000000005,0.33199999999999985,0.613],"RightShoulder":[0.46399999999999997,0.02400000000000002,0.646],"LeftElbow":[0.30100000000000016,0.3839999999999999,0.361],"RightElbow":[0.5009999999999999,-0.244,0.535],"LeftWrist":[0.09299999999999997,0.4089999999999998,0.202],"RightWrist":[0.33499999999999996,-0.17599999999999993,0.734],"LeftHand":[0.02499999999999991,0.42700000000000005,0.163],"RightHand":[0.2679999999999998,-0.1479999999999999,0.765],"LeftFingers":[0.0019999999999997797,0.3959999999999999,0.095],"RightFingers":[0.23399999999999999,-0.08200000000000007,0.738],"Core":[0.5150000000000001,0.1509999999999998,0.301],"Neck":[0.44300000000000006,0.18699999999999983,0.708],"Head":[0.3599999999999999,0.18999999999999995,0.849]}}