{"p0":{"LeftToe":[-0.6890000000000001,0.7909999999999999,0.026],"RightToe":[-0.20399999999999996,1.1869999999999998,0.025],"LeftHeel":[-0.534,0.7250000000000001,0.182],"RightHeel":[-0.06099999999999994,1.0419999999999998,0.133],"LeftAnkle":[-0.56,0.6909999999999998,0.103],"RightAnkle":[-0.052999999999999936,1.0910000000000002,0.061],"LeftKnee":[-0.2809999999999999,0.3719999999999999,0.05],"RightKnee":[0.29700000000000015,0.8399999999999999,0.057],"LeftHip":[-0.2250000000000001,0.669,0.353],"RightHip":[-0.040999999999999925,0.8069999999999999,0.32],"LeftShoulder":[0.18100000000000005,0.2240000000000002,0.427],"RightShoulder":[0.355,0.41800000000000015,0.317],"LeftElbow":[-0.01200000000000001,0.10000000000000009,0.601],"RightElbow":[0.472,0.4079999999999999,0.049],"LeftWrist":[0.052999999999999936,-0.02299999999999991,0.379],"RightWrist":[0.391,0.1499999999999999,0.038],"LeftHand":[0.06899999999999995,-0.08499999999999996,0.33],"RightHand":[0.3780000000000001,0.07299999999999995,0.062],"LeftFingers":[0.07600000000000007,-0.07099999999999995,0.25],"RightFingers":[0.34399999999999986,0.017999999999999794,0.02],"Core":[0.0129999999999999,0.548,0.38],"Neck":[0.30900000000000016,0.2509999999999999,0.312],"Head":[0.3860000000000001,0.17899999999999983,0.188]},"p1":{"LeftToe":[-0.361,0.5390000000000001,0.429],"RightToe":[0.17200000000000015,0.9369999999999998,0.523],"LeftHeel":[-0.248,0.375,0.315],"RightHeel":[0.06800000000000006,0.8090000000000002,0.362],"LeftAnkle":[-0.24,0.4670000000000001,0.312],"RightAnkle":[0.07600000000000007,0.8039999999999998,0.45],"LeftKnee":[0.10099999999999998,0.544,0.057],"RightKnee":[-0.06099999999999994,0.44200000000000017,0.632],"LeftHip":[0.051000000000000156,0.11799999999999988,0.101],"RightHip":[0.008000000000000007,0.14900000000000002,0.326],"LeftShoulder":[0.5529999999999999,0.2360000000000002,0.346],"RightShoulder":[0.367,0.15799999999999992,0.607],"LeftElbow":[0.516,0.32600000000000007,0.07],"RightElbow":[0.09100000000000019,0.10199999999999987,0.681],"LeftWrist":[0.28900000000000015,0.29400000000000004,0.195],"RightWrist":[0.19899999999999984,0.13600000000000012,0.438],"LeftHand":[0.2629999999999999,0.242,0.247],"RightHand":[0.23399999999999999,0.14000000000000012,0.364],"LeftFingers":[0.28100000000000014,0.2320000000000002,0.322],"RightFingers":[0.19200000000000017,0.1379999999999999,0.296],"Core":[0.24800000000000022,0.041999999999999815,0.274],"Neck":[0.5009999999999999,0.22999999999999998,0.515],"Head":[0.4860000000000002,0.3719999999999999,0.602]}}