{"p0":{"LeftToe":[0.927,-0.7470000000000001,0.025],"RightToe":[0.613,-0.9630000000000001,0.025],"LeftHeel":[0.8620000000000001,-0.556,0.131],"RightHeel":[0.5569999999999999,-0.7749999999999999,0.142],"LeftAnkle":[0.871,-0.5780000000000001,0.042],"RightAnkle":[0.5289999999999999,-0.808,0.061],"LeftKnee":[0.7189999999999999,-0.17799999999999994,0.054],"RightKnee":[0.266,-0.4710000000000001,0.055],"LeftHip":[0.6960000000000002,-0.43500000000000005,0.401],"RightHip":[0.47699999999999987,-0.504,0.431],"LeftShoulder":[0.4980000000000002,0.08599999999999985,0.264],"RightShoulder":[0.2589999999999999,0.02400000000000002,0.425],"LeftElbow":[0.6829999999999998,0.0990000000000002,0.045],"RightElbow":[-0.020000000000000018,-0.03299999999999992,0.472],"LeftWrist":[0.4249999999999998,0.06400000000000006,0.039],"RightWrist":[-0.008000000000000007,0.17600000000000016,0.304],"LeftHand":[0.3889999999999998,0.09299999999999997,0.101],"RightHand":[-0.0020000000000000018,0.2330000000000001,0.249],"LeftFingers":[0.33899999999999997,0.06099999999999994,0.153],"RightFingers":[0.06700000000000017,0.23399999999999999,0.204],"Core":[0.5169999999999999,-0.238,0.436],"Neck":[0.3420000000000001,0.1339999999999999,0.321],"Head":[0.347,0.20400000000000018,0.173]},"p1":{"LeftToe":[-0.04200000000000004,-0.552,0.025],"RightToe":[-0.020999999999999908,-0.42599999999999993,0.025],"LeftHeel":[-0.06600000000000006,-0.33899999999999997,0.1],"RightHeel":[0.1419999999999999,-0.264,0.033],"LeftAnkle":[-0.010999999999999899,-0.4059999999999999,0.129],"RightAnkle":[0.1429999999999998,-0.3560000000000001,0.03],"LeftKnee":[0.2789999999999999,-0.381,0.45],"RightKnee":[0.54,-0.19799999999999995,0.051],"LeftHip":[0.01399999999999979,-0.08899999999999997,0.286],"RightHip":[0.1379999999999999,-0.04899999999999993,0.099],"LeftShoulder":[0.30500000000000016,0.14800000000000013,0.602],"RightShoulder":[0.4700000000000002,0.2549999999999999,0.348],"LeftElbow":[0.18400000000000016,-0.11099999999999999,0.564],"RightElbow":[0.5150000000000001,0.19499999999999984,0.066],"LeftWrist":[0.2490000000000001,-0.07400000000000007,0.313],"RightWrist":[0.3959999999999999,-0.008000000000000007,0.198],"LeftHand":[0.2909999999999999,-0.04899999999999993,0.247],"RightHand":[0.3740000000000001,-0.07200000000000006,0.237],"LeftFingers":[0.3039999999999998,0.028999999999999915,0.233],"RightFingers":[0.34799999999999986,-0.06299999999999994,0.315],"Core":[0.12300000000000022,0.15600000000000014,0.279],"Neck":[0.4249999999999998,0.242,0.519],"Head":[0.5710000000000002,0.20500000000000007,0.589]}}