{"p0":{"LeftToe":[0.1200000000000001,-0.41900000000000004,0.041],"RightToe":[-0.351,-0.07600000000000007,0.059],"LeftHeel":[0.32799999999999985,-0.3500000000000001,0.115],"RightHeel":[-0.19900000000000007,-0.20399999999999996,0.175],"LeftAnkle":[0.2650000000000001,-0.31800000000000006,0.059],"RightAnkle":[-0.20100000000000007,-0.121,0.147],"LeftKnee":[0.4740000000000002,0.05600000000000005,0.061],"RightKnee":[0.12400000000000011,0.15600000000000014,0.19],"LeftHip":[0.43199999999999994,-0.33000000000000007,0.248],"RightHip":[0.2749999999999999,-0.20799999999999996,0.369],"LeftShoulder":[0.778,0.1070000000000002,0.529],"RightShoulder":[0.5030000000000001,0.03200000000000003,0.732],"LeftElbow":[0.9390000000000001,0.08300000000000018,0.286],"RightElbow":[0.29499999999999993,-0.1419999999999999,0.623],"LeftWrist":[0.9870000000000001,0.13200000000000012,0.034],"RightWrist":[0.278,-0.05400000000000005,0.369],"LeftHand":[0.9830000000000001,0.20400000000000018,0.065],"RightHand":[0.31599999999999984,0.01399999999999979,0.363],"LeftFingers":[0.9910000000000001,0.27300000000000013,0.021],"RightFingers":[0.3969999999999998,0.01399999999999979,0.365],"Core":[0.5339999999999998,-0.1419999999999999,0.408],"Neck":[0.641,0.09799999999999986,0.641],"Head":[0.6629999999999998,0.2549999999999999,0.691]},"p1":{"LeftToe":[-0.5800000000000001,-0.21799999999999997,0.025],"RightToe":[-0.9239999999999999,0.16500000000000004,0.031],"LeftHeel":[-0.44500000000000006,-0.14500000000000002,0.199],"RightHeel":[-0.7490000000000001,0.041999999999999815,0.107],"LeftAnkle":[-0.43900000000000006,-0.20399999999999996,0.135],"RightAnkle":[-0.75,0.129,0.077],"LeftKnee":[-0.026999999999999913,-0.29499999999999993,0.068],"RightKnee":[-0.40900000000000003,0.3929999999999998,0.055],"LeftHip":[-0.18799999999999994,-0.03600000000000003,0.375],"RightHip":[-0.2330000000000001,0.19099999999999984,0.394],"LeftShoulder":[0.3660000000000001,-0.0009999999999998899,0.529],"RightShoulder":[0.3580000000000001,0.21700000000000008,0.287],"LeftElbow":[0.363,-0.29000000000000004,0.562],"RightElbow":[0.5339999999999998,0.16900000000000004,0.059],"LeftWrist":[0.5880000000000001,-0.2390000000000001,0.447],"RightWrist":[0.552,-0.10200000000000009,0.04],"LeftHand":[0.645,-0.22799999999999998,0.396],"RightHand":[0.5409999999999999,-0.18199999999999994,0.046],"LeftFingers":[0.6560000000000001,-0.15799999999999992,0.358],"RightFingers":[0.4670000000000001,-0.21500000000000008,0.062],"Core":[0.027000000000000135,0.11500000000000021,0.426],"Neck":[0.4039999999999999,0.1509999999999998,0.445],"Head":[0.5710000000000002,0.14800000000000013,0.44]}}