{"p0":{"LeftToe":[-0.02200000000000002,-1.251,0.413],"RightToe":[-0.478,-1.1219999999999999,0.066],"LeftHeel":[-0.14700000000000002,-1.134,0.563],"RightHeel":[-0.5209999999999999,-0.998,0.252],"LeftAnkle":[-0.09000000000000008,-1.105,0.498],"RightAnkle":[-0.46799999999999997,-0.9810000000000001,0.181],"LeftKnee":[0.028000000000000025,-0.6970000000000001,0.414],"RightKnee":[-0.2649999999999999,-0.6000000000000001,0.133],"LeftHip":[0.08000000000000007,-0.276,0.487],"RightHip":[-0.11699999999999999,-0.268,0.366],"LeftShoulder":[0.266,-0.677,0.114],"RightShoulder":[-0.03299999999999992,-0.685,0.088],"LeftElbow":[0.5169999999999999,-0.8300000000000001,0.089],"RightElbow":[-0.07200000000000006,-0.508,0.314],"LeftWrist":[0.3500000000000001,-0.7410000000000001,0.264],"RightWrist":[0.09600000000000009,-0.7170000000000001,0.306],"LeftHand":[0.2759999999999998,-0.7370000000000001,0.288],"RightHand":[0.16400000000000015,-0.671,0.3],"LeftFingers":[0.258,-0.6910000000000001,0.351],"RightFingers":[0.17499999999999982,-0.635,0.226],"Core":[0.09399999999999986,-0.367,0.236],"Neck":[0.1200000000000001,-0.774,0.091],"Head":[0.09100000000000019,-0.9359999999999999,0.118]},"p1":{"LeftToe":[1.1219999999999999,-0.361,0.028],"RightToe":[0.8679999999999999,-1.097,0.025],"LeftHeel":[1.052,-0.571,0.083],"RightHeel":[0.8039999999999998,-1.009,0.231],"LeftAnkle":[1.017,-0.488,0.104],"RightAnkle":[0.7909999999999999,-0.9910000000000001,0.146],"LeftKnee":[0.7349999999999999,-0.19900000000000007,0.257],"RightKnee":[0.4990000000000001,-0.681,0.104],"LeftHip":[0.5129999999999999,-0.3680000000000001,0.586],"RightHip":[0.3820000000000001,-0.5349999999999999,0.49],"LeftShoulder":[0.30500000000000016,0.07600000000000007,0.336],"RightShoulder":[0.1259999999999999,-0.1419999999999999,0.136],"LeftElbow":[0.5499999999999998,-0.04499999999999993,0.233],"RightElbow":[-0.08400000000000007,-0.33899999999999997,0.085],"LeftWrist":[0.4870000000000001,0.08499999999999996,0.02],"RightWrist":[-0.04899999999999993,-0.554,0.247],"LeftHand":[0.44399999999999995,0.1419999999999999,0.051],"RightHand":[0.020000000000000018,-0.544,0.281],"LeftFingers":[0.4089999999999998,0.20400000000000018,0.02],"RightFingers":[0.08899999999999997,-0.575,0.268],"Core":[0.31599999999999984,-0.28,0.426],"Neck":[0.18500000000000005,-0.006000000000000005,0.232],"Head":[0.2749999999999999,0.053999999999999826,0.11]}}