{"p0":{"LeftToe":[-0.669,-0.6890000000000001,0.253],"RightToe":[-1.068,-0.619,0.026],"LeftHeel":[-0.476,-0.645,0.37],"RightHeel":[-0.867,-0.502,0.038],"LeftAnkle":[-0.506,-0.7210000000000001,0.327],"RightAnkle":[-0.8919999999999999,-0.5880000000000001,0.042],"LeftKnee":[-0.15300000000000002,-0.883,0.49],"RightKnee":[-0.544,-0.827,0.059],"LeftHip":[-0.30499999999999994,-0.5089999999999999,0.319],"RightHip":[-0.371,-0.42900000000000005,0.117],"LeftShoulder":[0.1259999999999999,-0.18399999999999994,0.417],"RightShoulder":[0.16100000000000003,-0.15700000000000003,0.131],"LeftElbow":[-0.07600000000000007,-0.3759999999999999,0.503],"RightElbow":[0.10899999999999999,-0.42700000000000005,0.045],"LeftWrist":[-0.052000000000000046,-0.5680000000000001,0.328],"RightWrist":[0.3660000000000001,-0.51,0.068],"LeftHand":[-0.010000000000000009,-0.5900000000000001,0.264],"RightHand":[0.4460000000000002,-0.53,0.072],"LeftFingers":[-0.03600000000000003,-0.5660000000000001,0.19],"RightFingers":[0.5,-0.482,0.108],"Core":[-0.16799999999999993,-0.2929999999999999,0.225],"Neck":[0.23499999999999988,-0.19300000000000006,0.284],"Head":[0.3839999999999999,-0.1459999999999999,0.331]},"p1":{"LeftToe":[-0.0020000000000000018,0.04599999999999982,0.025],"RightToe":[-0.5409999999999999,-0.78,0.275],"LeftHeel":[0.21300000000000008,-0.04499999999999993,0.03],"RightHeel":[-0.383,-0.7170000000000001,0.123],"LeftAnkle":[0.16800000000000015,0.019000000000000128,0.07],"RightAnkle":[-0.389,-0.706,0.212],"LeftKnee":[0.41400000000000015,0.21799999999999997,0.343],"RightKnee":[-0.018000000000000016,-0.5049999999999999,0.239],"LeftHip":[0.5019999999999998,-0.135,0.09],"RightHip":[0.3610000000000002,-0.31699999999999995,0.107],"LeftShoulder":[0.5390000000000001,-0.2230000000000001,0.614],"RightShoulder":[0.4129999999999998,-0.496,0.535],"LeftElbow":[0.6819999999999999,-0.03499999999999992,0.449],"RightElbow":[0.32600000000000007,-0.6599999999999999,0.315],"LeftWrist":[0.42700000000000005,0.008000000000000007,0.419],"RightWrist":[0.24299999999999988,-0.736,0.071],"LeftHand":[0.355,0.015000000000000124,0.461],"RightHand":[0.16800000000000015,-0.752,0.076],"LeftFingers":[0.29000000000000004,-0.008000000000000007,0.418],"RightFingers":[0.11100000000000021,-0.7529999999999999,0.021],"Core":[0.5859999999999999,-0.32400000000000007,0.26],"Neck":[0.44099999999999984,-0.3620000000000001,0.64],"Head":[0.3660000000000001,-0.3400000000000001,0.783]}}