{"p0":{"LeftToe":[-0.41700000000000004,-0.32200000000000006,0.285],"RightToe":[-0.5489999999999999,-0.236,0.136],"LeftHeel":[-0.20100000000000007,-0.33899999999999997,0.208],"RightHeel":[-0.3859999999999999,-0.399,0.131],"LeftAnkle":[-0.242,-0.28,0.257],"RightAnkle":[-0.393,-0.32299999999999995,0.178],"LeftKnee":[-0.04800000000000004,0.10099999999999998,0.232],"RightKnee":[-0.1299999999999999,-0.1160000000000001,0.446],"LeftHip":[0.16599999999999993,-0.2490000000000001,0.095],"RightHip":[0.18800000000000017,-0.3620000000000001,0.292],"LeftShoulder":[0.601,0.09299999999999997,0.29],"RightShoulder":[0.3740000000000001,-0.0040000000000000036,0.528],"LeftElbow":[0.5710000000000002,-0.05400000000000005,0.045],"RightElbow":[0.21300000000000008,-0.246,0.495],"LeftWrist":[0.31899999999999995,0.0019999999999997797,0.033],"RightWrist":[0.028000000000000025,-0.10099999999999998,0.367],"LeftHand":[0.262,0.053999999999999826,0.054],"RightHand":[-0.02400000000000002,-0.06099999999999994,0.317],"LeftFingers":[0.18800000000000017,0.052000000000000046,0.02],"RightFingers":[-0.016000000000000014,-0.05600000000000005,0.239],"Core":[0.4009999999999998,-0.21399999999999997,0.228],"Neck":[0.4889999999999999,0.07699999999999996,0.422],"Head":[0.47699999999999987,0.22299999999999986,0.501]},"p1":{"LeftToe":[-0.647,-0.6080000000000001,0.025],"RightToe":[0.556,-0.4710000000000001,0.52],"LeftHeel":[-0.5760000000000001,-0.3859999999999999,0.03],"RightHeel":[0.3660000000000001,-0.5329999999999999,0.402],"LeftAnkle":[-0.577,-0.45500000000000007,0.085],"RightAnkle":[0.3999999999999999,-0.45799999999999996,0.435],"LeftKnee":[-0.47,-0.31899999999999995,0.476],"RightKnee":[0.1469999999999998,-0.1200000000000001,0.368],"LeftHip":[-0.389,-0.10400000000000009,0.111],"RightHip":[-0.17199999999999993,-0.18100000000000005,0.09],"LeftShoulder":[-0.2869999999999999,0.31499999999999995,0.386],"RightShoulder":[0.007000000000000117,0.33199999999999985,0.286],"LeftElbow":[-0.31800000000000006,0.03100000000000014,0.348],"RightElbow":[0.16599999999999993,0.399,0.05],"LeftWrist":[-0.08299999999999996,-0.07400000000000007,0.341],"RightWrist":[0.29700000000000015,0.16900000000000004,0.093],"LeftHand":[-0.0020000000000000018,-0.06099999999999994,0.352],"RightHand":[0.3370000000000002,0.1080000000000001,0.121],"LeftFingers":[0.04400000000000004,-0.07699999999999996,0.287],"RightFingers":[0.3610000000000002,0.04800000000000004,0.077],"Core":[-0.20399999999999996,0.08899999999999997,0.105],"Neck":[-0.11699999999999999,0.34299999999999997,0.406],"Head":[-0.04899999999999993,0.31499999999999995,0.551]}}