{"p0":{"LeftToe":[-0.7669999999999999,-0.7130000000000001,0.03],"RightToe":[0.4929999999999999,-0.562,0.286],"LeftHeel":[-0.6759999999999999,-0.5049999999999999,0.03],"RightHeel":[0.27300000000000013,-0.536,0.358],"LeftAnkle":[-0.687,-0.5660000000000001,0.099],"RightAnkle":[0.3340000000000001,-0.4830000000000001,0.321],"LeftKnee":[-0.4950000000000001,-0.3720000000000001,0.417],"RightKnee":[0.1030000000000002,-0.16799999999999993,0.47],"LeftHip":[-0.3360000000000001,-0.1060000000000001,0.102],"RightHip":[-0.10400000000000009,-0.10400000000000009,0.09],"LeftShoulder":[-0.256,0.3999999999999999,0.356],"RightShoulder":[0.03699999999999992,0.3460000000000001,0.252],"LeftElbow":[-0.45300000000000007,0.5019999999999998,0.169],"RightElbow":[0.2290000000000001,0.4039999999999999,0.045],"LeftWrist":[-0.661,0.4750000000000001,0.02],"RightWrist":[0.4860000000000002,0.32600000000000007,0.037],"LeftHand":[-0.732,0.46899999999999986,0.054],"RightHand":[0.5609999999999999,0.31300000000000017,0.058],"LeftFingers":[-0.794,0.5099999999999998,0.022],"RightFingers":[0.6110000000000002,0.2639999999999998,0.022],"Core":[-0.2250000000000001,0.137,0.1],"Neck":[-0.08400000000000007,0.41400000000000015,0.356],"Head":[-0.02499999999999991,0.399,0.509]},"p1":{"LeftToe":[-0.3779999999999999,-0.31699999999999995,0.274],"RightToe":[-0.506,-0.18900000000000006,0.025],"LeftHeel":[-0.17100000000000004,-0.34099999999999997,0.185],"RightHeel":[-0.32299999999999995,-0.3340000000000001,0.03],"LeftAnkle":[-0.20799999999999996,-0.27,0.23],"RightAnkle":[-0.375,-0.29400000000000004,0.088],"LeftKnee":[-0.062000000000000055,0.12699999999999978,0.262],"RightKnee":[-0.18799999999999994,-0.20999999999999996,0.453],"LeftHip":[0.17899999999999983,-0.20500000000000007,0.107],"RightHip":[0.08300000000000018,-0.40700000000000003,0.168],"LeftShoulder":[0.629,-0.30200000000000005,0.347],"RightShoulder":[0.4940000000000002,-0.569,0.439],"LeftElbow":[0.4089999999999998,-0.1140000000000001,0.302],"RightElbow":[0.28100000000000014,-0.575,0.246],"LeftWrist":[0.24299999999999988,-0.2290000000000001,0.468],"RightWrist":[0.17899999999999983,-0.4119999999999999,0.436],"LeftHand":[0.18999999999999995,-0.2649999999999999,0.519],"RightHand":[0.18599999999999994,-0.3520000000000001,0.491],"LeftFingers":[0.1629999999999998,-0.34099999999999997,0.503],"RightFingers":[0.20599999999999996,-0.278,0.478],"Core":[0.34799999999999986,-0.41500000000000004,0.133],"Neck":[0.565,-0.41500000000000004,0.465],"Head":[0.569,-0.3500000000000001,0.618]}}