{"p0":{"LeftToe":[-1.025,-0.6319999999999999,0.025],"RightToe":[0.42399999999999993,-0.6799999999999999,0.031],"LeftHeel":[-0.796,-0.6419999999999999,0.03],"RightHeel":[0.31999999999999984,-0.478,0.04],"LeftAnkle":[-0.853,-0.5700000000000001,0.032],"RightAnkle":[0.29899999999999993,-0.558,0.075],"LeftKnee":[-0.681,-0.17399999999999993,0.054],"RightKnee":[-0.07200000000000006,-0.621,0.279],"LeftHip":[-0.258,-0.08899999999999997,0.091],"RightHip":[-0.08800000000000008,-0.19599999999999995,0.208],"LeftShoulder":[-0.393,0.258,0.517],"RightShoulder":[-0.15900000000000003,0.12300000000000022,0.679],"LeftElbow":[-0.4810000000000001,0.35599999999999987,0.262],"RightElbow":[-0.09499999999999997,-0.1080000000000001,0.515],"LeftWrist":[-0.5569999999999999,0.29499999999999993,0.02],"RightWrist":[-0.1439999999999999,-0.3520000000000001,0.404],"LeftHand":[-0.619,0.2679999999999998,0.068],"RightHand":[-0.20900000000000007,-0.395,0.414],"LeftFingers":[-0.687,0.238,0.034],"RightFingers":[-0.21900000000000008,-0.472,0.414],"Core":[-0.18199999999999994,0.029999999999999805,0.321],"Neck":[-0.32400000000000007,0.18699999999999983,0.664],"Head":[-0.3839999999999999,0.1429999999999998,0.813]},"p1":{"LeftToe":[-0.4690000000000001,-0.3560000000000001,0.025],"RightToe":[-0.675,-0.2649999999999999,0.085],"LeftHeel":[-0.262,-0.2609999999999999,0.043],"RightHeel":[-0.44700000000000006,-0.246,0.122],"LeftAnkle":[-0.30499999999999994,-0.32400000000000007,0.086],"RightAnkle":[-0.5049999999999999,-0.31000000000000005,0.1],"LeftKnee":[-0.1200000000000001,-0.472,0.443],"RightKnee":[-0.248,-0.6479999999999999,0.05],"LeftHip":[0.11699999999999999,-0.2270000000000001,0.179],"RightHip":[0.129,-0.44300000000000006,0.104],"LeftShoulder":[0.1509999999999998,-0.4570000000000001,0.69],"RightShoulder":[0.10000000000000009,-0.7050000000000001,0.46],"LeftElbow":[0.13099999999999978,-0.2370000000000001,0.499],"RightElbow":[0.17899999999999983,-0.8700000000000001,0.234],"LeftWrist":[-0.0009999999999998899,-0.44199999999999995,0.41],"RightWrist":[0.23399999999999999,-1.058,0.046],"LeftHand":[-0.0040000000000000036,-0.5229999999999999,0.405],"RightHand":[0.2589999999999999,-1.131,0.065],"LeftFingers":[-0.05400000000000005,-0.552,0.347],"RightFingers":[0.25,-1.197,0.023],"Core":[0.2519999999999998,-0.3919999999999999,0.341],"Neck":[0.1030000000000002,-0.603,0.604],"Head":[-0.026000000000000023,-0.657,0.696]}}