{"p0":{"LeftToe":[0.7330000000000001,-0.21599999999999997,0.028],"RightToe":[-0.33299999999999996,-0.571,0.025],"LeftHeel":[0.532,-0.32200000000000006,0.036],"RightHeel":[-0.29200000000000004,-0.4930000000000001,0.238],"LeftAnkle":[0.5760000000000001,-0.2709999999999999,0.099],"RightAnkle":[-0.31899999999999995,-0.45799999999999996,0.162],"LeftKnee":[0.383,-0.18199999999999994,0.475],"RightKnee":[-0.359,-0.03299999999999992,0.172],"LeftHip":[-0.004999999999999893,-0.367,0.441],"RightHip":[-0.23399999999999999,-0.3740000000000001,0.405],"LeftShoulder":[0.041999999999999815,0.052000000000000046,0.7],"RightShoulder":[-0.26,0.1030000000000002,0.616],"LeftElbow":[0.18900000000000006,-0.038999999999999924,0.466],"RightElbow":[-0.377,-0.040000000000000036,0.394],"LeftWrist":[0.129,0.07699999999999996,0.24],"RightWrist":[-0.45100000000000007,-0.1140000000000001,0.147],"LeftHand":[0.1030000000000002,0.14100000000000001,0.282],"RightHand":[-0.5129999999999999,-0.10899999999999999,0.099],"LeftFingers":[0.08499999999999996,0.20999999999999996,0.251],"RightFingers":[-0.5169999999999999,-0.135,0.025],"Core":[-0.16100000000000003,-0.2509999999999999,0.631],"Neck":[-0.1060000000000001,0.14900000000000002,0.69],"Head":[-0.07299999999999995,0.31199999999999983,0.676]},"p1":{"LeftToe":[-0.5569999999999999,-0.6020000000000001,0.025],"RightToe":[-0.139,-0.538,0.855],"LeftHeel":[-0.32899999999999996,-0.6379999999999999,0.03],"RightHeel":[-0.06400000000000006,-0.6140000000000001,0.649],"LeftAnkle":[-0.3819999999999999,-0.569,0.03],"RightAnkle":[-0.05499999999999994,-0.5409999999999999,0.699],"LeftKnee":[-0.43999999999999995,-0.1459999999999999,0.059],"RightKnee":[0.08999999999999986,-0.14700000000000002,0.616],"LeftHip":[-0.010999999999999899,-0.119,0.093],"RightHip":[0.19399999999999995,-0.1200000000000001,0.197],"LeftShoulder":[-0.1399999999999999,0.3959999999999999,0.105],"RightShoulder":[0.121,0.45199999999999996,0.271],"LeftElbow":[-0.2789999999999999,0.17799999999999994,0.242],"RightElbow":[0.19399999999999995,0.17899999999999983,0.342],"LeftWrist":[-0.22799999999999998,0.16000000000000014,0.498],"RightWrist":[0.09600000000000009,0.1429999999999998,0.595],"LeftHand":[-0.2250000000000001,0.21099999999999985,0.561],"RightHand":[0.06800000000000006,0.19099999999999984,0.659],"LeftFingers":[-0.21900000000000008,0.19300000000000006,0.636],"RightFingers":[0.03100000000000014,0.1499999999999999,0.715],"Core":[0.1080000000000001,0.121,0.108],"Neck":[-0.04899999999999993,0.46399999999999997,0.237],"Head":[-0.15799999999999992,0.5169999999999999,0.347]}}