{"p0":{"LeftToe":[0.43599999999999994,-0.869,0.049],"RightToe":[-0.18399999999999994,-0.619,0.025],"LeftHeel":[0.33999999999999986,-0.7290000000000001,0.203],"RightHeel":[-0.05499999999999994,-0.508,0.178],"LeftAnkle":[0.3999999999999999,-0.716,0.136],"RightAnkle":[-0.125,-0.484,0.13],"LeftKnee":[0.5390000000000001,-0.33000000000000007,0.052],"RightKnee":[-0.15500000000000003,-0.06499999999999995,0.099],"LeftHip":[0.4009999999999998,0.0259999999999998,0.271],"RightHip":[0.19499999999999984,0.028000000000000025,0.345],"LeftShoulder":[0.3250000000000002,0.6280000000000001,0.192],"RightShoulder":[0.13600000000000012,0.5510000000000002,0.465],"LeftElbow":[0.4500000000000002,0.3660000000000001,0.154],"RightElbow":[-0.04499999999999993,0.33099999999999996,0.402],"LeftWrist":[0.20400000000000018,0.2879999999999998,0.133],"RightWrist":[0.039000000000000146,0.31400000000000006,0.147],"LeftHand":[0.13200000000000012,0.254,0.137],"RightHand":[0.09600000000000009,0.2639999999999998,0.13],"LeftFingers":[0.08300000000000018,0.266,0.2],"RightFingers":[0.1509999999999998,0.22999999999999998,0.176],"Core":[0.2959999999999998,0.27300000000000013,0.285],"Neck":[0.20199999999999996,0.6240000000000001,0.318],"Head":[0.09600000000000009,0.7490000000000001,0.284]},"p1":{"LeftToe":[-0.020999999999999908,-0.395,0.026],"RightToe":[0.040999999999999925,-0.542,0.329],"LeftHeel":[0.0040000000000000036,-0.16500000000000004,0.03],"RightHeel":[-0.09600000000000009,-0.3819999999999999,0.242],"LeftAnkle":[-0.03200000000000003,-0.2270000000000001,0.084],"RightAnkle":[-0.008999999999999897,-0.393,0.247],"LeftKnee":[-0.12400000000000011,-0.07699999999999996,0.467],"RightKnee":[0.08199999999999985,-0.028000000000000025,0.063],"LeftHip":[-0.20599999999999996,0.32699999999999996,0.307],"RightHip":[-0.25,0.2570000000000001,0.104],"LeftShoulder":[0.14800000000000013,0.3420000000000001,0.341],"RightShoulder":[0.2559999999999998,0.5259999999999998,0.08],"LeftElbow":[0.017999999999999794,0.17600000000000016,0.54],"RightElbow":[0.5430000000000001,0.484,0.045],"LeftWrist":[0.13099999999999978,-0.040999999999999925,0.445],"RightWrist":[0.5409999999999999,0.21799999999999997,0.021],"LeftHand":[0.17600000000000016,-0.1060000000000001,0.426],"RightHand":[0.5430000000000001,0.15300000000000002,0.063],"LeftFingers":[0.18100000000000005,-0.1379999999999999,0.356],"RightFingers":[0.552,0.08099999999999996,0.024],"Core":[-0.1080000000000001,0.484,0.113],"Neck":[0.2240000000000002,0.3929999999999998,0.19],"Head":[0.17099999999999982,0.2360000000000002,0.214]}}