{"p0":{"LeftToe":[0.5910000000000002,-0.5469999999999999,0.025],"RightToe":[0.7149999999999999,-0.869,0.025],"LeftHeel":[0.4630000000000001,-0.41100000000000003,0.155],"RightHeel":[0.573,-0.7929999999999999,0.185],"LeftAnkle":[0.5529999999999999,-0.42999999999999994,0.16],"RightAnkle":[0.6389999999999998,-0.752,0.142],"LeftKnee":[0.8690000000000002,-0.28,0.396],"RightKnee":[0.6379999999999999,-0.33699999999999997,0.061],"LeftHip":[0.5270000000000001,-0.0029999999999998916,0.427],"RightHip":[0.40700000000000003,-0.0009999999999998899,0.234],"LeftShoulder":[0.8439999999999999,0.3540000000000001,0.474],"RightShoulder":[0.766,0.5169999999999999,0.205],"LeftElbow":[0.8639999999999999,0.07600000000000007,0.397],"RightElbow":[0.4830000000000001,0.4740000000000002,0.174],"LeftWrist":[0.7890000000000001,0.1160000000000001,0.151],"RightWrist":[0.6230000000000002,0.2469999999999999,0.129],"LeftHand":[0.7120000000000002,0.10999999999999988,0.13],"RightHand":[0.6520000000000001,0.17099999999999982,0.129],"LeftFingers":[0.6480000000000001,0.11699999999999999,0.176],"RightFingers":[0.698,0.14000000000000012,0.183],"Core":[0.5550000000000002,0.22100000000000009,0.282],"Neck":[0.863,0.45500000000000007,0.334],"Head":[1.0110000000000001,0.4980000000000002,0.282]},"p1":{"LeftToe":[1.1480000000000001,-0.8069999999999999,0.025],"RightToe":[0.742,-0.817,0.236],"LeftHeel":[1.3159999999999998,-0.655,0.031],"RightHeel":[0.8980000000000001,-0.673,0.153],"LeftAnkle":[1.225,-0.643,0.03],"RightAnkle":[0.823,-0.657,0.201],"LeftKnee":[0.8479999999999999,-0.45300000000000007,0.053],"RightKnee":[0.5939999999999999,-0.32299999999999995,0.323],"LeftHip":[1.08,-0.08499999999999996,0.111],"RightHip":[0.9359999999999999,-0.04400000000000004,0.287],"LeftShoulder":[0.7400000000000002,0.41999999999999993,0.082],"RightShoulder":[0.7069999999999999,0.20900000000000007,0.344],"LeftElbow":[0.45999999999999996,0.3500000000000001,0.045],"RightElbow":[0.8050000000000002,0.04499999999999993,0.559],"LeftWrist":[0.4710000000000001,0.08899999999999997,0.044],"RightWrist":[0.593,-0.1180000000000001,0.534],"LeftHand":[0.45100000000000007,0.016999999999999904,0.02],"RightHand":[0.5110000000000001,-0.1259999999999999,0.536],"LeftFingers":[0.476,-0.052999999999999936,0.038],"RightFingers":[0.47699999999999987,-0.1479999999999999,0.464],"Core":[1.012,0.17200000000000015,0.14],"Neck":[0.6890000000000001,0.2909999999999999,0.189],"Head":[0.6360000000000001,0.1349999999999998,0.214]}}