{"p0":{"LeftToe":[0.35599999999999987,-0.387,0.081],"RightToe":[-0.052999999999999936,-0.647,0.031],"LeftHeel":[0.31499999999999995,-0.28600000000000003,0.286],"RightHeel":[0,-0.536,0.229],"LeftAnkle":[0.3650000000000002,-0.272,0.215],"RightAnkle":[-0.05699999999999994,-0.526,0.162],"LeftKnee":[0.31899999999999995,0.13099999999999978,0.081],"RightKnee":[-0.29499999999999993,-0.18300000000000005,0.068],"LeftHip":[0.26900000000000013,-0.21999999999999997,0.32],"RightHip":[0.04300000000000015,-0.2689999999999999,0.324],"LeftShoulder":[0.22199999999999998,0.23899999999999988,0.471],"RightShoulder":[-0.09699999999999998,0.17200000000000015,0.547],"LeftElbow":[0.35599999999999987,0.020999999999999908,0.329],"RightElbow":[-0.258,0.20500000000000007,0.305],"LeftWrist":[0.45500000000000007,-0.1479999999999999,0.155],"RightWrist":[-0.353,0.28100000000000014,0.062],"LeftHand":[0.5179999999999998,-0.1479999999999999,0.103],"RightHand":[-0.3740000000000001,0.3580000000000001,0.08],"LeftFingers":[0.5209999999999999,-0.18599999999999994,0.035],"RightFingers":[-0.4079999999999999,0.4089999999999998,0.03],"Core":[0.1389999999999998,-0.1140000000000001,0.528],"Neck":[0.06000000000000005,0.2490000000000001,0.54],"Head":[0.041999999999999815,0.41000000000000014,0.56]},"p1":{"LeftToe":[-0.18999999999999995,0.5449999999999999,0.781],"RightToe":[0.6240000000000001,-0.8700000000000001,0.025],"LeftHeel":[-0.17999999999999994,0.31599999999999984,0.824],"RightHeel":[0.4249999999999998,-0.7549999999999999,0.032],"LeftAnkle":[-0.17799999999999994,0.3690000000000002,0.752],"RightAnkle":[0.512,-0.732,0.048],"LeftKnee":[-0.11499999999999999,0.2759999999999998,0.34],"RightKnee":[0.5539999999999998,-0.30499999999999994,0.052],"LeftHip":[-0.06299999999999994,-0.11499999999999999,0.167],"RightHip":[0.15600000000000014,-0.1399999999999999,0.092],"LeftShoulder":[-0.1519999999999999,0.4169999999999998,0.081],"RightShoulder":[0.14100000000000001,0.476,0.11],"LeftElbow":[-0.30600000000000005,0.16900000000000004,0.073],"RightElbow":[0.3679999999999999,0.29400000000000004,0.106],"LeftWrist":[-0.18199999999999994,0.020999999999999908,0.248],"RightWrist":[0.3330000000000002,0.1429999999999998,0.328],"LeftHand":[-0.21399999999999997,-0.0009999999999998899,0.32],"RightHand":[0.387,0.1280000000000001,0.386],"LeftFingers":[-0.17599999999999993,-0.06299999999999994,0.358],"RightFingers":[0.3799999999999999,0.06400000000000006,0.434],"Core":[0.06099999999999994,0.11399999999999988,0.104],"Neck":[-0.026000000000000023,0.52,0.139],"Head":[-0.018999999999999906,0.6709999999999998,0.201]}}