{"p0":{"LeftToe":[-0.1080000000000001,0.3370000000000002,0.35],"RightToe":[-0.09000000000000008,0.42200000000000015,0.236],"LeftHeel":[-0.006999999999999895,0.33599999999999985,0.135],"RightHeel":[0.01399999999999979,0.41100000000000003,0.034],"LeftAnkle":[0.020000000000000018,0.35599999999999987,0.229],"RightAnkle":[0.01100000000000012,0.351,0.103],"LeftKnee":[0.43100000000000005,0.43100000000000005,0.344],"RightKnee":[0.21399999999999997,0.07600000000000007,0.363],"LeftHip":[0.5760000000000001,0.1160000000000001,0.091],"RightHip":[0.5049999999999999,-0.10299999999999998,0.104],"LeftShoulder":[0.8330000000000002,0.11299999999999999,0.59],"RightShoulder":[0.6059999999999999,-0.1279999999999999,0.621],"LeftElbow":[0.8079999999999998,0.28500000000000014,0.359],"RightElbow":[0.43699999999999983,-0.07299999999999995,0.388],"LeftWrist":[0.5659999999999998,0.3799999999999999,0.377],"RightWrist":[0.46399999999999997,0.19700000000000006,0.394],"LeftHand":[0.4950000000000001,0.4009999999999998,0.414],"RightHand":[0.4740000000000002,0.2719999999999998,0.419],"LeftFingers":[0.4289999999999998,0.3620000000000001,0.384],"RightFingers":[0.4740000000000002,0.3380000000000001,0.378],"Core":[0.6989999999999998,-0.03699999999999992,0.277],"Neck":[0.714,0.004999999999999893,0.667],"Head":[0.7120000000000002,0.040000000000000036,0.83]},"p1":{"LeftToe":[0.31099999999999994,0.06999999999999984,0.163],"RightToe":[0.968,0.1070000000000002,0.197],"LeftHeel":[0.266,0.2909999999999999,0.128],"RightHeel":[0.8559999999999999,0.30299999999999994,0.169],"LeftAnkle":[0.2530000000000001,0.238,0.202],"RightAnkle":[0.827,0.2200000000000002,0.197],"LeftKnee":[-0.08299999999999996,0.43100000000000005,0.393],"RightKnee":[0.4159999999999999,0.1499999999999999,0.291],"LeftHip":[0.19300000000000006,0.5720000000000001,0.094],"RightHip":[0.42200000000000015,0.5390000000000001,0.105],"LeftShoulder":[0.14000000000000012,0.9260000000000002,0.386],"RightShoulder":[0.46099999999999985,1.0390000000000001,0.351],"LeftElbow":[-0.08099999999999996,0.9260000000000002,0.197],"RightElbow":[0.577,1.0099999999999998,0.085],"LeftWrist":[-0.2869999999999999,0.8660000000000001,0.046],"RightWrist":[0.8460000000000001,0.996,0.038],"LeftHand":[-0.3600000000000001,0.8340000000000001,0.055],"RightHand":[0.9239999999999999,1.0019999999999998,0.058],"LeftFingers":[-0.42599999999999993,0.8599999999999999,0.022],"RightFingers":[0.9830000000000001,0.9670000000000001,0.022],"Core":[0.33999999999999986,0.798,0.1],"Neck":[0.31499999999999995,0.9510000000000001,0.397],"Head":[0.33599999999999985,0.9409999999999998,0.562]}}