{"p0":{"LeftToe":[-0.5149999999999999,0.20699999999999985,0.061],"RightToe":[-0.673,0.4870000000000001,0.056],"LeftHeel":[-0.369,0.32799999999999985,0.195],"RightHeel":[-0.5229999999999999,0.5960000000000001,0.196],"LeftAnkle":[-0.3680000000000001,0.29300000000000015,0.115],"RightAnkle":[-0.56,0.6099999999999999,0.117],"LeftKnee":[0.01100000000000012,0.496,0.086],"RightKnee":[-0.3740000000000001,0.9910000000000001,0.061],"LeftHip":[-0.345,0.44399999999999995,0.324],"RightHip":[-0.4750000000000001,0.6299999999999999,0.274],"LeftShoulder":[0.0259999999999998,0.6499999999999999,0.477],"RightShoulder":[-0.1359999999999999,0.9329999999999998,0.601],"LeftElbow":[-0.16199999999999992,0.4940000000000002,0.325],"RightElbow":[-0.391,0.802,0.577],"LeftWrist":[0.008000000000000007,0.5800000000000001,0.149],"RightWrist":[-0.30400000000000005,0.9369999999999998,0.358],"LeftHand":[0.04499999999999993,0.6360000000000001,0.101],"RightHand":[-0.2709999999999999,0.9940000000000002,0.309],"LeftFingers":[-0.0029999999999998916,0.6800000000000002,0.053],"RightFingers":[-0.32000000000000006,1.017,0.248],"Core":[-0.3420000000000001,0.6389999999999998,0.512],"Neck":[-0.03400000000000003,0.798,0.553],"Head":[0.09600000000000009,0.8940000000000001,0.528]},"p1":{"LeftToe":[0.2250000000000001,0.4929999999999999,0.864],"RightToe":[-0.849,0.484,0.025],"LeftHeel":[0.005999999999999783,0.5270000000000001,0.796],"RightHeel":[-0.6479999999999999,0.601,0.03],"LeftAnkle":[0.08499999999999996,0.5609999999999999,0.769],"RightAnkle":[-0.675,0.5190000000000001,0.039],"LeftKnee":[0.11799999999999988,0.8090000000000002,0.423],"RightKnee":[-0.31400000000000006,0.2909999999999999,0.05],"LeftHip":[-0.2290000000000001,0.8769999999999998,0.182],"RightHip":[-0.1399999999999999,0.6840000000000002,0.091],"LeftShoulder":[0.3039999999999998,1.081,0.27],"RightShoulder":[0.3879999999999999,0.8210000000000002,0.08],"LeftElbow":[0.020000000000000018,1.081,0.311],"RightElbow":[0.125,0.6949999999999998,0.094],"LeftWrist":[0.06300000000000017,0.8300000000000001,0.265],"RightWrist":[0.04400000000000004,0.5899999999999999,0.332],"LeftHand":[0.12400000000000011,0.7759999999999998,0.264],"RightHand":[0.052000000000000046,0.532,0.383],"LeftFingers":[0.10400000000000009,0.7029999999999998,0.298],"RightFingers":[-0.014999999999999902,0.4969999999999999,0.415],"Core":[0.028000000000000025,0.8969999999999998,0.101],"Neck":[0.3969999999999998,0.9649999999999999,0.182],"Head":[0.5430000000000001,0.96,0.255]}}