{"p0":{"LeftToe":[0.9790000000000001,0.17700000000000005,0.027],"RightToe":[0.2669999999999999,-0.3660000000000001,0.061],"LeftHeel":[0.8919999999999999,-0.03699999999999992,0.03],"RightHeel":[0.18900000000000006,-0.3320000000000001,0.271],"LeftAnkle":[0.8719999999999999,0.039000000000000146,0.071],"RightAnkle":[0.23399999999999999,-0.2769999999999999,0.211],"LeftKnee":[0.6859999999999999,0.22599999999999998,0.409],"RightKnee":[0.13200000000000012,0.10400000000000009,0.053],"LeftHip":[0.46399999999999997,-0.14100000000000001,0.458],"RightHip":[0.2400000000000002,-0.1359999999999999,0.397],"LeftShoulder":[0.2799999999999998,0.4079999999999999,0.557],"RightShoulder":[-0.0009999999999998899,0.2280000000000002,0.549],"LeftElbow":[0.3650000000000002,0.1509999999999998,0.456],"RightElbow":[-0.03299999999999992,-0.05400000000000005,0.495],"LeftWrist":[0.3039999999999998,0.2589999999999999,0.229],"RightWrist":[-0.10200000000000009,0.19700000000000006,0.422],"LeftHand":[0.2839999999999998,0.3370000000000002,0.249],"RightHand":[-0.11099999999999999,0.2789999999999999,0.423],"LeftFingers":[0.26900000000000013,0.3849999999999998,0.184],"RightFingers":[-0.04899999999999993,0.32799999999999985,0.403],"Core":[0.31800000000000006,0.04300000000000015,0.587],"Neck":[0.11299999999999999,0.3570000000000002,0.587],"Head":[0.04999999999999982,0.5099999999999998,0.562]},"p1":{"LeftToe":[0.5150000000000001,-0.7889999999999999,0.062],"RightToe":[0.27700000000000014,-0.8360000000000001,0.036],"LeftHeel":[0.30299999999999994,-0.76,0.149],"RightHeel":[0.10899999999999999,-0.685,0.062],"LeftAnkle":[0.3759999999999999,-0.7130000000000001,0.141],"RightAnkle":[0.19700000000000006,-0.675,0.054],"LeftKnee":[0.39400000000000013,-0.31200000000000006,0.289],"RightKnee":[0.44300000000000006,-0.32400000000000007,0.05],"LeftHip":[-0.014999999999999902,-0.17799999999999994,0.316],"RightHip":[0.040999999999999925,-0.17300000000000004,0.091],"LeftShoulder":[0.06199999999999983,0.367,0.392],"RightShoulder":[0.18800000000000017,0.33499999999999996,0.093],"LeftElbow":[-0.010000000000000009,0.08599999999999985,0.399],"RightElbow":[0.2530000000000001,0.05900000000000016,0.045],"LeftWrist":[0.25,0.05500000000000016,0.421],"RightWrist":[0.30299999999999994,0.0040000000000000036,0.302],"LeftHand":[0.28900000000000015,0.10599999999999987,0.369],"RightHand":[0.274,0.06999999999999984,0.342],"LeftFingers":[0.33899999999999997,0.07799999999999985,0.312],"RightFingers":[0.24299999999999988,0.052999999999999936,0.417],"Core":[-0.03499999999999992,0.06300000000000017,0.199],"Neck":[0.1070000000000002,0.4129999999999998,0.227],"Head":[0.18500000000000005,0.544,0.283]}}