{"p0":{"LeftToe":[0.8719999999999999,0.07600000000000007,0.025],"RightToe":[0.17399999999999993,0.17600000000000016,0.098],"LeftHeel":[0.6480000000000001,0.03399999999999981,0.031],"RightHeel":[0.16599999999999993,0.2120000000000002,0.328],"LeftAnkle":[0.7069999999999999,0.06800000000000006,0.091],"RightAnkle":[0.15300000000000002,0.258,0.254],"LeftKnee":[0.6469999999999998,0.2330000000000001,0.481],"RightKnee":[-0.026999999999999913,0.6459999999999999,0.229],"LeftHip":[0.2290000000000001,0.14500000000000002,0.43],"RightHip":[0.04499999999999993,0.2829999999999999,0.451],"LeftShoulder":[0.5830000000000002,0.5150000000000001,0.684],"RightShoulder":[0.3290000000000002,0.71,0.616],"LeftElbow":[0.5579999999999998,0.3690000000000002,0.437],"RightElbow":[0.1160000000000001,0.6800000000000002,0.42],"LeftWrist":[0.5379999999999998,0.4900000000000002,0.204],"RightWrist":[0.17600000000000016,0.738,0.164],"LeftHand":[0.601,0.47699999999999987,0.155],"RightHand":[0.17200000000000015,0.815,0.154],"LeftFingers":[0.6030000000000002,0.5059999999999998,0.08],"RightFingers":[0.22699999999999987,0.8530000000000002,0.108],"Core":[0.2599999999999998,0.3490000000000002,0.603],"Neck":[0.484,0.6589999999999998,0.684],"Head":[0.5939999999999999,0.774,0.65]},"p1":{"LeftToe":[-0.6479999999999999,0.20100000000000007,0.025],"RightToe":[-0.5549999999999999,-0.1160000000000001,0.06],"LeftHeel":[-0.42999999999999994,0.2789999999999999,0.03],"RightHeel":[-0.3740000000000001,0.02300000000000013,0.038],"LeftAnkle":[-0.49,0.25,0.088],"RightAnkle":[-0.41100000000000003,-0.016999999999999904,0.112],"LeftKnee":[-0.349,0.3620000000000001,0.476],"RightKnee":[-0.1439999999999999,-0.0029999999999998916,0.446],"LeftHip":[-0.133,0.4660000000000002,0.116],"RightHip":[-0.050999999999999934,0.2509999999999999,0.109],"LeftShoulder":[0.31800000000000006,0.7669999999999999,0.081],"RightShoulder":[0.5049999999999999,0.484,0.091],"LeftElbow":[0.03200000000000003,0.726,0.047],"RightElbow":[0.33999999999999986,0.2450000000000001,0.112],"LeftWrist":[0.21700000000000008,0.6499999999999999,0.216],"RightWrist":[0.39400000000000013,0.46399999999999997,0.255],"LeftHand":[0.28600000000000003,0.6299999999999999,0.254],"RightHand":[0.3799999999999999,0.5369999999999999,0.283],"LeftFingers":[0.31400000000000006,0.5529999999999999,0.249],"RightFingers":[0.32200000000000006,0.585,0.262],"Core":[0.13600000000000012,0.44700000000000006,0.1],"Neck":[0.45299999999999985,0.6520000000000001,0.095],"Head":[0.597,0.7229999999999999,0.137]}}