{"p0":{"LeftToe":[0.3759999999999999,-1.069,0.038],"RightToe":[1.2240000000000002,-0.625,0.025],"LeftHeel":[0.2959999999999998,-0.855,0.08],"RightHeel":[0.9940000000000002,-0.5920000000000001,0.03],"LeftAnkle":[0.375,-0.8939999999999999,0.068],"RightAnkle":[1.068,-0.54,0.03],"LeftKnee":[0.6819999999999999,-0.5980000000000001,0.087],"RightKnee":[0.988,-0.121,0.06],"LeftHip":[0.4630000000000001,-0.26,0.234],"RightHip":[0.5619999999999998,-0.10699999999999998,0.09],"LeftShoulder":[0.2639999999999998,0.07500000000000018,0.615],"RightShoulder":[0.45599999999999996,0.29499999999999993,0.475],"LeftElbow":[0.496,-0.07800000000000007,0.542],"RightElbow":[0.6579999999999999,0.3860000000000001,0.291],"LeftWrist":[0.7080000000000002,0.04800000000000004,0.453],"RightWrist":[0.75,0.14500000000000002,0.375],"LeftHand":[0.762,0.1070000000000002,0.454],"RightHand":[0.6960000000000002,0.12199999999999989,0.426],"LeftFingers":[0.7450000000000001,0.18500000000000005,0.449],"RightFingers":[0.6190000000000002,0.10099999999999998,0.41],"Core":[0.3889999999999998,-0.006000000000000005,0.274],"Neck":[0.3690000000000002,0.21300000000000008,0.599],"Head":[0.4660000000000002,0.2610000000000001,0.72]},"p1":{"LeftToe":[-0.5509999999999999,0.22100000000000009,0.055],"RightToe":[-0.522,-0.2290000000000001,0.025],"LeftHeel":[-0.32000000000000006,0.20400000000000018,0.03],"RightHeel":[-0.29600000000000004,-0.17300000000000004,0.03],"LeftAnkle":[-0.3779999999999999,0.2120000000000002,0.095],"RightAnkle":[-0.361,-0.18599999999999994,0.088],"LeftKnee":[-0.21199999999999997,0.21499999999999986,0.489],"RightKnee":[-0.121,-0.2230000000000001,0.441],"LeftHip":[0.0129999999999999,0.16599999999999993,0.125],"RightHip":[0.08199999999999985,-0.050999999999999934,0.101],"LeftShoulder":[0.532,0.387,0.212],"RightShoulder":[0.641,0.09600000000000009,0.162],"LeftElbow":[0.2490000000000001,0.43800000000000017,0.231],"RightElbow":[0.6890000000000001,-0.16399999999999992,0.278],"LeftWrist":[0.39800000000000013,0.383,0.44],"RightWrist":[0.47299999999999986,-0.07899999999999996,0.412],"LeftHand":[0.42200000000000015,0.3929999999999998,0.513],"RightHand":[0.4119999999999999,-0.08600000000000008,0.466],"LeftFingers":[0.46799999999999997,0.3410000000000002,0.555],"RightFingers":[0.3450000000000002,-0.04299999999999993,0.453],"Core":[0.2799999999999998,0.137,0.103],"Neck":[0.6219999999999999,0.2450000000000001,0.247],"Head":[0.585,0.2120000000000002,0.402]}}