{"p0":{"LeftToe":[-0.12400000000000011,0.661,0.752],"RightToe":[0.21099999999999985,0.7450000000000001,0.604],"LeftHeel":[-0.07400000000000007,0.5059999999999998,0.918],"RightHeel":[0.20699999999999985,0.6560000000000001,0.813],"LeftAnkle":[-0.09299999999999997,0.5030000000000001,0.832],"RightAnkle":[0.20800000000000018,0.6150000000000002,0.73],"LeftKnee":[-0.266,0.16599999999999993,0.626],"RightKnee":[0.19799999999999995,0.19399999999999995,0.637],"LeftHip":[-0.040999999999999925,-0.16500000000000004,0.788],"RightHip":[0.18199999999999994,-0.17900000000000005,0.849],"LeftShoulder":[-0.02400000000000002,-0.2450000000000001,0.303],"RightShoulder":[0.29300000000000015,-0.131,0.376],"LeftElbow":[-0.1439999999999999,0.01399999999999979,0.262],"RightElbow":[0.4889999999999999,0.07500000000000018,0.312],"LeftWrist":[-0.1419999999999999,-0.121,0.039],"RightWrist":[0.472,-0.07200000000000006,0.54],"LeftHand":[-0.137,-0.19599999999999995,0.072],"RightHand":[0.45500000000000007,-0.09299999999999997,0.615],"LeftFingers":[-0.10400000000000009,-0.254,0.023],"RightFingers":[0.4910000000000001,-0.14500000000000002,0.659],"Core":[0.11399999999999988,-0.32600000000000007,0.635],"Neck":[0.14400000000000013,-0.19199999999999995,0.311],"Head":[0.11799999999999988,-0.135,0.159]},"p1":{"LeftToe":[-0.2789999999999999,0.766,0.645],"RightToe":[-0.3640000000000001,0.42600000000000016,0.598],"LeftHeel":[-0.29899999999999993,0.6699999999999999,0.443],"RightHeel":[-0.19100000000000006,0.371,0.459],"LeftAnkle":[-0.22399999999999998,0.6739999999999999,0.498],"RightAnkle":[-0.22199999999999998,0.3290000000000002,0.535],"LeftKnee":[0.17300000000000004,0.4969999999999999,0.529],"RightKnee":[0.05799999999999983,0.0030000000000001137,0.578],"LeftHip":[0.039000000000000146,0.39800000000000013,0.134],"RightHip":[-0.038000000000000034,0.19499999999999984,0.209],"LeftShoulder":[0.5409999999999999,0.2570000000000001,0.256],"RightShoulder":[0.4889999999999999,-0.02200000000000002,0.226],"LeftElbow":[0.3370000000000002,0.24400000000000022,0.459],"RightElbow":[0.5299999999999998,-0.21599999999999997,0.44],"LeftWrist":[0.42200000000000015,0.020000000000000018,0.554],"RightWrist":[0.41400000000000015,0.02400000000000002,0.475],"LeftHand":[0.496,-0.010000000000000009,0.576],"RightHand":[0.45599999999999996,0.08400000000000007,0.511],"LeftFingers":[0.5,-0.09200000000000008,0.579],"RightFingers":[0.41100000000000003,0.13099999999999978,0.561],"Core":[0.2120000000000002,0.18999999999999995,0.1],"Neck":[0.6160000000000001,0.10099999999999998,0.22],"Head":[0.7450000000000001,0.08300000000000018,0.318]}}