{"p0":{"LeftToe":[0.31899999999999995,0.9199999999999999,0.026],"RightToe":[0.835,0.3860000000000001,0.027],"LeftHeel":[0.4790000000000001,0.7589999999999999,0.033],"RightHeel":[0.8319999999999999,0.2330000000000001,0.203],"LeftAnkle":[0.39400000000000013,0.7589999999999999,0.066],"RightAnkle":[0.7709999999999999,0.29400000000000004,0.169],"LeftKnee":[0.07299999999999995,0.5459999999999998,0.263],"RightKnee":[0.3570000000000002,0.32399999999999984,0.05],"LeftHip":[0.17700000000000005,0.129,0.284],"RightHip":[0.2160000000000002,-0.06499999999999995,0.162],"LeftShoulder":[-0.28400000000000003,0.06499999999999995,0.321],"RightShoulder":[-0.2629999999999999,-0.2749999999999999,0.329],"LeftElbow":[-0.242,0.22199999999999998,0.079],"RightElbow":[-0.19100000000000006,-0.32200000000000006,0.049],"LeftWrist":[-0.369,-0.006000000000000005,0.074],"RightWrist":[-0.3420000000000001,-0.09499999999999997,0.037],"LeftHand":[-0.4059999999999999,-0.07499999999999996,0.092],"RightHand":[-0.42399999999999993,-0.09600000000000009,0.031],"LeftFingers":[-0.3999999999999999,-0.1419999999999999,0.052],"RightFingers":[-0.4670000000000001,-0.04699999999999993,0.08],"Core":[0.04999999999999982,-0.08699999999999997,0.377],"Neck":[-0.32000000000000006,-0.10699999999999998,0.339],"Head":[-0.48,-0.15500000000000003,0.339]},"p1":{"LeftToe":[0.597,-0.891,0.025],"RightToe":[0.8690000000000002,-0.5640000000000001,0.067],"LeftHeel":[0.43800000000000017,-0.7230000000000001,0.03],"RightHeel":[0.665,-0.4690000000000001,0.03],"LeftAnkle":[0.4830000000000001,-0.768,0.098],"RightAnkle":[0.71,-0.486,0.106],"LeftKnee":[0.3799999999999999,-0.5980000000000001,0.482],"RightKnee":[0.5510000000000002,-0.40700000000000003,0.495],"LeftHip":[0.16400000000000015,-0.4750000000000001,0.132],"RightHip":[0.2959999999999998,-0.29200000000000004,0.166],"LeftShoulder":[-0.30899999999999994,-0.10000000000000009,0.14],"RightShoulder":[-0.1200000000000001,0.09600000000000009,0.081],"LeftElbow":[-0.1359999999999999,0.08099999999999996,0.281],"RightElbow":[0.11399999999999988,-0.07699999999999996,0.1],"LeftWrist":[-0.10499999999999998,0.3410000000000002,0.259],"RightWrist":[-0.03499999999999992,0.04700000000000015,0.288],"LeftHand":[-0.09200000000000008,0.41900000000000004,0.24],"RightHand":[-0.07200000000000006,0.11100000000000021,0.323],"LeftFingers":[-0.06800000000000006,0.44300000000000006,0.169],"RightFingers":[-0.10699999999999998,0.10499999999999998,0.397],"Core":[0.03399999999999981,-0.24,0.118],"Neck":[-0.29000000000000004,0.07100000000000017,0.1],"Head":[-0.43300000000000005,0.1379999999999999,0.151]}}