{"p0":{"LeftToe":[0.806,-0.0029999999999998916,0.039],"RightToe":[0.04800000000000004,0.2669999999999999,0.025],"LeftHeel":[0.73,-0.21799999999999997,0.048],"RightHeel":[0.18900000000000006,0.08800000000000008,0.03],"LeftAnkle":[0.7200000000000002,-0.1479999999999999,0.108],"RightAnkle":[0.1549999999999998,0.1389999999999998,0.096],"LeftKnee":[0.617,0.05600000000000005,0.473],"RightKnee":[0.133,0.1469999999999998,0.527],"LeftHip":[0.54,-0.04800000000000004,0.884],"RightHip":[0.31099999999999994,-0.050000000000000044,0.867],"LeftShoulder":[0.4620000000000002,0.2829999999999999,1.34],"RightShoulder":[0.16599999999999993,0.137,1.36],"LeftElbow":[0.387,0.4089999999999998,1.089],"RightElbow":[-0.03299999999999992,0.34799999999999986,1.328],"LeftWrist":[0.2410000000000001,0.5110000000000001,1.279],"RightWrist":[-0.11099999999999999,0.565,1.473],"LeftHand":[0.21099999999999985,0.552,1.338],"RightHand":[-0.121,0.6400000000000001,1.502],"LeftFingers":[0.14500000000000002,0.593,1.342],"RightFingers":[-0.07200000000000006,0.7000000000000002,1.479],"Core":[0.4079999999999999,-0.004999999999999893,1.118],"Neck":[0.31899999999999995,0.20999999999999996,1.412],"Head":[0.2879999999999998,0.31999999999999984,1.533]},"p1":{"LeftToe":[-0.33000000000000007,0.3500000000000001,0.04],"RightToe":[-0.31499999999999995,1.0990000000000002,0.025],"LeftHeel":[-0.536,0.4460000000000002,0.056],"RightHeel":[-0.54,1.0419999999999998,0.031],"LeftAnkle":[-0.4730000000000001,0.43000000000000016,0.121],"RightAnkle":[-0.474,1.0390000000000001,0.092],"LeftKnee":[-0.30699999999999994,0.44899999999999984,0.517],"RightKnee":[-0.31899999999999995,0.9510000000000001,0.486],"LeftHip":[-0.387,0.6000000000000001,0.91],"RightHip":[-0.3600000000000001,0.8290000000000002,0.898],"LeftShoulder":[-0.16900000000000004,0.45299999999999985,1.353],"RightShoulder":[-0.05800000000000005,0.77,1.389],"LeftElbow":[-0.1519999999999999,0.2549999999999999,1.143],"RightElbow":[0.027000000000000135,0.7370000000000001,1.112],"LeftWrist":[0.016000000000000014,0.16500000000000004,1.316],"RightWrist":[0.1299999999999999,0.5409999999999999,1.264],"LeftHand":[0.03699999999999992,0.15600000000000014,1.394],"RightHand":[0.1629999999999998,0.4980000000000002,1.323],"LeftFingers":[0.08199999999999985,0.20900000000000007,1.429],"RightFingers":[0.2290000000000001,0.45199999999999996,1.304],"Core":[-0.33000000000000007,0.7170000000000001,1.144],"Neck":[-0.1060000000000001,0.6030000000000002,1.41],"Head":[0.0009999999999998899,0.5899999999999999,1.538]}}