{"p0":{"LeftToe":[-0.573,-0.5029999999999999,0.025],"RightToe":[-1.105,-0.014000000000000012,0.038],"LeftHeel":[-0.45300000000000007,-0.4159999999999999,0.2],"RightHeel":[-1.018,-0.2290000000000001,0.042],"LeftAnkle":[-0.482,-0.377,0.121],"RightAnkle":[-0.9890000000000001,-0.1479999999999999,0.06],"LeftKnee":[-0.23399999999999999,-0.02499999999999991,0.149],"RightKnee":[-0.6679999999999999,0.07500000000000018,0.237],"LeftHip":[-0.33099999999999996,-0.41999999999999993,0.293],"RightHip":[-0.5329999999999999,-0.31899999999999995,0.337],"LeftShoulder":[-0.0129999999999999,-0.050000000000000044,0.484],"RightShoulder":[-0.2769999999999999,0.12300000000000022,0.445],"LeftElbow":[0.11100000000000021,-0.19900000000000007,0.269],"RightElbow":[-0.363,0.14100000000000001,0.17],"LeftWrist":[0.1379999999999999,0.06099999999999994,0.239],"RightWrist":[-0.31400000000000006,0.359,0.022],"LeftHand":[0.17099999999999982,0.1349999999999998,0.254],"RightHand":[-0.276,0.41800000000000015,0.062],"LeftFingers":[0.13099999999999978,0.20100000000000007,0.226],"RightFingers":[-0.23199999999999998,0.4710000000000001,0.02],"Core":[-0.33000000000000007,-0.242,0.495],"Neck":[-0.11299999999999999,0.08999999999999986,0.49],"Head":[-0.050999999999999934,0.2410000000000001,0.502]},"p1":{"LeftToe":[-0.22599999999999998,-0.9219999999999999,0.025],"RightToe":[-0.7769999999999999,-0.42300000000000004,0.031],"LeftHeel":[-0.133,-0.71,0.031],"RightHeel":[-0.5509999999999999,-0.42900000000000005,0.054],"LeftAnkle":[-0.21500000000000008,-0.742,0.03],"RightAnkle":[-0.611,-0.361,0.072],"LeftKnee":[-0.42700000000000005,-0.3660000000000001,0.05],"RightKnee":[-0.45599999999999996,-0.018000000000000016,0.285],"LeftHip":[-0.07400000000000007,-0.1200000000000001,0.09],"RightHip":[-0.02499999999999991,-0.04600000000000004,0.3],"LeftShoulder":[-0.1060000000000001,0.5009999999999999,0.08],"RightShoulder":[0.052999999999999936,0.42600000000000016,0.336],"LeftElbow":[-0.262,0.262,0.045],"RightElbow":[-0.010999999999999899,0.1459999999999999,0.324],"LeftWrist":[-0.09600000000000009,0.27300000000000013,0.242],"RightWrist":[-0.23399999999999999,0.27700000000000014,0.255],"LeftHand":[-0.1120000000000001,0.2909999999999999,0.318],"RightHand":[-0.21500000000000008,0.3540000000000001,0.242],"LeftFingers":[-0.07499999999999996,0.35599999999999987,0.351],"RightFingers":[-0.25,0.39800000000000013,0.186],"Core":[-0.0129999999999999,0.1419999999999999,0.107],"Neck":[-0.01200000000000001,0.5369999999999999,0.22],"Head":[-0.08899999999999997,0.653,0.312]}}