{"p0":{"LeftToe":[-0.589,-0.32499999999999996,0.044],"RightToe":[-0.788,0.3679999999999999,0.026],"LeftHeel":[-0.504,-0.268,0.25],"RightHeel":[-0.6599999999999999,0.2629999999999999,0.183],"LeftAnkle":[-0.494,-0.23399999999999999,0.17],"RightAnkle":[-0.6419999999999999,0.31899999999999995,0.116],"LeftKnee":[-0.2569999999999999,0.10599999999999987,0.05],"RightKnee":[-0.33099999999999996,0.6099999999999999,0.05],"LeftHip":[-0.19999999999999996,0.23899999999999988,0.453],"RightHip":[-0.30699999999999994,0.44300000000000006,0.443],"LeftShoulder":[0.31999999999999984,0.46899999999999986,0.343],"RightShoulder":[0.1469999999999998,0.7570000000000001,0.349],"LeftElbow":[0.3530000000000002,0.46799999999999997,0.052],"RightElbow":[0.05799999999999983,0.9039999999999999,0.113],"LeftWrist":[0.3849999999999998,0.7229999999999999,0.055],"RightWrist":[0.2959999999999998,0.806,0.041],"LeftHand":[0.33999999999999986,0.7869999999999999,0.067],"RightHand":[0.32200000000000006,0.855,0.101],"LeftFingers":[0.31899999999999995,0.8109999999999999,0.14],"RightFingers":[0.3900000000000001,0.8300000000000001,0.138],"Core":[-0.03400000000000003,0.45100000000000007,0.458],"Neck":[0.28100000000000014,0.6400000000000001,0.348],"Head":[0.3959999999999999,0.7530000000000001,0.313]},"p1":{"LeftToe":[-0.2889999999999999,-0.544,0.025],"RightToe":[-0.675,-0.11099999999999999,0.025],"LeftHeel":[-0.06099999999999994,-0.5820000000000001,0.046],"RightHeel":[-0.44700000000000006,-0.10400000000000009,0.065],"LeftAnkle":[-0.11299999999999999,-0.5069999999999999,0.045],"RightAnkle":[-0.508,-0.04400000000000004,0.045],"LeftKnee":[-0.2689999999999999,-0.10899999999999999,0.096],"RightKnee":[-0.272,0.30799999999999983,0.106],"LeftHip":[0.09200000000000008,0.12699999999999978,0.09],"RightHip":[0.08999999999999986,0.19399999999999995,0.308],"LeftShoulder":[0.06800000000000006,0.7480000000000002,0.088],"RightShoulder":[0.3719999999999999,0.6859999999999999,0.139],"LeftElbow":[-0.16999999999999993,0.5819999999999999,0.116],"RightElbow":[0.4980000000000002,0.42700000000000005,0.124],"LeftWrist":[-0.21500000000000008,0.5489999999999999,0.372],"RightWrist":[0.32699999999999996,0.32600000000000007,0.308],"LeftHand":[-0.248,0.589,0.435],"RightHand":[0.2490000000000001,0.30100000000000016,0.322],"LeftFingers":[-0.28200000000000003,0.5409999999999999,0.493],"RightFingers":[0.19200000000000017,0.3580000000000001,0.307],"Core":[0.15300000000000002,0.3889999999999998,0.134],"Neck":[0.22599999999999998,0.7770000000000001,0.161],"Head":[0.262,0.9300000000000002,0.205]}}