{"p0":{"LeftToe":[0.42200000000000015,-0.6379999999999999,0.025],"RightToe":[-0.18199999999999994,-0.4910000000000001,0.083],"LeftHeel":[0.2999999999999998,-0.5,0.158],"RightHeel":[-0.17999999999999994,-0.45799999999999996,0.312],"LeftAnkle":[0.3599999999999999,-0.4830000000000001,0.096],"RightAnkle":[-0.19700000000000006,-0.405,0.24],"LeftKnee":[0.31099999999999994,-0.05699999999999994,0.076],"RightKnee":[-0.31800000000000006,-0.03499999999999992,0.059],"LeftHip":[0.10000000000000009,-0.28,0.378],"RightHip":[-0.12400000000000011,-0.2310000000000001,0.391],"LeftShoulder":[0.18599999999999994,0.27700000000000014,0.349],"RightShoulder":[-0.1459999999999999,0.242,0.334],"LeftElbow":[0.266,0.2789999999999999,0.073],"RightElbow":[-0.32400000000000007,0.137,0.132],"LeftWrist":[0.1339999999999999,0.504,0.095],"RightWrist":[-0.2290000000000001,0.3889999999999998,0.089],"LeftHand":[0.10999999999999988,0.5830000000000002,0.098],"RightHand":[-0.21799999999999997,0.43599999999999994,0.153],"LeftFingers":[0.10099999999999998,0.621,0.169],"RightFingers":[-0.17300000000000004,0.5049999999999999,0.143],"Core":[0.04499999999999993,-0.038000000000000034,0.477],"Neck":[0.01399999999999979,0.30799999999999983,0.367],"Head":[0.05500000000000016,0.4630000000000001,0.339]},"p1":{"LeftToe":[-0.1259999999999999,-0.8919999999999999,0.025],"RightToe":[-0.722,-0.345,0.346],"LeftHeel":[0.0259999999999998,-0.7290000000000001,0.079],"RightHeel":[-0.4950000000000001,-0.32800000000000007,0.364],"LeftAnkle":[-0.06000000000000005,-0.724,0.048],"RightAnkle":[-0.558,-0.2649999999999999,0.34],"LeftKnee":[-0.3320000000000001,-0.389,0.056],"RightKnee":[-0.381,0.12699999999999978,0.304],"LeftHip":[-0.09099999999999997,-0.03699999999999992,0.09],"RightHip":[0.01200000000000001,-0.05400000000000005,0.293],"LeftShoulder":[-0.08600000000000008,0.5289999999999999,0.083],"RightShoulder":[0.2160000000000002,0.5110000000000001,0.215],"LeftElbow":[-0.20599999999999996,0.26900000000000013,0.054],"RightElbow":[0.3599999999999999,0.2629999999999999,0.181],"LeftWrist":[-0.18900000000000006,0.3420000000000001,0.305],"RightWrist":[0.2959999999999998,0.2909999999999999,0.444],"LeftHand":[-0.17799999999999994,0.3690000000000002,0.379],"RightHand":[0.2570000000000001,0.33599999999999985,0.499],"LeftFingers":[-0.1339999999999999,0.32299999999999995,0.432],"RightFingers":[0.18199999999999994,0.32699999999999996,0.518],"Core":[0.03200000000000003,0.18900000000000006,0.178],"Neck":[0.06000000000000005,0.5699999999999998,0.167],"Head":[0.01100000000000012,0.702,0.252]}}