{"p0":{"LeftToe":[-0.55,-0.248,0.137],"RightToe":[-0.6970000000000001,-0.4630000000000001,0.112],"LeftHeel":[-0.373,-0.3879999999999999,0.165],"RightHeel":[-0.6100000000000001,-0.30600000000000005,0.259],"LeftAnkle":[-0.44700000000000006,-0.3939999999999999,0.11],"RightAnkle":[-0.6000000000000001,-0.32699999999999996,0.175],"LeftKnee":[-0.12400000000000011,-0.669,0.057],"RightKnee":[-0.21599999999999997,-0.18500000000000005,0.05],"LeftHip":[-0.17999999999999994,-0.42599999999999993,0.408],"RightHip":[-0.123,-0.21199999999999997,0.467],"LeftShoulder":[0.371,-0.6020000000000001,0.393],"RightShoulder":[0.4209999999999998,-0.2909999999999999,0.399],"LeftElbow":[0.10599999999999987,-0.629,0.285],"RightElbow":[0.48,-0.08400000000000007,0.206],"LeftWrist":[0.2280000000000002,-0.605,0.053],"RightWrist":[0.6419999999999999,-0.19100000000000006,0.02],"LeftHand":[0.3039999999999998,-0.593,0.057],"RightHand":[0.6970000000000001,-0.2350000000000001,0.051],"LeftFingers":[0.3639999999999999,-0.629,0.02],"RightFingers":[0.7469999999999999,-0.2849999999999999,0.02],"Core":[0.07799999999999985,-0.3919999999999999,0.487],"Neck":[0.44200000000000017,-0.45399999999999996,0.451],"Head":[0.5979999999999999,-0.498,0.436]},"p1":{"LeftToe":[-0.583,-0.734,0.301],"RightToe":[-0.831,-0.373,0.406],"LeftHeel":[-0.44799999999999995,-0.5509999999999999,0.297],"RightHeel":[-0.6559999999999999,-0.2529999999999999,0.501],"LeftAnkle":[-0.42999999999999994,-0.6359999999999999,0.318],"RightAnkle":[-0.663,-0.32400000000000007,0.443],"LeftKnee":[0.0019999999999997797,-0.625,0.345],"RightKnee":[-0.3480000000000001,-0.46599999999999997,0.183],"LeftHip":[0.1339999999999999,-0.22100000000000009,0.278],"RightHip":[0.051000000000000156,-0.32400000000000007,0.091],"LeftShoulder":[0.681,-0.32600000000000007,0.148],"RightShoulder":[0.5590000000000002,-0.635,0.163],"LeftElbow":[0.669,-0.04899999999999993,0.055],"RightElbow":[0.2799999999999998,-0.7,0.219],"LeftWrist":[0.5720000000000001,0.03799999999999981,0.282],"RightWrist":[0.18299999999999983,-0.46599999999999997,0.318],"LeftHand":[0.5619999999999998,0.06499999999999995,0.356],"RightHand":[0.21499999999999986,-0.42500000000000004,0.378],"LeftFingers":[0.5030000000000001,0.1080000000000001,0.384],"RightFingers":[0.20900000000000007,-0.3480000000000001,0.395],"Core":[0.31499999999999995,-0.361,0.135],"Neck":[0.6579999999999999,-0.494,0.201],"Head":[0.8079999999999998,-0.5509999999999999,0.252]}}