{"p0":{"LeftToe":[0.10899999999999999,0.03200000000000003,0.027],"RightToe":[-0.038999999999999924,-0.3380000000000001,0.041],"LeftHeel":[0.10999999999999988,-0.129,0.194],"RightHeel":[-0.028000000000000025,-0.30600000000000005,0.271],"LeftAnkle":[0.05799999999999983,-0.06099999999999994,0.175],"RightAnkle":[-0.09000000000000008,-0.31600000000000006,0.21],"LeftKnee":[-0.15799999999999992,0.2919999999999998,0.069],"RightKnee":[-0.4870000000000001,-0.30099999999999993,0.05],"LeftHip":[-0.19399999999999995,-0.008999999999999897,0.374],"RightHip":[-0.32699999999999996,-0.18700000000000006,0.43],"LeftShoulder":[-0.55,0.39400000000000013,0.315],"RightShoulder":[-0.7629999999999999,0.17300000000000004,0.268],"LeftElbow":[-0.5840000000000001,0.5899999999999999,0.101],"RightElbow":[-0.687,-0.008999999999999897,0.055],"LeftWrist":[-0.7450000000000001,0.40600000000000014,0.022],"RightWrist":[-0.778,0.24299999999999988,0.026],"LeftHand":[-0.806,0.40200000000000014,0.072],"RightHand":[-0.829,0.30299999999999994,0.048],"LeftFingers":[-0.8779999999999999,0.3660000000000001,0.052],"RightFingers":[-0.8280000000000001,0.3769999999999998,0.02],"Core":[-0.44900000000000007,0.05500000000000016,0.427],"Neck":[-0.7150000000000001,0.34299999999999997,0.282],"Head":[-0.853,0.43400000000000016,0.257]},"p1":{"LeftToe":[0.23099999999999987,-0.8819999999999999,0.15],"RightToe":[-0.4079999999999999,-0.7509999999999999,0.032],"LeftHeel":[0.29899999999999993,-0.667,0.179],"RightHeel":[-0.3320000000000001,-0.536,0.041],"LeftAnkle":[0.22100000000000009,-0.7010000000000001,0.145],"RightAnkle":[-0.4179999999999999,-0.569,0.039],"LeftKnee":[-0.1519999999999999,-0.5009999999999999,0.055],"RightKnee":[-0.6839999999999999,-0.22799999999999998,0.05],"LeftHip":[-0.22999999999999998,-0.07800000000000007,0.09],"RightHip":[-0.3580000000000001,-0.08099999999999996,0.284],"LeftShoulder":[-0.744,0.2879999999999998,0.1],"RightShoulder":[-0.4790000000000001,0.4700000000000002,0.127],"LeftElbow":[-0.927,0.06400000000000006,0.057],"RightElbow":[-0.23399999999999999,0.31599999999999984,0.154],"LeftWrist":[-0.758,0.06800000000000006,0.252],"RightWrist":[-0.3720000000000001,0.20100000000000007,0.358],"LeftHand":[-0.754,0.06300000000000017,0.333],"RightHand":[-0.33899999999999997,0.20199999999999996,0.429],"LeftFingers":[-0.718,0.12400000000000011,0.371],"RightFingers":[-0.3680000000000001,0.16400000000000015,0.496],"Core":[-0.42300000000000004,0.1080000000000001,0.101],"Neck":[-0.651,0.43299999999999983,0.13],"Head":[-0.7370000000000001,0.5720000000000001,0.166]}}