{"p0":{"LeftToe":[0.2650000000000001,-0.238,0.052],"RightToe":[-0.6479999999999999,-0.252,0.169],"LeftHeel":[0.3420000000000001,-0.04699999999999993,0.154],"RightHeel":[-0.472,-0.3999999999999999,0.186],"LeftAnkle":[0.31000000000000005,-0.06499999999999995,0.069],"RightAnkle":[-0.4830000000000001,-0.31400000000000006,0.185],"LeftKnee":[0.4049999999999998,0.351,0.053],"RightKnee":[-0.20599999999999996,-0.014000000000000012,0.314],"LeftHip":[0.383,0.06000000000000005,0.373],"RightHip":[0.19899999999999984,-0.05699999999999994,0.45],"LeftShoulder":[0.14800000000000013,0.5720000000000001,0.517],"RightShoulder":[-0.09899999999999998,0.3769999999999998,0.638],"LeftElbow":[0.2589999999999999,0.6179999999999999,0.256],"RightElbow":[-0.20900000000000007,0.2469999999999999,0.405],"LeftWrist":[0.22100000000000009,0.7330000000000001,0.028],"RightWrist":[-0.3420000000000001,0.2749999999999999,0.174],"LeftHand":[0.19099999999999984,0.7970000000000002,0.066],"RightHand":[-0.3919999999999999,0.3340000000000001,0.194],"LeftFingers":[0.1589999999999998,0.8559999999999999,0.02],"RightFingers":[-0.44799999999999995,0.355,0.139],"Core":[0.20599999999999996,0.20699999999999985,0.514],"Neck":[0.008000000000000007,0.5059999999999998,0.593],"Head":[-0.08800000000000008,0.6150000000000002,0.667]},"p1":{"LeftToe":[-0.911,-0.9219999999999999,0.028],"RightToe":[-1.151,-0.125,0.042],"LeftHeel":[-0.7250000000000001,-0.986,0.146],"RightHeel":[-0.9990000000000001,-0.29499999999999993,0.058],"LeftAnkle":[-0.7490000000000001,-0.9079999999999999,0.112],"RightAnkle":[-0.994,-0.20599999999999996,0.078],"LeftKnee":[-0.7,-0.4830000000000001,0.057],"RightKnee":[-0.621,-0.038000000000000034,0.207],"LeftHip":[-0.31200000000000006,-0.5329999999999999,0.239],"RightHip":[-0.391,-0.3660000000000001,0.371],"LeftShoulder":[0.2250000000000001,-0.28800000000000003,0.199],"RightShoulder":[0.1429999999999998,-0.18399999999999994,0.482],"LeftElbow":[-0.008999999999999897,-0.22199999999999998,0.046],"RightElbow":[-0.04499999999999993,0.016000000000000014,0.566],"LeftWrist":[-0.03400000000000003,-0.050000000000000044,0.244],"RightWrist":[0.06499999999999995,0.14800000000000013,0.355],"LeftHand":[-0.03499999999999992,0.017999999999999794,0.286],"RightHand":[0.1120000000000001,0.19200000000000017,0.308],"LeftFingers":[-0.04699999999999993,0.02400000000000002,0.363],"RightFingers":[0.16800000000000015,0.16500000000000004,0.26],"Core":[-0.133,-0.3340000000000001,0.291],"Neck":[0.24800000000000022,-0.2609999999999999,0.368],"Head":[0.40700000000000003,-0.21999999999999997,0.36]}}