{"p0":{"LeftToe":[0.7309999999999999,0.278,0.171],"RightToe":[-0.597,-0.754,0.328],"LeftHeel":[0.5310000000000001,0.17300000000000004,0.225],"RightHeel":[-0.5700000000000001,-0.625,0.517],"LeftAnkle":[0.56,0.2570000000000001,0.227],"RightAnkle":[-0.548,-0.619,0.434],"LeftKnee":[0.23399999999999999,0.5030000000000001,0.37],"RightKnee":[-0.3400000000000001,-0.29800000000000004,0.241],"LeftHip":[-0.123,0.2589999999999999,0.335],"RightHip":[-0.2729999999999999,0.12199999999999989,0.217],"LeftShoulder":[-0.3700000000000001,0.7469999999999999,0.285],"RightShoulder":[-0.6459999999999999,0.5960000000000001,0.206],"LeftElbow":[-0.19100000000000006,0.9199999999999999,0.138],"RightElbow":[-0.599,0.34299999999999997,0.079],"LeftWrist":[-0.361,1.0739999999999998,0.02],"RightWrist":[-0.7090000000000001,0.5899999999999999,0.057],"LeftHand":[-0.4039999999999999,1.124,0.062],"RightHand":[-0.758,0.653,0.076],"LeftFingers":[-0.46799999999999997,1.161,0.037],"RightFingers":[-0.7829999999999999,0.7080000000000002,0.02],"Core":[-0.3540000000000001,0.3769999999999998,0.27],"Neck":[-0.5389999999999999,0.7090000000000001,0.284],"Head":[-0.5760000000000001,0.8620000000000001,0.246]},"p1":{"LeftToe":[-0.5489999999999999,-0.256,0.556],"RightToe":[-0.5289999999999999,-0.7050000000000001,0.349],"LeftHeel":[-0.3660000000000001,-0.385,0.508],"RightHeel":[-0.43900000000000006,-0.645,0.552],"LeftAnkle":[-0.41500000000000004,-0.32800000000000007,0.458],"RightAnkle":[-0.472,-0.601,0.482],"LeftKnee":[-0.5009999999999999,-0.1180000000000001,0.094],"RightKnee":[-0.504,-0.17399999999999993,0.458],"LeftHip":[-0.07899999999999996,-0.20999999999999996,0.096],"RightHip":[-0.09499999999999997,-0.20999999999999996,0.325],"LeftShoulder":[0.12400000000000011,0.34299999999999997,0.089],"RightShoulder":[0.17799999999999994,0.29400000000000004,0.399],"LeftElbow":[-0.11699999999999999,0.5059999999999998,0.11],"RightElbow":[-0.09099999999999997,0.3660000000000001,0.491],"LeftWrist":[-0.2410000000000001,0.6890000000000001,0.248],"RightWrist":[0.04300000000000015,0.5339999999999998,0.329],"LeftHand":[-0.22199999999999998,0.7309999999999999,0.316],"RightHand":[0.08099999999999996,0.516,0.263],"LeftFingers":[-0.2869999999999999,0.7519999999999998,0.362],"RightFingers":[0.1419999999999999,0.46499999999999986,0.258],"Core":[0.028000000000000025,0.007000000000000117,0.217],"Neck":[0.21899999999999986,0.355,0.238],"Head":[0.29400000000000004,0.5009999999999999,0.205]}}