{"p0":{"LeftToe":[0.7330000000000001,0.24299999999999988,0.025],"RightToe":[0.2120000000000002,-0.40700000000000003,0.252],"LeftHeel":[0.694,0.019000000000000128,0.045],"RightHeel":[0.22299999999999986,-0.397,0.484],"LeftAnkle":[0.6669999999999998,0.08899999999999997,0.096],"RightAnkle":[0.19499999999999984,-0.34099999999999997,0.417],"LeftKnee":[0.45500000000000007,0.31099999999999994,0.396],"RightKnee":[0.06099999999999994,0.03600000000000003,0.254],"LeftHip":[0.3639999999999999,-0.03400000000000003,0.632],"RightHip":[0.1509999999999998,-0.1140000000000001,0.645],"LeftShoulder":[0.14900000000000002,0.5049999999999999,0.545],"RightShoulder":[-0.12400000000000011,0.3530000000000002,0.545],"LeftElbow":[0.2530000000000001,0.5590000000000002,0.281],"RightElbow":[-0.244,0.34299999999999997,0.282],"LeftWrist":[0.2519999999999998,0.5880000000000001,0.02],"RightWrist":[-0.30699999999999994,0.42300000000000004,0.031],"LeftHand":[0.2589999999999999,0.6600000000000001,0.059],"RightHand":[-0.33899999999999997,0.4870000000000001,0.061],"LeftFingers":[0.2530000000000001,0.73,0.02],"RightFingers":[-0.3620000000000001,0.5550000000000002,0.028],"Core":[0.16999999999999993,0.1549999999999998,0.658],"Neck":[-0.018000000000000016,0.488,0.588],"Head":[-0.09800000000000009,0.6160000000000001,0.525]},"p1":{"LeftToe":[0.31400000000000006,-0.33099999999999996,0.374],"RightToe":[-0.08200000000000007,-0.512,0.489],"LeftHeel":[0.13200000000000012,-0.33099999999999996,0.23],"RightHeel":[0.06800000000000006,-0.395,0.361],"LeftAnkle":[0.1509999999999998,-0.2869999999999999,0.308],"RightAnkle":[0.06000000000000005,-0.4039999999999999,0.451],"LeftKnee":[-0.129,-0.01200000000000001,0.49],"RightKnee":[0.31400000000000006,-0.05899999999999994,0.507],"LeftHip":[-0.028000000000000025,-0.15900000000000003,0.101],"RightHip":[0.20199999999999996,-0.15399999999999991,0.105],"LeftShoulder":[-0.1180000000000001,0.39400000000000013,0.137],"RightShoulder":[0.18299999999999983,0.44300000000000006,0.098],"LeftElbow":[-0.1379999999999999,0.1070000000000002,0.186],"RightElbow":[0.3540000000000001,0.20800000000000018,0.067],"LeftWrist":[0.10599999999999987,0.11699999999999999,0.282],"RightWrist":[0.44399999999999995,0.20699999999999985,0.322],"LeftHand":[0.15799999999999992,0.05900000000000016,0.305],"RightHand":[0.4950000000000001,0.18800000000000017,0.38],"LeftFingers":[0.16900000000000004,-0.010000000000000009,0.27],"RightFingers":[0.5249999999999999,0.24400000000000022,0.431],"Core":[0.08199999999999985,0.08499999999999996,0.105],"Neck":[0.021999999999999797,0.4950000000000001,0.149],"Head":[-0.0020000000000000018,0.6200000000000001,0.258]}}