{"p0":{"LeftToe":[0.5209999999999999,-0.6859999999999999,0.033],"RightToe":[-0.31099999999999994,-0.2310000000000001,0.027],"LeftHeel":[0.4159999999999999,-0.6699999999999999,0.234],"RightHeel":[-0.18599999999999994,-0.42199999999999993,0.03],"LeftAnkle":[0.45199999999999996,-0.6040000000000001,0.18],"RightAnkle":[-0.20399999999999996,-0.3620000000000001,0.096],"LeftKnee":[0.5169999999999999,-0.2849999999999999,0.448],"RightKnee":[-0.23199999999999998,-0.09899999999999998,0.425],"LeftHip":[0.20900000000000007,-0.548,0.618],"RightHip":[0.041999999999999815,-0.395,0.598],"LeftShoulder":[0.27700000000000014,-0.06699999999999995,0.929],"RightShoulder":[-0.020000000000000018,-0.12200000000000011,0.985],"LeftElbow":[0.3860000000000001,-0.19900000000000007,0.693],"RightElbow":[-0.02499999999999991,-0.04800000000000004,0.706],"LeftWrist":[0.3679999999999999,0.03399999999999981,0.586],"RightWrist":[0.02300000000000013,0.11900000000000022,0.502],"LeftHand":[0.3889999999999998,0.08599999999999985,0.646],"RightHand":[-0.014999999999999902,0.18500000000000005,0.473],"LeftFingers":[0.3849999999999998,0.16400000000000015,0.643],"RightFingers":[0.021999999999999797,0.23899999999999988,0.428],"Core":[0.16400000000000015,-0.40700000000000003,0.841],"Neck":[0.125,-0.028999999999999915,1.006],"Head":[0.1120000000000001,0.13200000000000012,1.024]},"p1":{"LeftToe":[0.1349999999999998,-0.46199999999999997,0.033],"RightToe":[0.2879999999999998,-0.41700000000000004,0.025],"LeftHeel":[0.17300000000000004,-0.23399999999999999,0.031],"RightHeel":[0.32600000000000007,-0.18900000000000006,0.03],"LeftAnkle":[0.12400000000000011,-0.29000000000000004,0.083],"RightAnkle":[0.2509999999999999,-0.2430000000000001,0.036],"LeftKnee":[-0.07000000000000006,-0.1140000000000001,0.409],"RightKnee":[0.45699999999999985,-0.10099999999999998,0.372],"LeftHip":[0.05699999999999994,0.18400000000000016,0.113],"RightHip":[0.28500000000000014,0.19499999999999984,0.092],"LeftShoulder":[0.051000000000000156,0.2320000000000002,0.611],"RightShoulder":[0.3420000000000001,0.14800000000000013,0.558],"LeftElbow":[-0.16100000000000003,0.06000000000000005,0.519],"RightElbow":[0.504,0.16800000000000015,0.321],"LeftWrist":[0.09399999999999986,0.016000000000000014,0.531],"RightWrist":[0.5419999999999998,-0.09499999999999997,0.346],"LeftHand":[0.1469999999999998,-0.03699999999999992,0.563],"RightHand":[0.5880000000000001,-0.16300000000000003,0.359],"LeftFingers":[0.19499999999999984,-0.006999999999999895,0.621],"RightFingers":[0.548,-0.2330000000000001,0.36],"Core":[0.18400000000000016,0.3490000000000002,0.288],"Neck":[0.19799999999999995,0.14900000000000002,0.653],"Head":[0.17700000000000005,0.04400000000000004,0.775]}}