{"p0":{"LeftToe":[-0.06800000000000006,0.911,0.333],"RightToe":[0.2839999999999998,0.935,0.039],"LeftHeel":[-0.2849999999999999,0.8340000000000001,0.303],"RightHeel":[0.06999999999999984,1.0019999999999998,0.084],"LeftAnkle":[-0.20199999999999996,0.798,0.283],"RightAnkle":[0.121,0.9340000000000002,0.12],"LeftKnee":[-0.09400000000000008,0.45500000000000007,0.05],"RightKnee":[-0.06400000000000006,0.657,0.395],"LeftHip":[-0.506,0.552,0.107],"RightHip":[-0.45300000000000007,0.7389999999999999,0.236],"LeftShoulder":[-0.732,0.29800000000000004,0.584],"RightShoulder":[-0.548,0.5470000000000002,0.706],"LeftElbow":[-0.746,0.2789999999999999,0.293],"RightElbow":[-0.4990000000000001,0.7170000000000001,0.476],"LeftWrist":[-0.71,0.20000000000000018,0.045],"RightWrist":[-0.3560000000000001,0.5409999999999999,0.329],"LeftHand":[-0.681,0.13200000000000012,0.067],"RightHand":[-0.30400000000000005,0.488,0.293],"LeftFingers":[-0.645,0.07500000000000018,0.025],"RightFingers":[-0.3340000000000001,0.44899999999999984,0.229],"Core":[-0.627,0.5630000000000002,0.347],"Neck":[-0.6220000000000001,0.3929999999999998,0.682],"Head":[-0.5169999999999999,0.29700000000000015,0.769]},"p1":{"LeftToe":[-1.482,0.968,0.025],"RightToe":[-1.4140000000000001,0.41400000000000015,0.079],"LeftHeel":[-1.2610000000000001,0.9540000000000002,0.081],"RightHeel":[-1.2229999999999999,0.5270000000000001,0.03],"LeftAnkle":[-1.339,0.9580000000000002,0.13],"RightAnkle":[-1.255,0.492,0.106],"LeftKnee":[-1.073,0.9409999999999998,0.466],"RightKnee":[-1.022,0.4969999999999999,0.469],"LeftHip":[-0.863,0.9649999999999999,0.094],"RightHip":[-0.903,0.7429999999999999,0.135],"LeftShoulder":[-0.30899999999999994,0.9689999999999999,0.081],"RightShoulder":[-0.31699999999999995,0.6419999999999999,0.16],"LeftElbow":[-0.5820000000000001,1.065,0.124],"RightElbow":[-0.4139999999999999,0.43100000000000005,0.333],"LeftWrist":[-0.4570000000000001,0.915,0.292],"RightWrist":[-0.621,0.3969999999999998,0.167],"LeftHand":[-0.49,0.8809999999999998,0.359],"RightHand":[-0.6839999999999999,0.3450000000000002,0.16],"LeftFingers":[-0.46399999999999997,0.81,0.38],"RightFingers":[-0.748,0.3730000000000002,0.116],"Core":[-0.6419999999999999,0.815,0.1],"Neck":[-0.276,0.7959999999999998,0.086],"Head":[-0.1120000000000001,0.7810000000000001,0.11]}}