{"p0":{"LeftToe":[0.5990000000000002,0.9569999999999999,0.443],"RightToe":[0.786,1.1480000000000001,0.025],"LeftHeel":[0.6309999999999998,0.8940000000000001,0.227],"RightHeel":[0.5630000000000002,1.096,0.06],"LeftAnkle":[0.6760000000000002,0.8679999999999999,0.304],"RightAnkle":[0.6389999999999998,1.0830000000000002,0.102],"LeftKnee":[0.851,0.56,0.058],"RightKnee":[0.7770000000000001,0.8839999999999999,0.454],"LeftHip":[0.42399999999999993,0.544,0.09],"RightHip":[0.43900000000000006,0.718,0.242],"LeftShoulder":[0.649,0.238,0.391],"RightShoulder":[0.5619999999999998,0.43199999999999994,0.654],"LeftElbow":[0.6440000000000001,0.22199999999999998,0.101],"RightElbow":[0.5169999999999999,0.702,0.551],"LeftWrist":[0.8650000000000002,0.3500000000000001,0.04],"RightWrist":[0.7519999999999998,0.8220000000000001,0.482],"LeftHand":[0.9249999999999998,0.3969999999999998,0.058],"RightHand":[0.8279999999999998,0.8490000000000002,0.499],"LeftFingers":[0.9950000000000001,0.40600000000000014,0.024],"RightFingers":[0.8740000000000001,0.8730000000000002,0.435],"Core":[0.3690000000000002,0.4780000000000002,0.344],"Neck":[0.633,0.30500000000000016,0.553],"Head":[0.7610000000000001,0.24299999999999988,0.639]},"p1":{"LeftToe":[-0.30699999999999994,1.3599999999999999,0.074],"RightToe":[-0.43100000000000005,1.092,0.027],"LeftHeel":[-0.07899999999999996,1.35,0.073],"RightHeel":[-0.20500000000000007,1.089,0.054],"LeftAnkle":[-0.1399999999999999,1.31,0.127],"RightAnkle":[-0.2689999999999999,1.028,0.081],"LeftKnee":[0.07799999999999985,1.241,0.494],"RightKnee":[-0.1180000000000001,0.6970000000000001,0.304],"LeftHip":[0.2559999999999998,1.1560000000000001,0.114],"RightHip":[0.16100000000000003,0.948,0.094],"LeftShoulder":[0.8010000000000002,0.9239999999999999,0.083],"RightShoulder":[0.649,0.6579999999999999,0.142],"LeftElbow":[0.7269999999999999,1.194,0.149],"RightElbow":[0.5430000000000001,0.40700000000000003,0.235],"LeftWrist":[0.7759999999999998,0.9500000000000002,0.231],"RightWrist":[0.2789999999999999,0.3780000000000001,0.262],"LeftHand":[0.786,0.8740000000000001,0.249],"RightHand":[0.22100000000000009,0.42300000000000004,0.293],"LeftFingers":[0.742,0.827,0.293],"RightFingers":[0.21499999999999986,0.45599999999999996,0.362],"Core":[0.43199999999999994,0.9529999999999998,0.111],"Neck":[0.786,0.7509999999999999,0.089],"Head":[0.9340000000000002,0.7280000000000002,0.152]}}