{"p0":{"LeftToe":[-0.583,0.35599999999999987,0.232],"RightToe":[-0.32000000000000006,-0.562,0.363],"LeftHeel":[-0.3620000000000001,0.375,0.176],"RightHeel":[-0.2490000000000001,-0.365,0.273],"LeftAnkle":[-0.405,0.31499999999999995,0.232],"RightAnkle":[-0.20300000000000007,-0.42999999999999994,0.322],"LeftKnee":[-0.21999999999999997,-0.03200000000000003,0.411],"RightKnee":[0.20900000000000007,-0.29699999999999993,0.314],"LeftHip":[0.01100000000000012,0.2360000000000002,0.169],"RightHip":[0.19300000000000006,0.09600000000000009,0.136],"LeftShoulder":[0.18299999999999983,0.14000000000000012,0.635],"RightShoulder":[0.4940000000000002,0.2519999999999998,0.573],"LeftElbow":[0.11900000000000022,-0.08200000000000007,0.457],"RightElbow":[0.5339999999999998,0.31400000000000006,0.291],"LeftWrist":[0.20699999999999985,-0.32200000000000006,0.398],"RightWrist":[0.637,0.274,0.043],"LeftHand":[0.2400000000000002,-0.381,0.353],"RightHand":[0.7080000000000002,0.2549999999999999,0.066],"LeftFingers":[0.2549999999999999,-0.359,0.274],"RightFingers":[0.7629999999999999,0.20699999999999985,0.036],"Core":[0.238,0.29800000000000004,0.307],"Neck":[0.347,0.20500000000000007,0.66],"Head":[0.40600000000000014,0.09299999999999997,0.767]},"p1":{"LeftToe":[-0.3959999999999999,0.8780000000000001,0.059],"RightToe":[-0.7290000000000001,0.7450000000000001,0.04],"LeftHeel":[-0.32200000000000006,0.6629999999999998,0.074],"RightHeel":[-0.6419999999999999,0.5329999999999999,0.038],"LeftAnkle":[-0.355,0.7210000000000001,0.132],"RightAnkle":[-0.665,0.5880000000000001,0.108],"LeftKnee":[-0.4570000000000001,0.5169999999999999,0.496],"RightKnee":[-0.702,0.2400000000000002,0.359],"LeftHip":[-0.22199999999999998,0.30699999999999994,0.203],"RightHip":[-0.369,0.17200000000000015,0.091],"LeftShoulder":[-0.01200000000000001,-0.2230000000000001,0.288],"RightShoulder":[-0.18700000000000006,-0.28600000000000003,0.08],"LeftElbow":[0.1629999999999998,-0.0040000000000000036,0.362],"RightElbow":[-0.405,-0.10699999999999998,0.154],"LeftWrist":[0.3490000000000002,0.07500000000000018,0.194],"RightWrist":[-0.21199999999999997,-0.10200000000000009,0.345],"LeftHand":[0.3809999999999998,0.11500000000000021,0.131],"RightHand":[-0.15100000000000002,-0.10000000000000009,0.399],"LeftFingers":[0.4580000000000002,0.129,0.124],"RightFingers":[-0.14500000000000002,-0.038000000000000034,0.452],"Core":[-0.11499999999999999,0.07900000000000018,0.1],"Neck":[-0.020999999999999908,-0.2809999999999999,0.124],"Head":[-0.02400000000000002,-0.43500000000000005,0.178]}}