{"p0":{"LeftToe":[0.41800000000000015,0.39800000000000013,0.025],"RightToe":[0.4910000000000001,0.778,0.161],"LeftHeel":[0.35199999999999987,0.5939999999999999,0.131],"RightHeel":[0.274,0.8340000000000001,0.101],"LeftAnkle":[0.4009999999999998,0.5720000000000001,0.059],"RightAnkle":[0.35199999999999987,0.8780000000000001,0.101],"LeftKnee":[0.46799999999999997,0.9950000000000001,0.064],"RightKnee":[-0.06000000000000005,1.005,0.059],"LeftHip":[0.26900000000000013,0.6960000000000002,0.306],"RightHip":[0.040000000000000036,0.6699999999999999,0.307],"LeftShoulder":[0.274,0.9329999999999998,0.731],"RightShoulder":[-0.05699999999999994,0.8940000000000001,0.711],"LeftElbow":[0.2669999999999999,0.8999999999999999,0.44],"RightElbow":[-0.08899999999999997,0.8559999999999999,0.425],"LeftWrist":[0.2240000000000002,0.9630000000000001,0.181],"RightWrist":[-0.03299999999999992,0.9900000000000002,0.206],"LeftHand":[0.20999999999999996,0.9910000000000001,0.108],"RightHand":[-0.016000000000000014,1.0470000000000002,0.151],"LeftFingers":[0.1379999999999999,1.0139999999999998,0.083],"RightFingers":[0.06000000000000005,1.0499999999999998,0.123],"Core":[0.15600000000000014,0.637,0.547],"Neck":[0.10000000000000009,0.944,0.764],"Head":[0.08400000000000007,1.0990000000000002,0.824]},"p1":{"LeftToe":[-0.26,-0.28800000000000003,0.027],"RightToe":[0.03399999999999981,-0.32400000000000007,0.025],"LeftHeel":[-0.20700000000000007,-0.062000000000000055,0.03],"RightHeel":[0.052999999999999936,-0.09699999999999998,0.032],"LeftAnkle":[-0.244,-0.119,0.093],"RightAnkle":[0.04599999999999982,-0.15799999999999992,0.1],"LeftKnee":[-0.2729999999999999,0.016999999999999904,0.501],"RightKnee":[0.008000000000000007,-0.06899999999999995,0.517],"LeftHip":[-0.16100000000000003,0.20100000000000007,0.132],"RightHip":[0.05900000000000016,0.14400000000000013,0.145],"LeftShoulder":[-0.06099999999999994,0.774,0.082],"RightShoulder":[0.22999999999999998,0.7080000000000002,0.098],"LeftElbow":[-0.278,0.5840000000000001,0.045],"RightElbow":[0.3039999999999998,0.9199999999999999,0.285],"LeftWrist":[-0.09299999999999997,0.6859999999999999,0.212],"RightWrist":[0.32600000000000007,1.126,0.125],"LeftHand":[-0.14300000000000002,0.7370000000000001,0.253],"RightHand":[0.363,1.101,0.061],"LeftFingers":[-0.10499999999999998,0.79,0.301],"RightFingers":[0.41400000000000015,1.153,0.021],"Core":[0.009999999999999787,0.41100000000000003,0.125],"Neck":[0.10499999999999998,0.8319999999999999,0.083],"Head":[0.12300000000000022,0.9260000000000002,0.219]}}