{"p0":{"LeftToe":[1.682,0.7509999999999999,0.025],"RightToe":[1.7080000000000002,0.12400000000000011,0.025],"LeftHeel":[1.4940000000000002,0.665,0.12],"RightHeel":[1.5299999999999998,0.21399999999999997,0.135],"LeftAnkle":[1.505,0.7290000000000001,0.055],"RightAnkle":[1.5379999999999998,0.1629999999999998,0.062],"LeftKnee":[1.0779999999999998,0.7429999999999999,0.052],"RightKnee":[1.129,0.03500000000000014,0.05],"LeftHip":[0.758,0.4870000000000001,0.182],"RightHip":[0.81,0.2669999999999999,0.216],"LeftShoulder":[0.19399999999999995,0.387,0.316],"RightShoulder":[0.27300000000000013,0.09100000000000019,0.184],"LeftElbow":[0.2280000000000002,0.4900000000000002,0.046],"RightElbow":[0.528,0.017999999999999794,0.075],"LeftWrist":[0.2160000000000002,0.2290000000000001,0.024],"RightWrist":[0.30900000000000016,0.16800000000000015,0.023],"LeftHand":[0.19200000000000017,0.15200000000000014,0.021],"RightHand":[0.2719999999999998,0.10899999999999999,0.056],"LeftFingers":[0.23899999999999988,0.08999999999999986,0.02],"RightFingers":[0.20900000000000007,0.06700000000000017,0.035],"Core":[0.5499999999999998,0.32399999999999984,0.249],"Neck":[0.21799999999999997,0.21300000000000008,0.297],"Head":[0.05799999999999983,0.22199999999999998,0.329]},"p1":{"LeftToe":[-1.0270000000000001,0.16199999999999992,0.025],"RightToe":[-0.857,-0.2470000000000001,0.064],"LeftHeel":[-0.8009999999999999,0.18800000000000017,0.036],"RightHeel":[-0.659,-0.133,0.037],"LeftAnkle":[-0.865,0.18800000000000017,0.102],"RightAnkle":[-0.706,-0.16399999999999992,0.11],"LeftKnee":[-0.6359999999999999,0.23399999999999999,0.465],"RightKnee":[-0.605,-0.1359999999999999,0.524],"LeftHip":[-0.43300000000000005,0.17799999999999994,0.093],"RightHip":[-0.3740000000000001,-0.030000000000000027,0.176],"LeftShoulder":[0.11100000000000021,0.3809999999999998,0.126],"RightShoulder":[0.19200000000000017,0.06000000000000005,0.08],"LeftElbow":[0.052999999999999936,0.5950000000000002,0.315],"RightElbow":[-0.06800000000000006,-0.07400000000000007,0.071],"LeftWrist":[-0.0040000000000000036,0.34799999999999986,0.26],"RightWrist":[0.1120000000000001,0.05500000000000016,0.222],"LeftHand":[-0.06400000000000006,0.2999999999999998,0.289],"RightHand":[0.18599999999999994,0.07900000000000018,0.234],"LeftFingers":[-0.06800000000000006,0.2290000000000001,0.249],"RightFingers":[0.20000000000000018,0.1499999999999999,0.273],"Core":[-0.16999999999999993,0.13600000000000012,0.11],"Neck":[0.20699999999999985,0.23499999999999988,0.097],"Head":[0.34799999999999986,0.30200000000000005,0.16]}}