{"p0":{"LeftToe":[-0.15700000000000003,0.7469999999999999,0.185],"RightToe":[0.09200000000000008,-0.32000000000000006,0.025],"LeftHeel":[-0.18799999999999994,0.7549999999999999,0.414],"RightHeel":[0.22199999999999998,-0.127,0.037],"LeftAnkle":[-0.17500000000000004,0.6920000000000002,0.352],"RightAnkle":[0.17200000000000015,-0.17399999999999993,0.098],"LeftKnee":[-0.32600000000000007,0.30799999999999983,0.468],"RightKnee":[0.04400000000000004,-0.1279999999999999,0.509],"LeftHip":[-0.21999999999999997,0.19799999999999995,0.873],"RightHip":[-0.020000000000000018,0.08300000000000018,0.881],"LeftShoulder":[-0.371,-0.07899999999999996,1.388],"RightShoulder":[-0.06899999999999995,-0.17900000000000005,1.363],"LeftElbow":[-0.4730000000000001,0.14400000000000013,1.238],"RightElbow":[0.09299999999999997,-0.04299999999999993,1.167],"LeftWrist":[-0.4750000000000001,-0.1160000000000001,1.202],"RightWrist":[-0.09800000000000009,-0.16399999999999992,1.015],"LeftHand":[-0.4730000000000001,-0.19399999999999995,1.177],"RightHand":[-0.15300000000000002,-0.21399999999999997,0.981],"LeftFingers":[-0.44900000000000007,-0.21199999999999997,1.1],"RightFingers":[-0.18599999999999994,-0.18900000000000006,0.91],"Core":[-0.18199999999999994,0.05500000000000016,1.098],"Neck":[-0.2330000000000001,-0.18300000000000005,1.415],"Head":[-0.31400000000000006,-0.30499999999999994,1.485]},"p1":{"LeftToe":[0.1299999999999999,0.8410000000000002,0.256],"RightToe":[-0.7989999999999999,0.8109999999999999,0.062],"LeftHeel":[-0.03299999999999992,0.7290000000000001,0.14],"RightHeel":[-0.863,0.589,0.088],"LeftAnkle":[-0.01200000000000001,0.7330000000000001,0.227],"RightAnkle":[-0.829,0.6539999999999999,0.138],"LeftKnee":[-0.18999999999999995,0.5459999999999998,0.57],"RightKnee":[-0.776,0.7280000000000002,0.557],"LeftHip":[-0.514,0.31400000000000006,0.725],"RightHip":[-0.7370000000000001,0.355,0.77],"LeftShoulder":[-0.41999999999999993,-0.16799999999999993,0.955],"RightShoulder":[-0.5880000000000001,-0.03200000000000003,1.209],"LeftElbow":[-0.1339999999999999,-0.11499999999999999,0.938],"RightElbow":[-0.8009999999999999,0.16400000000000015,1.234],"LeftWrist":[0.009999999999999787,-0.0040000000000000036,1.123],"RightWrist":[-0.5389999999999999,0.1120000000000001,1.251],"LeftHand":[0.040999999999999925,0.017999999999999794,1.196],"RightHand":[-0.5449999999999999,0.09200000000000008,1.33],"LeftFingers":[0.02300000000000013,0.09299999999999997,1.22],"RightFingers":[-0.486,0.040999999999999925,1.356],"Core":[-0.633,0.1280000000000001,0.879],"Neck":[-0.46599999999999997,-0.12200000000000011,1.116],"Head":[-0.33299999999999996,-0.19300000000000006,1.179]}}