{"p0":{"LeftToe":[-0.617,-0.369,0.025],"RightToe":[-0.79,0.028999999999999915,0.059],"LeftHeel":[-0.46599999999999997,-0.359,0.196],"RightHeel":[-0.643,0.029999999999999805,0.235],"LeftAnkle":[-0.4570000000000001,-0.3620000000000001,0.105],"RightAnkle":[-0.6419999999999999,0.06099999999999994,0.153],"LeftKnee":[-0.03400000000000003,-0.42199999999999993,0.052],"RightKnee":[-0.28400000000000003,0.2839999999999998,0.083],"LeftHip":[-0.16500000000000004,-0.2490000000000001,0.422],"RightHip":[-0.2509999999999999,-0.04699999999999993,0.357],"LeftShoulder":[0.3740000000000001,0,0.464],"RightShoulder":[0.2120000000000002,0.2519999999999998,0.338],"LeftElbow":[0.34799999999999986,-0.28800000000000003,0.474],"RightElbow":[0.1499999999999999,0.3570000000000002,0.077],"LeftWrist":[0.3999999999999999,-0.3320000000000001,0.226],"RightWrist":[0.01399999999999979,0.129,0.02],"LeftHand":[0.391,-0.31099999999999994,0.152],"RightHand":[-0.026000000000000023,0.06300000000000017,0.021],"LeftFingers":[0.3809999999999998,-0.238,0.125],"RightFingers":[-0.07099999999999995,0.03699999999999992,0.08],"Core":[0.009999999999999787,-0.040999999999999925,0.433],"Neck":[0.3530000000000002,0.1549999999999998,0.379],"Head":[0.504,0.11699999999999999,0.332]},"p1":{"LeftToe":[-0.12400000000000011,0.2120000000000002,0.086],"RightToe":[-0.6000000000000001,-0.1279999999999999,0.042],"LeftHeel":[-0.04400000000000004,-0.0009999999999998899,0.077],"RightHeel":[-0.41700000000000004,-0.21999999999999997,0.144],"LeftAnkle":[-0.0040000000000000036,0.07900000000000018,0.059],"RightAnkle":[-0.43700000000000006,-0.137,0.113],"LeftKnee":[0.4209999999999998,0.12199999999999989,0.052],"RightKnee":[-0.06299999999999994,0.06800000000000006,0.153],"LeftHip":[0.20100000000000007,-0.248,0.09],"RightHip":[0.1349999999999998,-0.2809999999999999,0.31],"LeftShoulder":[0.7000000000000002,0.009999999999999787,0.241],"RightShoulder":[0.5510000000000002,0.03299999999999992,0.534],"LeftElbow":[0.7730000000000001,0.2250000000000001,0.059],"RightElbow":[0.2919999999999998,-0.05499999999999994,0.622],"LeftWrist":[0.734,0.4790000000000001,0.03],"RightWrist":[0.18699999999999983,-0.16199999999999992,0.398],"LeftHand":[0.7570000000000001,0.5539999999999998,0.044],"RightHand":[0.17600000000000016,-0.133,0.324],"LeftFingers":[0.7080000000000002,0.6139999999999999,0.02],"RightFingers":[0.23099999999999987,-0.08099999999999996,0.296],"Core":[0.3780000000000001,-0.17199999999999993,0.276],"Neck":[0.653,0.06599999999999984,0.397],"Head":[0.7269999999999999,0.17399999999999993,0.496]}}