{"p0":{"LeftToe":[0.47299999999999986,-0.29699999999999993,0.025],"RightToe":[0.06099999999999994,-0.43300000000000005,0.025],"LeftHeel":[0.41900000000000004,-0.1100000000000001,0.144],"RightHeel":[0.10000000000000009,-0.2290000000000001,0.128],"LeftAnkle":[0.46499999999999986,-0.1200000000000001,0.065],"RightAnkle":[0.04999999999999982,-0.258,0.058],"LeftKnee":[0.5259999999999998,0.29800000000000004,0.065],"RightKnee":[-0.010999999999999899,0.16000000000000014,0.06],"LeftHip":[0.379,-0.038000000000000034,0.308],"RightHip":[0.16599999999999993,-0.121,0.347],"LeftShoulder":[0.3879999999999999,0.399,0.529],"RightShoulder":[0.09399999999999986,0.3769999999999998,0.59],"LeftElbow":[0.4740000000000002,0.45199999999999996,0.256],"RightElbow":[-0.17599999999999993,0.27,0.577],"LeftWrist":[0.44700000000000006,0.5760000000000001,0.027],"RightWrist":[-0.08499999999999996,0.07600000000000007,0.409],"LeftHand":[0.4129999999999998,0.6299999999999999,0.075],"RightHand":[-0.03499999999999992,0.01100000000000012,0.416],"LeftFingers":[0.367,0.6890000000000001,0.055],"RightFingers":[0.015000000000000124,-0.008000000000000007,0.353],"Core":[0.2599999999999998,0.04999999999999982,0.534],"Neck":[0.2549999999999999,0.42200000000000015,0.643],"Head":[0.2200000000000002,0.5830000000000002,0.671]},"p1":{"LeftToe":[-0.10200000000000009,0.7370000000000001,0.738],"RightToe":[-0.05899999999999994,0.7090000000000001,0.878],"LeftHeel":[-0.16500000000000004,0.6099999999999999,0.554],"RightHeel":[-0.062000000000000055,0.6019999999999999,0.676],"LeftAnkle":[-0.12200000000000011,0.5979999999999999,0.631],"RightAnkle":[-0.09200000000000008,0.5819999999999999,0.757],"LeftKnee":[0.007000000000000117,0.20699999999999985,0.696],"RightKnee":[-0.28800000000000003,0.21700000000000008,0.694],"LeftHip":[-0.09499999999999997,0.2629999999999999,0.27],"RightHip":[-0.32000000000000006,0.29700000000000015,0.261],"LeftShoulder":[-0.1439999999999999,-0.278,0.153],"RightShoulder":[-0.46599999999999997,-0.20799999999999996,0.116],"LeftElbow":[0.08000000000000007,-0.272,0.322],"RightElbow":[-0.403,0.019000000000000128,0.283],"LeftWrist":[0.2450000000000001,-0.16300000000000003,0.472],"RightWrist":[-0.17199999999999993,0.05600000000000005,0.418],"LeftHand":[0.2909999999999999,-0.1339999999999999,0.536],"RightHand":[-0.1100000000000001,0.06300000000000017,0.473],"LeftFingers":[0.3340000000000001,-0.07299999999999995,0.546],"RightFingers":[-0.03499999999999992,0.07500000000000018,0.454],"Core":[-0.23399999999999999,0.07799999999999985,0.134],"Neck":[-0.31600000000000006,-0.28,0.158],"Head":[-0.32099999999999995,-0.395,0.278]}}