{"p0":{"LeftToe":[0.5510000000000002,0.5640000000000001,0.038],"RightToe":[0.28500000000000014,0.5830000000000002,0.076],"LeftHeel":[0.4660000000000002,0.35199999999999987,0.03],"RightHeel":[0.2599999999999998,0.3530000000000002,0.054],"LeftAnkle":[0.45999999999999996,0.4159999999999999,0.095],"RightAnkle":[0.21099999999999985,0.41999999999999993,0.082],"LeftKnee":[0.2589999999999999,0.29400000000000004,0.444],"RightKnee":[-0.11499999999999999,0.20400000000000018,0.229],"LeftHip":[0.2290000000000001,0.028000000000000025,0.093],"RightHip":[0.08899999999999997,-0.15799999999999992,0.09],"LeftShoulder":[0.32299999999999995,-0.03600000000000003,0.589],"RightShoulder":[0.03200000000000003,-0.16399999999999992,0.501],"LeftElbow":[0.5070000000000001,-0.026000000000000023,0.366],"RightElbow":[-0.16700000000000004,-0.10200000000000009,0.304],"LeftWrist":[0.5870000000000002,0.03699999999999992,0.13],"RightWrist":[0.03100000000000014,0.08099999999999996,0.319],"LeftHand":[0.5910000000000002,0.10899999999999999,0.098],"RightHand":[0,0.15399999999999991,0.334],"LeftFingers":[0.6030000000000002,0.11900000000000022,0.02],"RightFingers":[0.04899999999999993,0.21799999999999997,0.318],"Core":[0.30500000000000016,-0.18199999999999994,0.249],"Neck":[0.15200000000000014,-0.08400000000000007,0.597],"Head":[0.07299999999999995,-0.07099999999999995,0.745]},"p1":{"LeftToe":[-0.02400000000000002,-0.40900000000000003,1.016],"RightToe":[-0.78,0.1379999999999999,1.062],"LeftHeel":[-0.11499999999999999,-0.19599999999999995,1.001],"RightHeel":[-0.7769999999999999,0.28600000000000003,0.883],"LeftAnkle":[-0.08099999999999996,-0.256,0.945],"RightAnkle":[-0.7450000000000001,0.20599999999999996,0.9],"LeftKnee":[-0.1479999999999999,-0.038000000000000034,0.591],"RightKnee":[-0.494,-0.028000000000000025,0.663],"LeftHip":[-0.2270000000000001,0.31899999999999995,0.346],"RightHip":[-0.45599999999999996,0.30600000000000005,0.381],"LeftShoulder":[-0.1379999999999999,-0.05600000000000005,0.08],"RightShoulder":[-0.472,-0.133,0.104],"LeftElbow":[0.06599999999999984,0.15200000000000014,0.077],"RightElbow":[-0.675,-0.15300000000000002,0.307],"LeftWrist":[0.09600000000000009,-0.028999999999999915,0.265],"RightWrist":[-0.4039999999999999,-0.15399999999999991,0.282],"LeftHand":[0.10099999999999998,-0.08299999999999996,0.325],"RightHand":[-0.32800000000000007,-0.1339999999999999,0.294],"LeftFingers":[0.03399999999999981,-0.11499999999999999,0.356],"RightFingers":[-0.2869999999999999,-0.08099999999999996,0.245],"Core":[-0.3740000000000001,0.2200000000000002,0.141],"Neck":[-0.29899999999999993,-0.123,0.108],"Head":[-0.2569999999999999,-0.2829999999999999,0.11]}}