{"p0":{"LeftToe":[-0.601,-0.15999999999999992,0.031],"RightToe":[-0.010999999999999899,-0.42900000000000005,0.025],"LeftHeel":[-0.43500000000000005,-0.0040000000000000036,0.031],"RightHeel":[0.052999999999999936,-0.20999999999999996,0.03],"LeftAnkle":[-0.4990000000000001,-0.02499999999999991,0.092],"RightAnkle":[0.0129999999999999,-0.2609999999999999,0.089],"LeftKnee":[-0.4019999999999999,0.3210000000000002,0.332],"RightKnee":[0.08800000000000008,-0.06099999999999994,0.46],"LeftHip":[-0.030000000000000027,0.363,0.123],"RightHip":[0.16100000000000003,0.2370000000000001,0.158],"LeftShoulder":[0.007000000000000117,0.8170000000000002,0.15],"RightShoulder":[0.24400000000000022,0.7570000000000001,0.39],"LeftElbow":[-0.21999999999999997,0.641,0.132],"RightElbow":[0.2120000000000002,0.5089999999999999,0.532],"LeftWrist":[-0.09800000000000009,0.556,0.348],"RightWrist":[0.2530000000000001,0.34799999999999986,0.319],"LeftHand":[-0.10699999999999998,0.577,0.427],"RightHand":[0.21899999999999986,0.2959999999999998,0.272],"LeftFingers":[-0.052000000000000046,0.548,0.481],"RightFingers":[0.14000000000000012,0.30100000000000016,0.253],"Core":[0.20000000000000018,0.5030000000000001,0.121],"Neck":[0.10599999999999987,0.802,0.297],"Head":[0.020000000000000018,0.8889999999999998,0.406]},"p1":{"LeftToe":[0.43599999999999994,1.1280000000000001,0.466],"RightToe":[0.39800000000000013,1.1760000000000002,0.358],"LeftHeel":[0.30100000000000016,0.9870000000000001,0.341],"RightHeel":[0.262,1.037,0.238],"LeftAnkle":[0.3450000000000002,0.9830000000000001,0.418],"RightAnkle":[0.2749999999999999,1.0499999999999998,0.324],"LeftKnee":[0.5009999999999999,0.6139999999999999,0.569],"RightKnee":[0.08599999999999985,0.8479999999999999,0.651],"LeftHip":[0.20599999999999996,0.47299999999999986,0.291],"RightHip":[0,0.5579999999999998,0.343],"LeftShoulder":[0.09799999999999986,-0.008999999999999897,0.605],"RightShoulder":[-0.16100000000000003,0.19700000000000006,0.694],"LeftElbow":[0.30699999999999994,0.08400000000000007,0.43],"RightElbow":[-0.1120000000000001,0.44799999999999995,0.552],"LeftWrist":[0.48,0.2360000000000002,0.314],"RightWrist":[0.12699999999999978,0.5710000000000002,0.554],"LeftHand":[0.52,0.2719999999999998,0.375],"RightHand":[0.19099999999999984,0.609,0.584],"LeftFingers":[0.5699999999999998,0.3330000000000002,0.349],"RightFingers":[0.2599999999999998,0.6150000000000002,0.549],"Core":[0.03200000000000003,0.2919999999999998,0.395],"Neck":[-0.05400000000000005,0.05699999999999994,0.67],"Head":[-0.04699999999999993,0.01200000000000001,0.83]}}