{"p0":{"LeftToe":[0.5870000000000002,-0.5449999999999999,0.025],"RightToe":[0.02400000000000002,-0.5720000000000001,0.025],"LeftHeel":[0.5209999999999999,-0.3620000000000001,0.145],"RightHeel":[0.016999999999999904,-0.3879999999999999,0.159],"LeftAnkle":[0.5720000000000001,-0.369,0.069],"RightAnkle":[-0.006999999999999895,-0.3979999999999999,0.071],"LeftKnee":[0.609,0.051000000000000156,0.055],"RightKnee":[-0.121,0.008000000000000007,0.055],"LeftHip":[0.31800000000000006,-0.0129999999999999,0.375],"RightHip":[0.10199999999999987,-0.07400000000000007,0.422],"LeftShoulder":[0.005999999999999783,0.4980000000000002,0.203],"RightShoulder":[-0.20399999999999996,0.30299999999999994,0.286],"LeftElbow":[0.2759999999999998,0.5979999999999999,0.188],"RightElbow":[-0.29899999999999993,0.17499999999999982,0.045],"LeftWrist":[0.40200000000000014,0.43299999999999983,0.349],"RightWrist":[-0.18999999999999995,0.41800000000000015,0.049],"LeftHand":[0.42700000000000005,0.3759999999999999,0.402],"RightHand":[-0.17300000000000004,0.492,0.029],"LeftFingers":[0.43699999999999983,0.2999999999999998,0.374],"RightFingers":[-0.1279999999999999,0.5419999999999998,0.069],"Core":[0.137,0.18800000000000017,0.358],"Neck":[-0.15500000000000003,0.4670000000000001,0.26],"Head":[-0.2569999999999999,0.569,0.18]},"p1":{"LeftToe":[-0.506,0.875,0.025],"RightToe":[-0.3600000000000001,0.7320000000000002,0.025],"LeftHeel":[-0.31000000000000005,0.7570000000000001,0.032],"RightHeel":[-0.135,0.681,0.03],"LeftAnkle":[-0.33099999999999996,0.8460000000000001,0.03],"RightAnkle":[-0.19799999999999995,0.6970000000000001,0.088],"LeftKnee":[0.08700000000000019,0.8199999999999998,0.052],"RightKnee":[-0.038999999999999924,0.7469999999999999,0.471],"LeftHip":[0.19099999999999984,0.395,0.09],"RightHip":[0.21099999999999985,0.41800000000000015,0.315],"LeftShoulder":[0.7669999999999999,0.4980000000000002,0.097],"RightShoulder":[0.6909999999999998,0.4820000000000002,0.422],"LeftElbow":[0.504,0.605,0.046],"RightElbow":[0.4009999999999998,0.45500000000000007,0.428],"LeftWrist":[0.2530000000000001,0.6400000000000001,0.101],"RightWrist":[0.2360000000000002,0.5899999999999999,0.267],"LeftHand":[0.20199999999999996,0.6819999999999999,0.149],"RightHand":[0.18299999999999983,0.6419999999999999,0.242],"LeftFingers":[0.21499999999999986,0.6800000000000002,0.227],"RightFingers":[0.17799999999999994,0.6549999999999998,0.161],"Core":[0.43999999999999995,0.347,0.188],"Neck":[0.7629999999999999,0.5219999999999998,0.268],"Head":[0.8799999999999999,0.6259999999999999,0.323]}}