{"p0":{"LeftToe":[0.548,-0.3839999999999999,0.025],"RightToe":[0.20000000000000018,-0.522,0.025],"LeftHeel":[0.4620000000000002,-0.21900000000000008,0.158],"RightHeel":[0.18900000000000006,-0.41900000000000004,0.234],"LeftAnkle":[0.5139999999999998,-0.21900000000000008,0.082],"RightAnkle":[0.1459999999999999,-0.41100000000000003,0.157],"LeftKnee":[0.45100000000000007,0.20299999999999985,0.053],"RightKnee":[-0.1339999999999999,-0.09800000000000009,0.05],"LeftHip":[0.31099999999999994,0.028999999999999915,0.424],"RightHip":[0.11399999999999988,-0.08099999999999996,0.4],"LeftShoulder":[0.028000000000000025,0.5139999999999998,0.216],"RightShoulder":[-0.22799999999999998,0.3380000000000001,0.296],"LeftElbow":[0.2959999999999998,0.6000000000000001,0.274],"RightElbow":[-0.2689999999999999,0.20599999999999996,0.045],"LeftWrist":[0.4969999999999999,0.46899999999999986,0.397],"RightWrist":[-0.17500000000000004,0.44899999999999984,0.059],"LeftHand":[0.569,0.43000000000000016,0.404],"RightHand":[-0.17199999999999993,0.5150000000000001,0.103],"LeftFingers":[0.5800000000000001,0.3610000000000002,0.436],"RightFingers":[-0.11099999999999999,0.5609999999999999,0.12],"Core":[0.0990000000000002,0.18900000000000006,0.383],"Neck":[-0.1399999999999999,0.4780000000000002,0.246],"Head":[-0.236,0.569,0.144]},"p1":{"LeftToe":[-0.21599999999999997,0.03299999999999992,0.025],"RightToe":[-0.262,0.7999999999999998,0.025],"LeftHeel":[0.015000000000000124,0.053999999999999826,0.03],"RightHeel":[-0.09000000000000008,0.6429999999999998,0.03],"LeftAnkle":[-0.05499999999999994,0.11500000000000021,0.031],"RightAnkle":[-0.1339999999999999,0.6909999999999998,0.087],"LeftKnee":[-0.1339999999999999,0.536,0.06],"RightKnee":[-0.050000000000000044,0.657,0.505],"LeftHip":[0.258,0.3610000000000002,0.096],"RightHip":[0.2370000000000001,0.39800000000000013,0.319],"LeftShoulder":[0.6080000000000001,0.847,0.08],"RightShoulder":[0.577,0.7989999999999999,0.42],"LeftElbow":[0.3570000000000002,0.7109999999999999,0.045],"RightElbow":[0.43000000000000016,0.5489999999999999,0.446],"LeftWrist":[0.09399999999999986,0.681,0.088],"RightWrist":[0.22199999999999998,0.6579999999999999,0.336],"LeftHand":[0.029999999999999805,0.6760000000000002,0.132],"RightHand":[0.16599999999999993,0.6739999999999999,0.283],"LeftFingers":[0.008999999999999897,0.6030000000000002,0.162],"RightFingers":[0.15200000000000014,0.6179999999999999,0.225],"Core":[0.42799999999999994,0.5459999999999998,0.198],"Neck":[0.6120000000000001,0.8599999999999999,0.257],"Head":[0.5880000000000001,1.02,0.301]}}