{"p0":{"LeftToe":[-0.135,0.31000000000000005,0.676],"RightToe":[-0.1459999999999999,0.536,0.638],"LeftHeel":[-0.19100000000000006,0.2879999999999998,0.457],"RightHeel":[-0.09499999999999997,0.5659999999999998,0.413],"LeftAnkle":[-0.14500000000000002,0.3540000000000001,0.503],"RightAnkle":[-0.05400000000000005,0.5750000000000002,0.49],"LeftKnee":[0.06499999999999995,0.7240000000000002,0.581],"RightKnee":[0.3650000000000002,0.6259999999999999,0.565],"LeftHip":[0.12699999999999978,0.75,0.156],"RightHip":[0.19799999999999995,0.5310000000000001,0.177],"LeftShoulder":[0.7229999999999999,0.6720000000000002,0.303],"RightShoulder":[0.6110000000000002,0.4119999999999999,0.145],"LeftElbow":[0.4660000000000002,0.794,0.257],"RightElbow":[0.5449999999999999,0.18100000000000005,0.31],"LeftWrist":[0.2719999999999998,0.69,0.391],"RightWrist":[0.5259999999999998,0.21300000000000008,0.575],"LeftHand":[0.22299999999999986,0.669,0.453],"RightHand":[0.5299999999999998,0.2650000000000001,0.634],"LeftFingers":[0.14500000000000002,0.6640000000000001,0.45],"RightFingers":[0.4620000000000002,0.30100000000000016,0.662],"Core":[0.39400000000000013,0.7109999999999999,0.147],"Neck":[0.7080000000000002,0.5059999999999998,0.252],"Head":[0.8340000000000001,0.44200000000000017,0.339]},"p1":{"LeftToe":[-0.32699999999999996,-0.09299999999999997,0.025],"RightToe":[0.1200000000000001,-0.3899999999999999,0.03],"LeftHeel":[-0.1419999999999999,0.04800000000000004,0.03],"RightHeel":[0.24400000000000022,-0.19799999999999995,0.031],"LeftAnkle":[-0.19900000000000007,0.01399999999999979,0.088],"RightAnkle":[0.20500000000000007,-0.244,0.1],"LeftKnee":[0.0040000000000000036,0.16699999999999982,0.432],"RightKnee":[0.3039999999999998,-0.04699999999999993,0.472],"LeftHip":[0.25,0.2509999999999999,0.09],"RightHip":[0.45999999999999996,0.17099999999999982,0.133],"LeftShoulder":[0.15300000000000002,0.45699999999999985,0.488],"RightShoulder":[0.4249999999999998,0.29000000000000004,0.563],"LeftElbow":[0.19799999999999995,0.7200000000000002,0.377],"RightElbow":[0.6259999999999999,0.2959999999999998,0.352],"LeftWrist":[0.3799999999999999,0.5760000000000001,0.264],"RightWrist":[0.7000000000000002,0.1419999999999999,0.142],"LeftHand":[0.39400000000000013,0.5720000000000001,0.188],"RightHand":[0.6659999999999999,0.07699999999999996,0.112],"LeftFingers":[0.35199999999999987,0.5459999999999998,0.129],"RightFingers":[0.6509999999999998,0.06400000000000006,0.034],"Core":[0.4079999999999999,0.42300000000000004,0.221],"Neck":[0.2669999999999999,0.3570000000000002,0.579],"Head":[0.15799999999999992,0.2669999999999999,0.669]}}