{"p0":{"LeftToe":[0.5529999999999999,-0.15599999999999992,0.026],"RightToe":[0.28600000000000003,-0.21900000000000008,0.025],"LeftHeel":[0.5289999999999999,0.008999999999999897,0.18],"RightHeel":[0.26900000000000013,-0.15799999999999992,0.242],"LeftAnkle":[0.5299999999999998,0.0129999999999999,0.088],"RightAnkle":[0.22599999999999998,-0.12200000000000011,0.168],"LeftKnee":[0.45699999999999985,0.43699999999999983,0.05],"RightKnee":[0.09299999999999997,0.2719999999999998,0.05],"LeftHip":[0.43199999999999994,0.08700000000000019,0.302],"RightHip":[0.2410000000000001,-0.04299999999999993,0.299],"LeftShoulder":[0.359,0.3999999999999999,0.693],"RightShoulder":[0.04599999999999982,0.30200000000000005,0.696],"LeftElbow":[0.476,0.3370000000000002,0.432],"RightElbow":[0.0030000000000001137,0.33000000000000007,0.413],"LeftWrist":[0.2599999999999998,0.30900000000000016,0.286],"RightWrist":[0.04599999999999982,0.5219999999999998,0.232],"LeftHand":[0.19099999999999984,0.30799999999999983,0.24],"RightHand":[0.017999999999999794,0.589,0.261],"LeftFingers":[0.15200000000000014,0.2370000000000001,0.227],"RightFingers":[-0.0040000000000000036,0.6509999999999998,0.217],"Core":[0.2909999999999999,0.07399999999999984,0.535],"Neck":[0.18900000000000006,0.39400000000000013,0.737],"Head":[0.13600000000000012,0.5419999999999998,0.793]},"p1":{"LeftToe":[0.1299999999999999,-0.07499999999999996,0.435],"RightToe":[0.3820000000000001,-0.07800000000000007,0.025],"LeftHeel":[0.15200000000000014,0.1280000000000001,0.335],"RightHeel":[0.3490000000000002,0.15200000000000014,0.03],"LeftAnkle":[0.0990000000000002,0.10099999999999998,0.405],"RightAnkle":[0.3580000000000001,0.08599999999999985,0.091],"LeftKnee":[-0.19599999999999995,0.4129999999999998,0.457],"RightKnee":[0.29400000000000004,0.2919999999999998,0.462],"LeftHip":[0.051000000000000156,0.42399999999999993,0.103],"RightHip":[0.24800000000000022,0.5419999999999998,0.118],"LeftShoulder":[-0.22100000000000009,0.9529999999999998,0.184],"RightShoulder":[0.07100000000000017,1.056,0.155],"LeftElbow":[-0.18300000000000005,0.6640000000000001,0.187],"RightElbow":[0.2519999999999998,0.831,0.125],"LeftWrist":[-0.008999999999999897,0.5510000000000002,0.348],"RightWrist":[0.3380000000000001,0.625,0.28],"LeftHand":[-0.010000000000000009,0.52,0.423],"RightHand":[0.3849999999999998,0.5720000000000001,0.314],"LeftFingers":[0.028999999999999915,0.45299999999999985,0.441],"RightFingers":[0.3679999999999999,0.5009999999999999,0.343],"Core":[0.027000000000000135,0.6909999999999998,0.1],"Neck":[-0.08899999999999997,1.0630000000000002,0.23],"Head":[-0.11699999999999999,1.1280000000000001,0.377]}}