{"p0":{"LeftToe":[0.7080000000000002,0.16900000000000004,0.993],"RightToe":[0.9870000000000001,0.4249999999999998,0.025],"LeftHeel":[0.798,0.08800000000000008,0.795],"RightHeel":[0.7559999999999998,0.43699999999999983,0.03],"LeftAnkle":[0.7210000000000001,0.12699999999999978,0.821],"RightAnkle":[0.8199999999999998,0.44300000000000006,0.089],"LeftKnee":[0.3769999999999998,0.16999999999999993,0.564],"RightKnee":[0.6949999999999998,0.46099999999999985,0.502],"LeftHip":[0.5059999999999998,0.21799999999999997,0.156],"RightHip":[0.4910000000000001,0.44200000000000017,0.122],"LeftShoulder":[-0.11099999999999999,0.30200000000000005,0.093],"RightShoulder":[0.016999999999999904,0.5760000000000001,0.211],"LeftElbow":[0.0129999999999999,0.13099999999999978,0.294],"RightElbow":[0.2410000000000001,0.399,0.249],"LeftWrist":[0.23899999999999988,0.2530000000000001,0.336],"RightWrist":[0.07900000000000018,0.34299999999999997,0.46],"LeftHand":[0.30500000000000016,0.28200000000000003,0.368],"RightHand":[0.05500000000000016,0.32299999999999995,0.532],"LeftFingers":[0.3250000000000002,0.3540000000000001,0.387],"RightFingers":[-0.016000000000000014,0.30200000000000005,0.557],"Core":[0.2559999999999998,0.31300000000000017,0.104],"Neck":[-0.11099999999999999,0.4590000000000001,0.176],"Head":[-0.23399999999999999,0.504,0.28]},"p1":{"LeftToe":[0.8029999999999999,-0.004999999999999893,0.749],"RightToe":[0.6840000000000002,-0.4139999999999999,0.739],"LeftHeel":[0.649,-0.008000000000000007,0.916],"RightHeel":[0.4950000000000001,-0.391,0.871],"LeftAnkle":[0.6400000000000001,-0.02400000000000002,0.827],"RightAnkle":[0.5129999999999999,-0.3700000000000001,0.785],"LeftKnee":[0.2799999999999998,-0.014999999999999902,0.589],"RightKnee":[0.19700000000000006,-0.2869999999999999,0.503],"LeftHip":[-0.14700000000000002,-0.030000000000000027,0.648],"RightHip":[-0.21599999999999997,-0.246,0.62],"LeftShoulder":[-0.06000000000000005,0.08000000000000007,0.138],"RightShoulder":[-0.123,-0.26,0.103],"LeftElbow":[0.12400000000000011,0.2549999999999999,0.282],"RightElbow":[0.040000000000000036,-0.45300000000000007,0.244],"LeftWrist":[0.0040000000000000036,0.29300000000000015,0.51],"RightWrist":[-0.10099999999999998,-0.5549999999999999,0.038],"LeftHand":[0.04599999999999982,0.30699999999999994,0.58],"RightHand":[-0.17199999999999993,-0.5549999999999999,0.079],"LeftFingers":[0.01200000000000001,0.27700000000000014,0.648],"RightFingers":[-0.238,-0.5680000000000001,0.034],"Core":[-0.254,-0.08800000000000008,0.405],"Neck":[-0.07499999999999996,-0.09000000000000008,0.094],"Head":[0.08700000000000019,-0.1259999999999999,0.119]}}