{"p0":{"LeftToe":[0.4620000000000002,-0.31499999999999995,0.025],"RightToe":[0.1349999999999998,-0.5489999999999999,0.025],"LeftHeel":[0.41500000000000004,-0.123,0.141],"RightHeel":[0.1160000000000001,-0.3640000000000001,0.156],"LeftAnkle":[0.45999999999999996,-0.1419999999999999,0.063],"RightAnkle":[0.06899999999999995,-0.395,0.085],"LeftKnee":[0.5670000000000002,0.2719999999999998,0.063],"RightKnee":[-0.16100000000000003,-0.03499999999999992,0.058],"LeftHip":[0.3650000000000002,0.040000000000000036,0.367],"RightHip":[0.1349999999999998,0.06199999999999983,0.357],"LeftShoulder":[0.4780000000000002,0.544,0.18],"RightShoulder":[0.18100000000000005,0.5499999999999998,0.111],"LeftElbow":[0.6299999999999999,0.33000000000000007,0.057],"RightElbow":[-0.050999999999999934,0.6099999999999999,0.273],"LeftWrist":[0.375,0.3900000000000001,0.074],"RightWrist":[-0.018000000000000016,0.3450000000000002,0.271],"LeftHand":[0.31300000000000017,0.44099999999999984,0.082],"RightHand":[0.005999999999999783,0.274,0.297],"LeftFingers":[0.238,0.41800000000000015,0.06],"RightFingers":[0.07200000000000006,0.23899999999999988,0.263],"Core":[0.2759999999999998,0.29300000000000015,0.362],"Neck":[0.33199999999999985,0.6339999999999999,0.151],"Head":[0.44099999999999984,0.7469999999999999,0.11]},"p1":{"LeftToe":[0.4009999999999998,0.9830000000000001,0.035],"RightToe":[0.3820000000000001,1.2040000000000002,0.123],"LeftHeel":[0.27700000000000014,0.7869999999999999,0.03],"RightHeel":[0.2719999999999998,1.021,0.031],"LeftAnkle":[0.29800000000000004,0.8479999999999999,0.09],"RightAnkle":[0.2839999999999998,1.057,0.107],"LeftKnee":[0.18299999999999983,0.629,0.439],"RightKnee":[-0.020999999999999908,0.7709999999999999,0.195],"LeftHip":[0.01100000000000012,0.3740000000000001,0.135],"RightHip":[-0.21500000000000008,0.40200000000000014,0.096],"LeftShoulder":[-0.028000000000000025,0.008000000000000007,0.54],"RightShoulder":[-0.2709999999999999,0.22299999999999986,0.573],"LeftElbow":[0.19399999999999995,-0.1459999999999999,0.428],"RightElbow":[-0.20900000000000007,0.3959999999999999,0.35],"LeftWrist":[0.42300000000000004,-0.020999999999999908,0.455],"RightWrist":[-0.02400000000000002,0.5910000000000002,0.356],"LeftHand":[0.488,0.028000000000000025,0.441],"RightHand":[0.02400000000000002,0.6419999999999999,0.322],"LeftFingers":[0.47299999999999986,0.09799999999999986,0.398],"RightFingers":[0.04599999999999982,0.6509999999999998,0.248],"Core":[-0.1459999999999999,0.17700000000000005,0.23],"Neck":[-0.139,0.11500000000000021,0.624],"Head":[-0.09099999999999997,0.1379999999999999,0.782]}}