{"p0":{"LeftToe":[0.5409999999999999,-0.41700000000000004,0.032],"RightToe":[0.1349999999999998,-0.5489999999999999,0.025],"LeftHeel":[0.42799999999999994,-0.268,0.17],"RightHeel":[0.1160000000000001,-0.3640000000000001,0.156],"LeftAnkle":[0.44300000000000006,-0.2769999999999999,0.084],"RightAnkle":[0.06899999999999995,-0.395,0.085],"LeftKnee":[0.45699999999999985,0.15200000000000014,0.056],"RightKnee":[-0.16999999999999993,-0.038000000000000034,0.054],"LeftHip":[0.31300000000000017,0.01200000000000001,0.438],"RightHip":[0.08800000000000008,0.040999999999999925,0.387],"LeftShoulder":[0.5,0.4900000000000002,0.221],"RightShoulder":[0.20699999999999985,0.5550000000000002,0.129],"LeftElbow":[0.395,0.2719999999999998,0.06],"RightElbow":[-0.04400000000000004,0.6000000000000001,0.27],"LeftWrist":[0.18800000000000017,0.2519999999999998,0.218],"RightWrist":[-0.020999999999999908,0.3340000000000001,0.273],"LeftHand":[0.1429999999999998,0.23399999999999999,0.279],"RightHand":[0.03100000000000014,0.274,0.28],"LeftFingers":[0.06199999999999983,0.2410000000000001,0.285],"RightFingers":[0.09799999999999986,0.262,0.242],"Core":[0.24400000000000022,0.254,0.342],"Neck":[0.3570000000000002,0.593,0.207],"Head":[0.399,0.7189999999999999,0.114]},"p1":{"LeftToe":[0.3919999999999999,0.9729999999999999,0.047],"RightToe":[0.3889999999999998,1.2109999999999999,0.08],"LeftHeel":[0.2709999999999999,0.7799999999999998,0.04],"RightHeel":[0.2759999999999998,1.0139999999999998,0.032],"LeftAnkle":[0.29300000000000015,0.8340000000000001,0.111],"RightAnkle":[0.2879999999999998,1.0630000000000002,0.106],"LeftKnee":[0.14400000000000013,0.6120000000000001,0.451],"RightKnee":[-0.020999999999999908,0.7749999999999999,0.197],"LeftHip":[0.008999999999999897,0.371,0.124],"RightHip":[-0.21599999999999997,0.4009999999999998,0.101],"LeftShoulder":[-0.030000000000000027,0.008999999999999897,0.544],"RightShoulder":[-0.2689999999999999,0.2200000000000002,0.57],"LeftElbow":[0.17600000000000016,-0.1519999999999999,0.418],"RightElbow":[-0.20900000000000007,0.39800000000000013,0.346],"LeftWrist":[0.3860000000000001,-0.03699999999999992,0.522],"RightWrist":[-0.02299999999999991,0.5920000000000001,0.356],"LeftHand":[0.43400000000000016,0.029999999999999805,0.516],"RightHand":[0.02400000000000002,0.6419999999999999,0.322],"LeftFingers":[0.41400000000000015,0.09200000000000008,0.467],"RightFingers":[0.04499999999999993,0.6520000000000001,0.248],"Core":[-0.139,0.17399999999999993,0.23],"Neck":[-0.14100000000000001,0.11699999999999999,0.625],"Head":[-0.09099999999999997,0.1379999999999999,0.782]}}