{"p0":{"LeftToe":[-0.5660000000000001,-0.11699999999999999,0.028],"RightToe":[0.06800000000000006,0.758,0.036],"LeftHeel":[-0.361,-0.018000000000000016,0.04],"RightHeel":[0.25,0.6219999999999999,0.034],"LeftAnkle":[-0.4139999999999999,-0.052999999999999936,0.107],"RightAnkle":[0.16000000000000014,0.601,0.042],"LeftKnee":[-0.21399999999999997,-0.05800000000000005,0.485],"RightKnee":[-0.1439999999999999,0.29499999999999993,0.05],"LeftHip":[0.14000000000000012,0.11699999999999999,0.31],"RightHip":[0.20199999999999996,0.04700000000000015,0.098],"LeftShoulder":[-0.09299999999999997,-0.15399999999999991,0.536],"RightShoulder":[-0.05699999999999994,-0.42399999999999993,0.335],"LeftElbow":[-0.050999999999999934,-0.020999999999999908,0.279],"RightElbow":[0.01399999999999979,-0.45100000000000007,0.053],"LeftWrist":[-0.2470000000000001,-0.18500000000000005,0.238],"RightWrist":[-0.21700000000000008,-0.31200000000000006,0.022],"LeftHand":[-0.30200000000000005,-0.2410000000000001,0.244],"RightHand":[-0.278,-0.2789999999999999,0.056],"LeftFingers":[-0.3420000000000001,-0.264,0.177],"RightFingers":[-0.34099999999999997,-0.242,0.02],"Core":[0.18100000000000005,-0.1459999999999999,0.284],"Neck":[-0.11299999999999999,-0.31400000000000006,0.462],"Head":[-0.242,-0.403,0.521]},"p1":{"LeftToe":[0.597,-0.891,0.025],"RightToe":[0.8690000000000002,-0.5640000000000001,0.067],"LeftHeel":[0.43800000000000017,-0.7230000000000001,0.03],"RightHeel":[0.665,-0.4690000000000001,0.03],"LeftAnkle":[0.4830000000000001,-0.768,0.098],"RightAnkle":[0.71,-0.486,0.106],"LeftKnee":[0.379,-0.5980000000000001,0.481],"RightKnee":[0.5590000000000002,-0.41100000000000003,0.505],"LeftHip":[0.16400000000000015,-0.4670000000000001,0.133],"RightHip":[0.32200000000000006,-0.30200000000000005,0.162],"LeftShoulder":[-0.29499999999999993,-0.15100000000000002,0.096],"RightShoulder":[-0.1180000000000001,0.10099999999999998,0.082],"LeftElbow":[-0.08499999999999996,-0.3320000000000001,0.17],"RightElbow":[0.121,-0.06600000000000006,0.058],"LeftWrist":[-0.21399999999999997,-0.16300000000000003,0.324],"RightWrist":[-0.050999999999999934,-0.08800000000000008,0.262],"LeftHand":[-0.28800000000000003,-0.16500000000000004,0.356],"RightHand":[-0.123,-0.11299999999999999,0.28],"LeftFingers":[-0.32400000000000007,-0.11099999999999999,0.398],"RightFingers":[-0.16700000000000004,-0.10400000000000009,0.343],"Core":[0.06999999999999984,-0.21599999999999997,0.108],"Neck":[-0.274,0.020999999999999908,0.098],"Head":[-0.3919999999999999,0.1349999999999998,0.111]}}