{"p0":{"LeftToe":[0.7010000000000001,-0.5209999999999999,0.026],"RightToe":[-0.07099999999999995,-0.4770000000000001,0.029],"LeftHeel":[0.7679999999999998,-0.30200000000000005,0.03],"RightHeel":[0.15799999999999992,-0.45399999999999996,0.03],"LeftAnkle":[0.6840000000000002,-0.33899999999999997,0.041],"RightAnkle":[0.09100000000000019,-0.4139999999999999,0.07],"LeftKnee":[0.2559999999999998,-0.274,0.051],"RightKnee":[0.121,-0.05499999999999994,0.303],"LeftHip":[0.5139999999999998,0.06199999999999983,0.111],"RightHip":[0.54,0.020999999999999908,0.337],"LeftShoulder":[0.371,0.6280000000000001,0.286],"RightShoulder":[0.387,0.4750000000000001,0.559],"LeftElbow":[0.20800000000000018,0.6640000000000001,0.046],"RightElbow":[0.597,0.2749999999999999,0.548],"LeftWrist":[0.11399999999999988,0.42600000000000016,0.02],"RightWrist":[0.363,0.16100000000000003,0.47],"LeftHand":[0.040999999999999925,0.4009999999999998,0.043],"RightHand":[0.30900000000000016,0.1339999999999999,0.527],"LeftFingers":[0.021999999999999797,0.32399999999999984,0.025],"RightFingers":[0.2509999999999999,0.08400000000000007,0.497],"Core":[0.4980000000000002,0.2799999999999998,0.267],"Neck":[0.31999999999999984,0.6000000000000001,0.452],"Head":[0.17600000000000016,0.6400000000000001,0.527]},"p1":{"LeftToe":[0.21099999999999985,-0.472,0.386],"RightToe":[0.03299999999999992,-0.5309999999999999,0.384],"LeftHeel":[0.09799999999999986,-0.28200000000000003,0.321],"RightHeel":[-0.008000000000000007,-0.32099999999999995,0.307],"LeftAnkle":[0.17300000000000004,-0.29899999999999993,0.364],"RightAnkle":[0.07100000000000017,-0.3660000000000001,0.319],"LeftKnee":[0.34799999999999986,0.07600000000000007,0.479],"RightKnee":[0.45699999999999985,-0.17700000000000005,0.275],"LeftHip":[0.01100000000000012,0.17200000000000015,0.233],"RightHip":[0.1379999999999999,0.041999999999999815,0.091],"LeftShoulder":[0.3999999999999999,0.6160000000000001,0.095],"RightShoulder":[0.569,0.3570000000000002,0.082],"LeftElbow":[0.15600000000000014,0.5,0.194],"RightElbow":[0.6669999999999998,0.08700000000000019,0.06],"LeftWrist":[0.3250000000000002,0.30900000000000016,0.232],"RightWrist":[0.6299999999999999,0.18500000000000005,0.312],"LeftHand":[0.35599999999999987,0.30200000000000005,0.308],"RightHand":[0.613,0.2370000000000001,0.373],"LeftFingers":[0.4049999999999998,0.23899999999999988,0.324],"RightFingers":[0.5369999999999999,0.2410000000000001,0.404],"Core":[0.20599999999999996,0.30100000000000016,0.101],"Neck":[0.5470000000000002,0.5259999999999998,0.104],"Head":[0.645,0.6230000000000002,0.195]}}