{"p0":{"LeftToe":[0.4129999999999998,-0.244,0.089],"RightToe":[-0.040999999999999925,-0.569,0.101],"LeftHeel":[0.4249999999999998,-0.17500000000000004,0.308],"RightHeel":[0.004999999999999893,-0.385,0.235],"LeftAnkle":[0.4590000000000001,-0.1459999999999999,0.231],"RightAnkle":[0.020000000000000018,-0.41100000000000003,0.151],"LeftKnee":[0.585,0.262,0.257],"RightKnee":[0.23399999999999999,-0.05899999999999994,0.264],"LeftHip":[0.31800000000000006,0.15799999999999992,0.577],"RightHip":[0.08700000000000019,0.16000000000000014,0.6],"LeftShoulder":[0.20400000000000018,0.7050000000000001,0.303],"RightShoulder":[-0.10299999999999998,0.5630000000000002,0.322],"LeftElbow":[0.31899999999999995,0.7629999999999999,0.045],"RightElbow":[-0.1379999999999999,0.476,0.047],"LeftWrist":[0.09600000000000009,0.6299999999999999,0.02],"RightWrist":[0.121,0.5529999999999999,0.068],"LeftHand":[0.04700000000000015,0.6840000000000002,0.052],"RightHand":[0.19600000000000017,0.5659999999999998,0.099],"LeftFingers":[0.07200000000000006,0.7309999999999999,0.114],"RightFingers":[0.2570000000000001,0.5939999999999999,0.059],"Core":[0.18299999999999983,0.375,0.475],"Neck":[0.03299999999999992,0.6680000000000001,0.298],"Head":[-0.030999999999999917,0.79,0.202]},"p1":{"LeftToe":[0.34799999999999986,-0.498,0.029],"RightToe":[0.21099999999999985,-0.587,0.23],"LeftHeel":[0.242,-0.29499999999999993,0.037],"RightHeel":[0.16100000000000003,-0.44199999999999995,0.059],"LeftAnkle":[0.2450000000000001,-0.3640000000000001,0.097],"RightAnkle":[0.22599999999999998,-0.44799999999999995,0.12],"LeftKnee":[0.12199999999999989,-0.21799999999999997,0.485],"RightKnee":[0.5680000000000001,-0.19399999999999995,0.091],"LeftHip":[-0.0020000000000000018,0.06000000000000005,0.179],"RightHip":[0.20699999999999985,0.03600000000000003,0.09],"LeftShoulder":[-0.03499999999999992,0.629,0.125],"RightShoulder":[0.2919999999999998,0.625,0.124],"LeftElbow":[-0.31699999999999995,0.5659999999999998,0.116],"RightElbow":[0.45199999999999996,0.395,0.056],"LeftWrist":[-0.12200000000000011,0.42300000000000004,0.217],"RightWrist":[0.2829999999999999,0.2839999999999998,0.233],"LeftHand":[-0.08299999999999996,0.35599999999999987,0.238],"RightHand":[0.2410000000000001,0.3530000000000002,0.247],"LeftFingers":[-0.004999999999999893,0.3490000000000002,0.249],"RightFingers":[0.16199999999999992,0.3420000000000001,0.267],"Core":[0.125,0.29300000000000015,0.115],"Neck":[0.129,0.633,0.18],"Head":[0.1549999999999998,0.794,0.187]}}