{"p0":{"LeftToe":[0.15700000000000003,-1.045,0.413],"RightToe":[0.09299999999999997,-0.5549999999999999,0.141],"LeftHeel":[0.06599999999999984,-0.853,0.498],"RightHeel":[-0.038999999999999924,-0.5,0.324],"LeftAnkle":[0.14100000000000001,-0.867,0.448],"RightAnkle":[0.016999999999999904,-0.45999999999999996,0.271],"LeftKnee":[0.3639999999999999,-0.5029999999999999,0.472],"RightKnee":[0.1349999999999998,-0.05400000000000005,0.208],"LeftHip":[0.028999999999999915,-0.29499999999999993,0.646],"RightHip":[-0.133,-0.18799999999999994,0.519],"LeftShoulder":[0.28100000000000014,0.2469999999999999,0.609],"RightShoulder":[-0.028000000000000025,0.3420000000000001,0.637],"LeftElbow":[0.3660000000000001,0.24299999999999988,0.328],"RightElbow":[0.004999999999999893,0.09699999999999998,0.488],"LeftWrist":[0.44899999999999984,0.35199999999999987,0.105],"RightWrist":[0.16400000000000015,0.13200000000000012,0.271],"LeftHand":[0.4929999999999999,0.4159999999999999,0.1],"RightHand":[0.2330000000000001,0.17099999999999982,0.274],"LeftFingers":[0.504,0.44899999999999984,0.025],"RightFingers":[0.2749999999999999,0.18500000000000005,0.206],"Core":[0.03200000000000003,-0.02499999999999991,0.659],"Neck":[0.1469999999999998,0.3500000000000001,0.662],"Head":[0.19499999999999984,0.5110000000000001,0.654]},"p1":{"LeftToe":[0.007000000000000117,-0.9930000000000001,0.025],"RightToe":[0.11900000000000022,-1.005,0.038],"LeftHeel":[-0.07800000000000007,-0.7769999999999999,0.03],"RightHeel":[0.05699999999999994,-0.831,0.177],"LeftAnkle":[0.0040000000000000036,-0.815,0.03],"RightAnkle":[0.1299999999999999,-0.861,0.141],"LeftKnee":[0.04599999999999982,-0.5389999999999999,0.353],"RightKnee":[0.31899999999999995,-0.482,0.204],"LeftHip":[-0.20100000000000007,-0.19599999999999995,0.264],"RightHip":[-0.04200000000000004,-0.2649999999999999,0.114],"LeftShoulder":[-0.06800000000000006,0.29499999999999993,0.4],"RightShoulder":[0.019000000000000128,0.3620000000000001,0.111],"LeftElbow":[-0.27,0.1349999999999998,0.529],"RightElbow":[0.2909999999999999,0.45500000000000007,0.09],"LeftWrist":[-0.24,-0.07899999999999996,0.381],"RightWrist":[0.33000000000000007,0.30100000000000016,0.311],"LeftHand":[-0.21799999999999997,-0.14500000000000002,0.415],"RightHand":[0.359,0.32399999999999984,0.384],"LeftFingers":[-0.16300000000000003,-0.19799999999999995,0.393],"RightFingers":[0.3450000000000002,0.2789999999999999,0.446],"Core":[-0.03699999999999992,0.0009999999999998899,0.173],"Neck":[-0.0020000000000000018,0.40600000000000014,0.28],"Head":[0.09600000000000009,0.5190000000000001,0.357]}}