{"p0":{"LeftToe":[0.41999999999999993,-0.633,0.025],"RightToe":[0.01100000000000012,-0.6539999999999999,0.032],"LeftHeel":[0.4169999999999998,-0.5169999999999999,0.222],"RightHeel":[0.06400000000000006,-0.4770000000000001,0.173],"LeftAnkle":[0.46899999999999986,-0.506,0.147],"RightAnkle":[0.028999999999999915,-0.488,0.093],"LeftKnee":[0.6720000000000002,-0.1419999999999999,0.05],"RightKnee":[-0.1279999999999999,-0.08699999999999997,0.086],"LeftHip":[0.391,-0.29899999999999993,0.333],"RightHip":[0.16500000000000004,-0.31099999999999994,0.302],"LeftShoulder":[0.3500000000000001,0.27700000000000014,0.462],"RightShoulder":[0.041999999999999815,0.2250000000000001,0.419],"LeftElbow":[0.56,0.29400000000000004,0.26],"RightElbow":[-0.07000000000000006,0.17200000000000015,0.154],"LeftWrist":[0.43999999999999995,0.5230000000000001,0.385],"RightWrist":[0.05500000000000016,0.39800000000000013,0.083],"LeftHand":[0.41500000000000004,0.601,0.422],"RightHand":[0.09399999999999986,0.46499999999999986,0.098],"LeftFingers":[0.3500000000000001,0.641,0.409],"RightFingers":[0.15200000000000014,0.4870000000000001,0.045],"Core":[0.2519999999999998,-0.07899999999999996,0.413],"Neck":[0.17799999999999994,0.31899999999999995,0.477],"Head":[0.11299999999999999,0.472,0.497]},"p1":{"LeftToe":[0.08999999999999986,-0.399,0.063],"RightToe":[0.258,-0.4570000000000001,0.177],"LeftHeel":[0.2200000000000002,-0.21300000000000008,0.03],"RightHeel":[0.363,-0.256,0.158],"LeftAnkle":[0.133,-0.2250000000000001,0.046],"RightAnkle":[0.2789999999999999,-0.2769999999999999,0.187],"LeftKnee":[0.0259999999999998,0.19099999999999984,0.05],"RightKnee":[0.06099999999999994,0.08300000000000018,0.283],"LeftHip":[0.3250000000000002,0.4980000000000002,0.104],"RightHip":[0.3780000000000001,0.371,0.286],"LeftShoulder":[-0.010999999999999899,0.7290000000000001,0.536],"RightShoulder":[0.2290000000000001,0.6120000000000001,0.713],"LeftElbow":[-0.050999999999999934,0.8340000000000001,0.266],"RightElbow":[0.4119999999999999,0.625,0.489],"LeftWrist":[-0.1259999999999999,0.7839999999999998,0.021],"RightWrist":[0.3700000000000001,0.3679999999999999,0.556],"LeftHand":[-0.18500000000000005,0.7440000000000002,0.051],"RightHand":[0.3639999999999999,0.30200000000000005,0.599],"LeftFingers":[-0.248,0.71,0.02],"RightFingers":[0.3330000000000002,0.2370000000000001,0.571],"Core":[0.2829999999999999,0.6160000000000001,0.344],"Neck":[0.06599999999999984,0.657,0.678],"Head":[-0.03699999999999992,0.5939999999999999,0.792]}}