{"p0":{"LeftToe":[0.2999999999999998,0.22699999999999987,1.446],"RightToe":[-0.028000000000000025,-0.02400000000000002,1.425],"LeftHeel":[0.07699999999999996,0.23499999999999988,1.393],"RightHeel":[-0.1459999999999999,0,1.232],"LeftAnkle":[0.1499999999999999,0.25,1.346],"RightAnkle":[-0.06000000000000005,0.008000000000000007,1.251],"LeftKnee":[0.4849999999999999,0.31400000000000006,1.083],"RightKnee":[0.33099999999999996,0.0019999999999997797,1.077],"LeftHip":[0.12400000000000011,0.3919999999999999,0.859],"RightHip":[0.04300000000000015,0.18400000000000016,0.815],"LeftShoulder":[0.09299999999999997,0.5470000000000002,0.291],"RightShoulder":[0.0019999999999997797,0.262,0.253],"LeftElbow":[0.32699999999999996,0.379,0.313],"RightElbow":[-0.08800000000000008,0.08499999999999996,0.045],"LeftWrist":[0.44300000000000006,0.17099999999999982,0.214],"RightWrist":[0.03600000000000003,0.32799999999999985,0.052],"LeftHand":[0.5099999999999998,0.16199999999999992,0.176],"RightHand":[0.040000000000000036,0.33199999999999985,0.134],"LeftFingers":[0.5299999999999998,0.10499999999999998,0.124],"RightFingers":[0.04300000000000015,0.4089999999999998,0.164],"Core":[0.04700000000000015,0.3530000000000002,0.606],"Neck":[-0.018000000000000016,0.43299999999999983,0.224],"Head":[-0.129,0.4670000000000001,0.11]},"p1":{"LeftToe":[0.20000000000000018,-0.03200000000000003,1.056],"RightToe":[0.6819999999999999,-0.41700000000000004,0.371],"LeftHeel":[0.20500000000000007,-0.19999999999999996,0.898],"RightHeel":[0.508,-0.3600000000000001,0.229],"LeftAnkle":[0.20100000000000007,-0.1120000000000001,0.893],"RightAnkle":[0.5750000000000002,-0.31899999999999995,0.269],"LeftKnee":[0.17799999999999994,0.137,0.545],"RightKnee":[0.7679999999999998,0.052999999999999936,0.179],"LeftHip":[0.121,0.041999999999999815,0.129],"RightHip":[0.3460000000000001,0.015000000000000124,0.095],"LeftShoulder":[0.1030000000000002,0.6000000000000001,0.113],"RightShoulder":[0.41999999999999993,0.6030000000000002,0.177],"LeftElbow":[-0.026000000000000023,0.3460000000000001,0.045],"RightElbow":[0.6160000000000001,0.41100000000000003,0.092],"LeftWrist":[-0.18799999999999994,0.29800000000000004,0.239],"RightWrist":[0.496,0.2120000000000002,0.233],"LeftHand":[-0.20100000000000007,0.33099999999999996,0.312],"RightHand":[0.44200000000000017,0.19700000000000006,0.294],"LeftFingers":[-0.19999999999999996,0.2799999999999998,0.375],"RightFingers":[0.3639999999999999,0.21700000000000008,0.284],"Core":[0.2650000000000001,0.27,0.119],"Neck":[0.2530000000000001,0.6589999999999998,0.187],"Head":[0.24400000000000022,0.758,0.319]}}