{"p0":{"LeftToe":[0.07900000000000018,-0.5489999999999999,0.034],"RightToe":[-0.44500000000000006,-0.486,0.027],"LeftHeel":[-0.10400000000000009,-0.5329999999999999,0.17],"RightHeel":[-0.40900000000000003,-0.397,0.233],"LeftAnkle":[-0.04899999999999993,-0.4750000000000001,0.133],"RightAnkle":[-0.42399999999999993,-0.3560000000000001,0.151],"LeftKnee":[0.08400000000000007,-0.06800000000000006,0.107],"RightKnee":[-0.43399999999999994,0.06400000000000006,0.05],"LeftHip":[-0.16900000000000004,-0.15900000000000003,0.446],"RightHip":[-0.401,-0.1439999999999999,0.427],"LeftShoulder":[-0.08000000000000007,0.375,0.565],"RightShoulder":[-0.3839999999999999,0.3999999999999999,0.417],"LeftElbow":[0.10400000000000009,0.43199999999999994,0.348],"RightElbow":[-0.3959999999999999,0.4820000000000002,0.14],"LeftWrist":[0.005999999999999783,0.6200000000000001,0.193],"RightWrist":[-0.18900000000000006,0.637,0.071],"LeftHand":[0.005999999999999783,0.6680000000000001,0.127],"RightHand":[-0.1120000000000001,0.6600000000000001,0.064],"LeftFingers":[-0.050000000000000044,0.6539999999999999,0.072],"RightFingers":[-0.05699999999999994,0.6629999999999998,0.119],"Core":[-0.2789999999999999,0.06599999999999984,0.542],"Neck":[-0.2430000000000001,0.42600000000000016,0.519],"Head":[-0.2789999999999999,0.5870000000000002,0.527]},"p1":{"LeftToe":[-0.9550000000000001,0.46899999999999986,0.045],"RightToe":[-0.6140000000000001,0.5329999999999999,0.855],"LeftHeel":[-0.7270000000000001,0.492,0.054],"RightHeel":[-0.4950000000000001,0.5049999999999999,0.661],"LeftAnkle":[-0.7929999999999999,0.5070000000000001,0.115],"RightAnkle":[-0.474,0.524,0.747],"LeftKnee":[-0.52,0.6339999999999999,0.42],"RightKnee":[-0.06099999999999994,0.613,0.677],"LeftHip":[-0.15300000000000002,0.6200000000000001,0.195],"RightHip":[-0.14500000000000002,0.41800000000000015,0.3],"LeftShoulder":[0.3340000000000001,0.6709999999999998,0.08],"RightShoulder":[0.391,0.35599999999999987,0.17],"LeftElbow":[0.06599999999999984,0.766,0.15],"RightElbow":[0.20800000000000018,0.1589999999999998,0.06],"LeftWrist":[-0.07699999999999996,0.6419999999999999,0.326],"RightWrist":[0.07699999999999996,0.09600000000000009,0.286],"LeftHand":[-0.06499999999999995,0.621,0.402],"RightHand":[0.06000000000000005,0.0950000000000002,0.364],"LeftFingers":[-0.02400000000000002,0.5499999999999998,0.413],"RightFingers":[-0.01200000000000001,0.07200000000000006,0.39],"Core":[0.039000000000000146,0.4500000000000002,0.106],"Neck":[0.41000000000000014,0.532,0.157],"Head":[0.548,0.5609999999999999,0.24]}}