{"p0":{"LeftToe":[-0.631,-0.43199999999999994,0.048],"RightToe":[-0.3620000000000001,-0.847,0.027],"LeftHeel":[-0.47,-0.32299999999999995,0.172],"RightHeel":[-0.32099999999999995,-0.6779999999999999,0.175],"LeftAnkle":[-0.46399999999999997,-0.3879999999999999,0.107],"RightAnkle":[-0.3899999999999999,-0.69,0.114],"LeftKnee":[-0.07600000000000007,-0.565,0.053],"RightKnee":[-0.702,-0.393,0.083],"LeftHip":[-0.18599999999999994,-0.236,0.308],"RightHip":[-0.4079999999999999,-0.18700000000000006,0.317],"LeftShoulder":[-0.030000000000000027,0.31599999999999984,0.244],"RightShoulder":[-0.29600000000000004,0.3839999999999999,0.395],"LeftElbow":[-0.06099999999999994,0.1070000000000002,0.045],"RightElbow":[-0.45399999999999996,0.3849999999999998,0.153],"LeftWrist":[-0.32299999999999995,0.09799999999999986,0.036],"RightWrist":[-0.33099999999999996,0.625,0.129],"LeftHand":[-0.3700000000000001,0.0950000000000002,0.104],"RightHand":[-0.258,0.6600000000000001,0.129],"LeftFingers":[-0.33299999999999996,0.11699999999999999,0.172],"RightFingers":[-0.18999999999999995,0.6240000000000001,0.113],"Core":[-0.25,0.028999999999999915,0.316],"Neck":[-0.135,0.41999999999999993,0.34],"Head":[-0.1339999999999999,0.5859999999999999,0.333]},"p1":{"LeftToe":[-0.6839999999999999,0.4980000000000002,0.025],"RightToe":[-0.43900000000000006,-0.6180000000000001,0.026],"LeftHeel":[-0.45199999999999996,0.5070000000000001,0.03],"RightHeel":[-0.623,-0.4770000000000001,0.03],"LeftAnkle":[-0.518,0.5049999999999999,0.089],"RightAnkle":[-0.5349999999999999,-0.4690000000000001,0.035],"LeftKnee":[-0.49,0.5089999999999999,0.519],"RightKnee":[-0.29899999999999993,-0.12200000000000011,0.118],"LeftHip":[-0.2450000000000001,0.5089999999999999,0.167],"RightHip":[-0.18300000000000005,0.29000000000000004,0.133],"LeftShoulder":[0.25,0.653,0.362],"RightShoulder":[0.3290000000000002,0.35599999999999987,0.312],"LeftElbow":[0.007000000000000117,0.6930000000000001,0.209],"RightElbow":[0.29300000000000015,0.2320000000000002,0.052],"LeftWrist":[-0.028999999999999915,0.44899999999999984,0.3],"RightWrist":[0.053999999999999826,0.11500000000000021,0.02],"LeftHand":[-0.020999999999999908,0.3860000000000001,0.35],"RightHand":[0.007000000000000117,0.06300000000000017,0.062],"LeftFingers":[-0.07099999999999995,0.32799999999999985,0.363],"RightFingers":[-0.06499999999999995,0.07900000000000018,0.09],"Core":[0.017999999999999794,0.4670000000000001,0.144],"Neck":[0.30699999999999994,0.496,0.418],"Head":[0.30900000000000016,0.4990000000000001,0.585]}}