{"p0":{"LeftToe":[-0.881,-0.4570000000000001,0.025],"RightToe":[-0.9430000000000001,0.17399999999999993,0.034],"LeftHeel":[-0.7529999999999999,-0.3939999999999999,0.208],"RightHeel":[-0.77,0.07600000000000007,0.153],"LeftAnkle":[-0.74,-0.43900000000000006,0.133],"RightAnkle":[-0.7749999999999999,0.12699999999999978,0.077],"LeftKnee":[-0.3380000000000001,-0.5660000000000001,0.058],"RightKnee":[-0.353,0.20900000000000007,0.06],"LeftHip":[-0.494,-0.28600000000000003,0.346],"RightHip":[-0.53,-0.05600000000000005,0.345],"LeftShoulder":[0.07399999999999984,-0.23199999999999998,0.244],"RightShoulder":[0.052000000000000046,0.03100000000000014,0.392],"LeftElbow":[-0.08200000000000007,-0.3680000000000001,0.045],"RightElbow":[-0.07800000000000007,0.1299999999999999,0.155],"LeftWrist":[-0.2450000000000001,-0.16799999999999993,0.046],"RightWrist":[0.18699999999999983,0.1200000000000001,0.099],"LeftHand":[-0.30099999999999993,-0.119,0.076],"RightHand":[0.2599999999999998,0.09299999999999997,0.096],"LeftFingers":[-0.34299999999999997,-0.125,0.141],"RightFingers":[0.28500000000000014,0.021999999999999797,0.117],"Core":[-0.272,-0.133,0.338],"Neck":[0.14100000000000001,-0.1100000000000001,0.345],"Head":[0.29000000000000004,-0.04699999999999993,0.364]},"p1":{"LeftToe":[-0.127,0.40700000000000003,0.025],"RightToe":[-0.7669999999999999,0.20400000000000018,0.104],"LeftHeel":[0.019000000000000128,0.22699999999999987,0.03],"RightHeel":[-0.546,0.15700000000000003,0.152],"LeftAnkle":[-0.014999999999999902,0.28500000000000014,0.088],"RightAnkle":[-0.6160000000000001,0.10999999999999988,0.119],"LeftKnee":[0.08300000000000018,0.2679999999999998,0.503],"RightKnee":[-0.369,-0.2450000000000001,0.133],"LeftHip":[0.19200000000000017,0.01399999999999979,0.172],"RightHip":[0.05500000000000016,-0.16199999999999992,0.119],"LeftShoulder":[0.5670000000000002,-0.32099999999999995,0.416],"RightShoulder":[0.395,-0.5660000000000001,0.282],"LeftElbow":[0.44399999999999995,-0.11299999999999999,0.258],"RightElbow":[0.17799999999999994,-0.56,0.086],"LeftWrist":[0.19700000000000006,-0.18999999999999995,0.298],"RightWrist":[-0.050000000000000044,-0.43100000000000005,0.033],"LeftHand":[0.16000000000000014,-0.2250000000000001,0.358],"RightHand":[-0.09600000000000009,-0.41900000000000004,0.096],"LeftFingers":[0.08199999999999985,-0.20799999999999996,0.372],"RightFingers":[-0.133,-0.353,0.115],"Core":[0.31499999999999995,-0.2270000000000001,0.16],"Neck":[0.4910000000000001,-0.476,0.399],"Head":[0.43100000000000005,-0.532,0.545]}}