{"p0":{"LeftToe":[0.09699999999999998,-0.8320000000000001,0.025],"RightToe":[0.05699999999999994,-0.2829999999999999,0.029],"LeftHeel":[-0.09200000000000008,-0.704,0.033],"RightHeel":[-0.09000000000000008,-0.4570000000000001,0.052],"LeftAnkle":[-0.02200000000000002,-0.7130000000000001,0.087],"RightAnkle":[-0.050999999999999934,-0.4039999999999999,0.11],"LeftKnee":[0.27300000000000013,-0.6299999999999999,0.385],"RightKnee":[0.14400000000000013,-0.17399999999999993,0.415],"LeftHip":[-0.11299999999999999,-0.5289999999999999,0.549],"RightHip":[-0.22599999999999998,-0.32899999999999996,0.574],"LeftShoulder":[0.3340000000000001,-0.28800000000000003,0.793],"RightShoulder":[0.13600000000000012,-0.04400000000000004,0.837],"LeftElbow":[0.31599999999999984,-0.4690000000000001,0.565],"RightElbow":[-0.1160000000000001,0.0019999999999997797,0.707],"LeftWrist":[0.14400000000000013,-0.2729999999999999,0.543],"RightWrist":[0.06599999999999984,0.1389999999999998,0.56],"LeftHand":[0.1160000000000001,-0.20199999999999996,0.569],"RightHand":[0.133,0.12300000000000022,0.516],"LeftFingers":[0.08000000000000007,-0.14900000000000002,0.521],"RightFingers":[0.12400000000000011,0.129,0.436],"Core":[-0.02299999999999991,-0.367,0.745],"Neck":[0.2919999999999998,-0.12200000000000011,0.837],"Head":[0.41500000000000004,-0.016999999999999904,0.863]},"p1":{"LeftToe":[-0.6279999999999999,0.08000000000000007,0.646],"RightToe":[-0.53,-0.01200000000000001,0.701],"LeftHeel":[-0.5329999999999999,0.07399999999999984,0.438],"RightHeel":[-0.5029999999999999,-0.03499999999999992,0.475],"LeftAnkle":[-0.498,0.06099999999999994,0.521],"RightAnkle":[-0.44399999999999995,-0.026999999999999913,0.542],"LeftKnee":[-0.08000000000000007,0.15200000000000014,0.535],"RightKnee":[-0.016000000000000014,-0.038000000000000034,0.524],"LeftHip":[-0.05699999999999994,0.051000000000000156,0.116],"RightHip":[0.04599999999999982,-0.1519999999999999,0.112],"LeftShoulder":[0.43199999999999994,0.3610000000000002,0.099],"RightShoulder":[0.5840000000000001,0.10000000000000009,0.081],"LeftElbow":[0.16100000000000003,0.45199999999999996,0.068],"RightElbow":[0.48,-0.16700000000000004,0.045],"LeftWrist":[0.05900000000000016,0.27700000000000014,0.231],"RightWrist":[0.2250000000000001,-0.22100000000000009,0.106],"LeftHand":[0.04599999999999982,0.2469999999999999,0.307],"RightHand":[0.20000000000000018,-0.22799999999999998,0.183],"LeftFingers":[0.02499999999999991,0.16699999999999982,0.308],"RightFingers":[0.129,-0.2709999999999999,0.188],"Core":[0.21499999999999986,0.06099999999999994,0.1],"Neck":[0.5680000000000001,0.262,0.139],"Head":[0.665,0.31700000000000017,0.258]}}