{"p0":{"LeftToe":[-0.9590000000000001,-0.357,0.388],"RightToe":[-0.786,0.266,0.026],"LeftHeel":[-0.909,-0.17500000000000004,0.519],"RightHeel":[-0.653,0.16500000000000004,0.181],"LeftAnkle":[-0.869,-0.20999999999999996,0.446],"RightAnkle":[-0.6359999999999999,0.2330000000000001,0.122],"LeftKnee":[-0.46599999999999997,-0.1499999999999999,0.298],"RightKnee":[-0.3540000000000001,0.5529999999999999,0.05],"LeftHip":[-0.20500000000000007,0.14100000000000001,0.477],"RightHip":[-0.30699999999999994,0.3380000000000001,0.417],"LeftShoulder":[0.31999999999999984,0.3650000000000002,0.34],"RightShoulder":[0.1469999999999998,0.6549999999999998,0.345],"LeftElbow":[0.3540000000000001,0.367,0.052],"RightElbow":[0.07500000000000018,0.8079999999999998,0.107],"LeftWrist":[0.3860000000000001,0.6219999999999999,0.055],"RightWrist":[0.30699999999999994,0.6760000000000002,0.056],"LeftHand":[0.3410000000000002,0.6859999999999999,0.067],"RightHand":[0.3250000000000002,0.7389999999999999,0.099],"LeftFingers":[0.31999999999999984,0.71,0.14],"RightFingers":[0.3959999999999999,0.742,0.141],"Core":[-0.038999999999999924,0.3420000000000001,0.419],"Neck":[0.2799999999999998,0.5369999999999999,0.345],"Head":[0.3969999999999998,0.6509999999999998,0.312]},"p1":{"LeftToe":[-0.2869999999999999,-0.6439999999999999,0.025],"RightToe":[-0.7130000000000001,-0.3839999999999999,0.027],"LeftHeel":[-0.06099999999999994,-0.6819999999999999,0.046],"RightHeel":[-0.5189999999999999,-0.4890000000000001,0.081],"LeftAnkle":[-0.11299999999999999,-0.607,0.045],"RightAnkle":[-0.5389999999999999,-0.3999999999999999,0.072],"LeftKnee":[-0.266,-0.20999999999999996,0.098],"RightKnee":[-0.385,-0.016999999999999904,0.202],"LeftHip":[0.10199999999999987,0.016000000000000014,0.09],"RightHip":[0.028000000000000025,0.05900000000000016,0.301],"LeftShoulder":[0.07799999999999985,0.6190000000000002,0.093],"RightShoulder":[0.363,0.5739999999999998,0.14],"LeftElbow":[-0.16500000000000004,0.4660000000000002,0.09],"RightElbow":[0.4860000000000002,0.31499999999999995,0.129],"LeftWrist":[-0.17999999999999994,0.45699999999999985,0.348],"RightWrist":[0.31099999999999994,0.2250000000000001,0.316],"LeftHand":[-0.19900000000000007,0.4860000000000002,0.42],"RightHand":[0.2330000000000001,0.20699999999999985,0.331],"LeftFingers":[-0.2250000000000001,0.43400000000000016,0.476],"RightFingers":[0.17899999999999983,0.262,0.304],"Core":[0.15700000000000003,0.2650000000000001,0.177],"Neck":[0.22699999999999987,0.6779999999999999,0.163],"Head":[0.28100000000000014,0.8279999999999998,0.194]}}