{"p0":{"LeftToe":[0.1070000000000002,-0.52,0.025],"RightToe":[-0.9610000000000001,-0.27,0.047],"LeftHeel":[0.007000000000000117,-0.363,0.155],"RightHeel":[-0.804,-0.31499999999999995,0.208],"LeftAnkle":[0.08999999999999986,-0.3680000000000001,0.115],"RightAnkle":[-0.8220000000000001,-0.242,0.157],"LeftKnee":[0.2789999999999999,0.01399999999999979,0.05],"RightKnee":[-0.609,0.1200000000000001,0.066],"LeftHip":[-0.07200000000000006,-0.010000000000000009,0.298],"RightHip":[-0.268,0.1080000000000001,0.332],"LeftShoulder":[0.2400000000000002,0.43100000000000005,0.487],"RightShoulder":[-0.06000000000000005,0.5579999999999998,0.56],"LeftElbow":[0.379,0.4289999999999998,0.231],"RightElbow":[-0.21700000000000008,0.32699999999999996,0.473],"LeftWrist":[0.4500000000000002,0.657,0.123],"RightWrist":[-0.06600000000000006,0.5459999999999998,0.442],"LeftHand":[0.48099999999999987,0.7290000000000001,0.147],"RightHand":[-0.03600000000000003,0.6160000000000001,0.425],"LeftFingers":[0.4990000000000001,0.7890000000000001,0.101],"RightFingers":[-0.03600000000000003,0.6440000000000001,0.348],"Core":[-0.050000000000000044,0.20400000000000018,0.459],"Neck":[0.1160000000000001,0.5419999999999998,0.549],"Head":[0.17399999999999993,0.6970000000000001,0.529]},"p1":{"LeftToe":[-0.9279999999999999,0.6709999999999998,0.083],"RightToe":[-0.6439999999999999,0.7130000000000001,0.616],"LeftHeel":[-0.71,0.6059999999999999,0.066],"RightHeel":[-0.567,0.5569999999999999,0.463],"LeftAnkle":[-0.7609999999999999,0.6360000000000001,0.136],"RightAnkle":[-0.5269999999999999,0.621,0.514],"LeftKnee":[-0.44300000000000006,0.8260000000000001,0.355],"RightKnee":[-0.1339999999999999,0.778,0.434],"LeftHip":[-0.17199999999999993,0.577,0.135],"RightHip":[-0.15900000000000003,0.387,0.262],"LeftShoulder":[0.35199999999999987,0.653,0.091],"RightShoulder":[0.40200000000000014,0.30699999999999994,0.088],"LeftElbow":[0.08999999999999986,0.7570000000000001,0.15],"RightElbow":[0.16599999999999993,0.1389999999999998,0.054],"LeftWrist":[0.027000000000000135,0.6019999999999999,0.349],"RightWrist":[0.040999999999999925,0.11100000000000021,0.295],"LeftHand":[0.05600000000000005,0.5979999999999999,0.421],"RightHand":[0.06899999999999995,0.08499999999999996,0.363],"LeftFingers":[0.02400000000000002,0.577,0.488],"RightFingers":[0.03200000000000003,0.05600000000000005,0.425],"Core":[0.053999999999999826,0.43800000000000017,0.1],"Neck":[0.40600000000000014,0.484,0.091],"Head":[0.5449999999999999,0.5209999999999999,0.176]}}