{"p0":{"LeftToe":[0.3929999999999998,-0.7569999999999999,0.026],"RightToe":[0.10000000000000009,-0.7210000000000001,0.025],"LeftHeel":[0.391,-0.595,0.186],"RightHeel":[0.06400000000000006,-0.5469999999999999,0.168],"LeftAnkle":[0.3889999999999998,-0.5880000000000001,0.094],"RightAnkle":[0.05699999999999994,-0.5529999999999999,0.076],"LeftKnee":[0.3740000000000001,-0.15799999999999992,0.05],"RightKnee":[-0.02499999999999991,-0.1319999999999999,0.051],"LeftHip":[0.30799999999999983,-0.563,0.173],"RightHip":[0.08000000000000007,-0.5289999999999999,0.177],"LeftShoulder":[0.3759999999999999,-0.3320000000000001,0.551],"RightShoulder":[0.04899999999999993,-0.31299999999999994,0.577],"LeftElbow":[0.5129999999999999,-0.32099999999999995,0.293],"RightElbow":[-0.030999999999999917,-0.385,0.307],"LeftWrist":[0.3809999999999998,-0.09400000000000008,0.292],"RightWrist":[-0.03499999999999992,-0.1140000000000001,0.296],"LeftHand":[0.30799999999999983,-0.06000000000000005,0.308],"RightHand":[-0.014000000000000012,-0.04299999999999993,0.317],"LeftFingers":[0.2509999999999999,-0.1140000000000001,0.333],"RightFingers":[0.053999999999999826,-0.004999999999999893,0.313],"Core":[0.18400000000000016,-0.613,0.409],"Neck":[0.21899999999999986,-0.278,0.613],"Head":[0.20299999999999985,-0.131,0.691]},"p1":{"LeftToe":[-0.246,-0.4770000000000001,0.823],"RightToe":[0.524,-0.617,0.857],"LeftHeel":[-0.22799999999999998,-0.524,0.602],"RightHeel":[0.5350000000000001,-0.5980000000000001,0.627],"LeftAnkle":[-0.18999999999999995,-0.4590000000000001,0.653],"RightAnkle":[0.4969999999999999,-0.546,0.693],"LeftKnee":[-0.07499999999999996,-0.04600000000000004,0.646],"RightKnee":[0.44499999999999984,-0.1180000000000001,0.659],"LeftHip":[0.09299999999999997,-0.17999999999999994,0.276],"RightHip":[0.3210000000000002,-0.21799999999999997,0.262],"LeftShoulder":[0.0259999999999998,0.29300000000000015,0.08],"RightShoulder":[0.347,0.3210000000000002,0.08],"LeftElbow":[-0.27,0.31300000000000017,0.045],"RightElbow":[0.621,0.3540000000000001,0.159],"LeftWrist":[-0.026000000000000023,0.2650000000000001,0.134],"RightWrist":[0.4910000000000001,0.18599999999999994,0.331],"LeftHand":[0.016000000000000014,0.22299999999999986,0.189],"RightHand":[0.5169999999999999,0.14000000000000012,0.391],"LeftFingers":[0.017999999999999794,0.1459999999999999,0.196],"RightFingers":[0.4870000000000001,0.06300000000000017,0.397],"Core":[0.22199999999999998,-0.02400000000000002,0.1],"Neck":[0.18000000000000016,0.3860000000000001,0.076],"Head":[0.19499999999999984,0.508,0.188]}}