{"p0":{"LeftToe":[0.8559999999999999,0.2589999999999999,0.025],"RightToe":[0.12699999999999978,0.16100000000000003,0.045],"LeftHeel":[0.815,0.029999999999999805,0.03],"RightHeel":[0.2759999999999998,-0.010000000000000009,0.057],"LeftAnkle":[0.7810000000000001,0.1030000000000002,0.067],"RightAnkle":[0.2360000000000002,0.039000000000000146,0.119],"LeftKnee":[0.7250000000000001,0.16999999999999993,0.489],"RightKnee":[0.2530000000000001,0.06400000000000006,0.546],"LeftHip":[0.6520000000000001,-0.030999999999999917,0.863],"RightHip":[0.44499999999999984,-0.129,0.877],"LeftShoulder":[0.4990000000000001,0.31999999999999984,1.304],"RightShoulder":[0.2320000000000002,0.1429999999999998,1.301],"LeftElbow":[0.4940000000000002,0.4209999999999998,1.034],"RightElbow":[0.028999999999999915,0.347,1.251],"LeftWrist":[0.3250000000000002,0.5590000000000002,0.897],"RightWrist":[-0.05400000000000005,0.5510000000000002,1.411],"LeftHand":[0.32200000000000006,0.633,0.871],"RightHand":[-0.06800000000000006,0.6200000000000001,1.444],"LeftFingers":[0.2999999999999998,0.6579999999999999,0.797],"RightFingers":[-0.050000000000000044,0.6930000000000001,1.411],"Core":[0.5129999999999999,0.017999999999999794,1.091],"Neck":[0.3370000000000002,0.274,1.343],"Head":[0.2370000000000001,0.3879999999999999,1.402]},"p1":{"LeftToe":[-0.32899999999999996,0.3490000000000002,0.039],"RightToe":[-0.403,1.108,0.025],"LeftHeel":[-0.54,0.44700000000000006,0.05],"RightHeel":[-0.635,1.0979999999999999,0.03],"LeftAnkle":[-0.4750000000000001,0.42600000000000016,0.105],"RightAnkle":[-0.569,1.1,0.087],"LeftKnee":[-0.383,0.524,0.515],"RightKnee":[-0.3759999999999999,0.9689999999999999,0.446],"LeftHip":[-0.4670000000000001,0.6509999999999998,0.919],"RightHip":[-0.405,0.863,0.862],"LeftShoulder":[-0.20399999999999996,0.5089999999999999,1.318],"RightShoulder":[-0.018000000000000016,0.7650000000000001,1.295],"LeftElbow":[-0.22399999999999998,0.262,1.164],"RightElbow":[0.06599999999999984,0.7690000000000001,1.016],"LeftWrist":[0.03200000000000003,0.24800000000000022,1.221],"RightWrist":[0.2639999999999998,0.6110000000000002,0.915],"LeftHand":[0.10199999999999987,0.2509999999999999,1.177],"RightHand":[0.3380000000000001,0.593,0.94],"LeftFingers":[0.1589999999999998,0.30200000000000005,1.208],"RightFingers":[0.3969999999999998,0.573,0.888],"Core":[-0.3360000000000001,0.7850000000000001,1.113],"Neck":[-0.06699999999999995,0.613,1.364],"Head":[0.08499999999999996,0.605,1.418]}}