{"p0":{"LeftToe":[0.9289999999999998,-0.1339999999999999,0.026],"RightToe":[0.03200000000000003,-0.1499999999999999,0.025],"LeftHeel":[0.8399999999999999,-0.3460000000000001,0.042],"RightHeel":[0.18400000000000016,-0.32200000000000006,0.03],"LeftAnkle":[0.843,-0.2769999999999999,0.1],"RightAnkle":[0.1509999999999998,-0.268,0.094],"LeftKnee":[0.7669999999999999,-0.16900000000000004,0.507],"RightKnee":[0.19899999999999984,-0.18300000000000005,0.515],"LeftHip":[0.6349999999999998,-0.33000000000000007,0.881],"RightHip":[0.40600000000000014,-0.353,0.853],"LeftShoulder":[0.581,0.020999999999999908,1.297],"RightShoulder":[0.28500000000000014,-0.09099999999999997,1.343],"LeftElbow":[0.5790000000000002,0.07900000000000018,1.011],"RightElbow":[0.020000000000000018,-0.1100000000000001,1.217],"LeftWrist":[0.3639999999999999,0.16500000000000004,1.144],"RightWrist":[0.08300000000000018,-0.062000000000000055,1.461],"LeftHand":[0.2959999999999998,0.20299999999999985,1.151],"RightHand":[0.10999999999999988,-0.014000000000000012,1.523],"LeftFingers":[0.22599999999999998,0.16199999999999992,1.163],"RightFingers":[0.11900000000000022,0.06499999999999995,1.513],"Core":[0.4889999999999999,-0.28200000000000003,1.102],"Neck":[0.41500000000000004,0.0259999999999998,1.36],"Head":[0.35199999999999987,0.17099999999999982,1.415]},"p1":{"LeftToe":[-0.395,-0.2729999999999999,0.034],"RightToe":[0.0129999999999999,0.44200000000000017,0.043],"LeftHeel":[-0.4950000000000001,-0.07000000000000006,0.059],"RightHeel":[-0.20700000000000007,0.504,0.031],"LeftAnkle":[-0.44700000000000006,-0.119,0.119],"RightAnkle":[-0.15599999999999992,0.47699999999999987,0.103],"LeftKnee":[-0.2390000000000001,-0.15700000000000003,0.496],"RightKnee":[0.0019999999999997797,0.3210000000000002,0.474],"LeftHip":[-0.2230000000000001,0.04700000000000015,0.876],"RightHip":[-0.14700000000000002,0.266,0.871],"LeftShoulder":[-0.04299999999999993,-0.010000000000000009,1.436],"RightShoulder":[0.19200000000000017,0.129,1.292],"LeftElbow":[-0.09800000000000009,-0.17100000000000004,1.199],"RightElbow":[0.40600000000000014,0.07900000000000018,1.099],"LeftWrist":[0.14100000000000001,-0.17300000000000004,1.323],"RightWrist":[0.621,-0.06699999999999995,1.123],"LeftHand":[0.19600000000000017,-0.20199999999999996,1.37],"RightHand":[0.6779999999999999,-0.1120000000000001,1.16],"LeftFingers":[0.2709999999999999,-0.17900000000000005,1.366],"RightFingers":[0.6619999999999999,-0.17399999999999993,1.207],"Core":[-0.1319999999999999,0.14900000000000002,1.112],"Neck":[0.1259999999999999,0.041999999999999815,1.431],"Head":[0.21700000000000008,-0.062000000000000055,1.522]}}