{"p0":{"LeftToe":[-0.006000000000000005,-0.1279999999999999,0.068],"RightToe":[0.9289999999999998,-0.3740000000000001,0.025],"LeftHeel":[0.21099999999999985,-0.20100000000000007,0.059],"RightHeel":[1.073,-0.20900000000000007,0.099],"LeftAnkle":[0.15700000000000003,-0.17300000000000004,0.128],"RightAnkle":[0.9950000000000001,-0.2390000000000001,0.124],"LeftKnee":[0.18599999999999994,-0.19300000000000006,0.558],"RightKnee":[0.7269999999999999,-0.43300000000000005,0.396],"LeftHip":[0.5619999999999998,-0.16399999999999992,0.759],"RightHip":[0.6840000000000002,-0.353,0.817],"LeftShoulder":[0.1469999999999998,-0.11299999999999999,1.019],"RightShoulder":[0.15200000000000014,-0.44199999999999995,1.111],"LeftElbow":[0.015000000000000124,-0.04499999999999993,0.773],"RightElbow":[0.027000000000000135,-0.613,0.913],"LeftWrist":[-0.21300000000000008,-0.133,0.861],"RightWrist":[-0.17100000000000004,-0.4570000000000001,0.823],"LeftHand":[-0.2729999999999999,-0.15599999999999992,0.911],"RightHand":[-0.16599999999999993,-0.44199999999999995,0.903],"LeftFingers":[-0.3400000000000001,-0.18999999999999995,0.89],"RightFingers":[-0.20999999999999996,-0.383,0.933],"Core":[0.4630000000000001,-0.30299999999999994,0.966],"Neck":[0.125,-0.276,1.072],"Head":[-0.03499999999999992,-0.31400000000000006,1.038]},"p1":{"LeftToe":[-0.5189999999999999,-0.9750000000000001,0.048],"RightToe":[-0.671,-0.26,0.025],"LeftHeel":[-0.6539999999999999,-0.792,0.049],"RightHeel":[-0.821,-0.3879999999999999,0.143],"LeftAnkle":[-0.5760000000000001,-0.8089999999999999,0.093],"RightAnkle":[-0.7310000000000001,-0.371,0.152],"LeftKnee":[-0.28,-0.708,0.393],"RightKnee":[-0.33299999999999996,-0.2370000000000001,0.05],"LeftHip":[-0.677,-0.5720000000000001,0.48],"RightHip":[-0.5489999999999999,-0.40700000000000003,0.379],"LeftShoulder":[-0.2629999999999999,-0.4179999999999999,0.908],"RightShoulder":[-0.21799999999999997,-0.21300000000000008,0.656],"LeftElbow":[-0.050999999999999934,-0.605,0.966],"RightElbow":[-0.08899999999999997,-0.17900000000000005,0.4],"LeftWrist":[-0.0009999999999998899,-0.3859999999999999,1.103],"RightWrist":[0.10999999999999988,-0.1399999999999999,0.217],"LeftHand":[0.01100000000000012,-0.32600000000000007,1.166],"RightHand":[0.16900000000000004,-0.123,0.165],"LeftFingers":[-0.006000000000000005,-0.2529999999999999,1.136],"RightFingers":[0.2200000000000002,-0.17900000000000005,0.138],"Core":[-0.518,-0.42900000000000005,0.645],"Neck":[-0.18100000000000005,-0.31000000000000005,0.799],"Head":[-0.018000000000000016,-0.28,0.807]}}