{"p0":{"LeftToe":[0.3620000000000001,-0.14100000000000001,0.025],"RightToe":[-0.42399999999999993,-0.23199999999999998,0.036],"LeftHeel":[0.21399999999999997,-0.31499999999999995,0.03],"RightHeel":[-0.5149999999999999,-0.44399999999999995,0.03],"LeftAnkle":[0.2599999999999998,-0.2729999999999999,0.097],"RightAnkle":[-0.4630000000000001,-0.399,0.092],"LeftKnee":[0.2679999999999998,-0.21999999999999997,0.525],"RightKnee":[-0.21500000000000008,-0.16999999999999993,0.358],"LeftHip":[-0.038000000000000034,-0.5089999999999999,0.623],"RightHip":[-0.2669999999999999,-0.484,0.645],"LeftShoulder":[0.0950000000000002,-0.030999999999999917,0.907],"RightShoulder":[-0.1459999999999999,0.03799999999999981,0.7],"LeftElbow":[0.3250000000000002,-0.02200000000000002,0.732],"RightElbow":[-0.05400000000000005,0.01399999999999979,0.423],"LeftWrist":[0.363,0.2160000000000002,0.834],"RightWrist":[0.13200000000000012,-0.018999999999999906,0.227],"LeftHand":[0.4169999999999998,0.2629999999999999,0.875],"RightHand":[0.19300000000000006,-0.010999999999999899,0.174],"LeftFingers":[0.4540000000000002,0.31899999999999995,0.832],"RightFingers":[0.24400000000000022,-0.07400000000000007,0.158],"Core":[-0.1140000000000001,-0.31800000000000006,0.795],"Neck":[-0.04800000000000004,0.05500000000000016,0.846],"Head":[-0.020000000000000018,0.21499999999999986,0.882]},"p1":{"LeftToe":[-0.07099999999999995,-0.17100000000000004,0.025],"RightToe":[0.7290000000000001,-0.6819999999999999,0.054],"LeftHeel":[0.15399999999999991,-0.20100000000000007,0.035],"RightHeel":[0.915,-0.597,0.158],"LeftAnkle":[0.09699999999999998,-0.15799999999999992,0.094],"RightAnkle":[0.8250000000000002,-0.5800000000000001,0.172],"LeftKnee":[0.33000000000000007,0.016999999999999904,0.411],"RightKnee":[0.4780000000000002,-0.43300000000000005,0.385],"LeftHip":[0.7370000000000001,0.004999999999999893,0.28],"RightHip":[0.7799999999999998,-0.1379999999999999,0.452],"LeftShoulder":[0.44399999999999995,0.3820000000000001,0.581],"RightShoulder":[0.4750000000000001,0.18699999999999983,0.835],"LeftElbow":[0.3919999999999999,0.40200000000000014,0.299],"RightElbow":[0.4129999999999998,-0.09200000000000008,0.873],"LeftWrist":[0.33000000000000007,0.375,0.049],"RightWrist":[0.16800000000000015,-0.19399999999999995,0.928],"LeftHand":[0.2530000000000001,0.3719999999999999,0.068],"RightHand":[0.1070000000000002,-0.22599999999999998,0.97],"LeftFingers":[0.19200000000000017,0.3679999999999999,0.02],"RightFingers":[0.029999999999999805,-0.21399999999999997,0.943],"Core":[0.6619999999999999,0.09100000000000019,0.526],"Neck":[0.4169999999999998,0.31800000000000006,0.739],"Head":[0.30500000000000016,0.3799999999999999,0.839]}}