{"p0":{"LeftToe":[0.347,0.6019999999999999,0.025],"RightToe":[-0.885,0.2839999999999998,0.968],"LeftHeel":[0.31499999999999995,0.371,0.03],"RightHeel":[-0.72,0.1259999999999999,0.981],"LeftAnkle":[0.32299999999999995,0.43599999999999994,0.087],"RightAnkle":[-0.716,0.21899999999999986,0.983],"LeftKnee":[0.31099999999999994,0.4980000000000002,0.51],"RightKnee":[-0.31499999999999995,0.371,1.035],"LeftHip":[0.2570000000000001,0.2530000000000001,0.858],"RightHip":[0.1070000000000002,0.29400000000000004,1.024],"LeftShoulder":[0.6880000000000002,0.42600000000000016,1.208],"RightShoulder":[0.45699999999999985,0.43400000000000016,1.43],"LeftElbow":[0.5960000000000001,0.552,0.966],"RightElbow":[0.2679999999999998,0.27,1.289],"LeftWrist":[0.4039999999999999,0.5209999999999999,1.143],"RightWrist":[0.03799999999999981,0.16400000000000015,1.203],"LeftHand":[0.3540000000000001,0.532,1.205],"RightHand":[-0.03499999999999992,0.129,1.209],"LeftFingers":[0.28200000000000003,0.5049999999999999,1.215],"RightFingers":[-0.06600000000000006,0.09699999999999998,1.141],"Core":[0.363,0.2869999999999999,1.102],"Neck":[0.6160000000000001,0.45599999999999996,1.361],"Head":[0.6349999999999998,0.6139999999999999,1.415]},"p1":{"LeftToe":[-0.996,0.33099999999999996,0.027],"RightToe":[-0.21900000000000008,0.6890000000000001,0.028],"LeftHeel":[-1.194,0.45100000000000007,0.051],"RightHeel":[-0.44700000000000006,0.7000000000000002,0.037],"LeftAnkle":[-1.129,0.41999999999999993,0.107],"RightAnkle":[-0.3839999999999999,0.69,0.097],"LeftKnee":[-0.8340000000000001,0.31700000000000017,0.406],"RightKnee":[-0.33299999999999996,0.6379999999999999,0.521],"LeftHip":[-0.837,0.508,0.792],"RightHip":[-0.641,0.6240000000000001,0.817],"LeftShoulder":[-0.679,0.3039999999999998,1.203],"RightShoulder":[-0.562,0.5710000000000002,1.329],"LeftElbow":[-0.8380000000000001,0.3660000000000001,0.965],"RightElbow":[-0.371,0.726,1.172],"LeftWrist":[-0.6319999999999999,0.242,1.072],"RightWrist":[-0.3360000000000001,0.528,0.995],"LeftHand":[-0.583,0.2160000000000002,1.133],"RightHand":[-0.2789999999999999,0.5070000000000001,0.939],"LeftFingers":[-0.506,0.21300000000000008,1.131],"RightFingers":[-0.2430000000000001,0.43500000000000005,0.95],"Core":[-0.7909999999999999,0.6120000000000001,1.038],"Neck":[-0.5880000000000001,0.395,1.326],"Head":[-0.5009999999999999,0.30500000000000016,1.438]}}