{"p0":{"LeftToe":[1.0419999999999998,0.625,0.025],"RightToe":[0.782,-0.121,0.026],"LeftHeel":[1.0099999999999998,0.395,0.03],"RightHeel":[0.573,-0.09899999999999998,0.125],"LeftAnkle":[0.9860000000000002,0.46499999999999986,0.077],"RightAnkle":[0.6080000000000001,-0.09000000000000008,0.042],"LeftKnee":[0.7189999999999999,0.3650000000000002,0.381],"RightKnee":[0.19099999999999984,-0.030999999999999917,0.052],"LeftHip":[0.6320000000000001,-0.050999999999999934,0.491],"RightHip":[0.492,-0.15599999999999992,0.346],"LeftShoulder":[0.391,0.43500000000000005,0.513],"RightShoulder":[0.125,0.30799999999999983,0.35],"LeftElbow":[0.5699999999999998,0.3370000000000002,0.306],"RightElbow":[0.20900000000000007,0.31499999999999995,0.073],"LeftWrist":[0.35599999999999987,0.3780000000000001,0.159],"RightWrist":[0.46799999999999997,0.3889999999999998,0.115],"LeftHand":[0.30200000000000005,0.4039999999999999,0.109],"RightHand":[0.4289999999999998,0.44499999999999984,0.161],"LeftFingers":[0.29000000000000004,0.3780000000000001,0.031],"RightFingers":[0.4620000000000002,0.4889999999999999,0.216],"Core":[0.391,0.07100000000000017,0.455],"Neck":[0.2290000000000001,0.39800000000000013,0.457],"Head":[0.21399999999999997,0.5619999999999998,0.466]},"p1":{"LeftToe":[-0.712,0.20400000000000018,0.028],"RightToe":[-0.772,-0.20199999999999996,0.036],"LeftHeel":[-0.482,0.21399999999999997,0.049],"RightHeel":[-0.571,-0.08699999999999997,0.055],"LeftAnkle":[-0.5429999999999999,0.1469999999999998,0.044],"RightAnkle":[-0.601,-0.16799999999999993,0.072],"LeftKnee":[-0.32000000000000006,-0.16900000000000004,0.209],"RightKnee":[-0.20399999999999996,-0.30699999999999994,0.051],"LeftHip":[0.03600000000000003,0.06099999999999994,0.329],"RightHip":[0.0009999999999998899,0.07799999999999985,0.104],"LeftShoulder":[0.5299999999999998,0.2200000000000002,0.415],"RightShoulder":[0.585,0.2450000000000001,0.085],"LeftElbow":[0.32200000000000006,0.3860000000000001,0.306],"RightElbow":[0.5259999999999998,-0.018999999999999906,0.195],"LeftWrist":[0.5230000000000001,0.43100000000000005,0.146],"RightWrist":[0.7040000000000002,-0.008999999999999897,0.4],"LeftHand":[0.5939999999999999,0.45500000000000007,0.111],"RightHand":[0.7629999999999999,0.0030000000000001137,0.454],"LeftFingers":[0.5910000000000002,0.5,0.045],"RightFingers":[0.7469999999999999,0.03799999999999981,0.528],"Core":[0.24400000000000022,0.15399999999999991,0.188],"Neck":[0.6099999999999999,0.238,0.257],"Head":[0.7349999999999999,0.13200000000000012,0.221]}}