{"p0":{"LeftToe":[-0.42100000000000004,0.5289999999999999,0.24],"RightToe":[-0.17199999999999993,0.8860000000000001,0.03],"LeftHeel":[-0.2769999999999999,0.3959999999999999,0.123],"RightHeel":[-0.2470000000000001,0.673,0.083],"LeftAnkle":[-0.262,0.45999999999999996,0.187],"RightAnkle":[-0.242,0.7509999999999999,0.127],"LeftKnee":[0.1339999999999999,0.5739999999999998,0.321],"RightKnee":[-0.3680000000000001,0.44399999999999995,0.397],"LeftHip":[0.08899999999999997,0.2120000000000002,0.095],"RightHip":[-0.1419999999999999,0.20800000000000018,0.118],"LeftShoulder":[0.17799999999999994,-0.3420000000000001,0.091],"RightShoulder":[0.0259999999999998,-0.28,0.373],"LeftElbow":[0.14400000000000013,-0.05699999999999994,0.045],"RightElbow":[-0.014000000000000012,-0.04699999999999993,0.537],"LeftWrist":[0.3849999999999998,-0.15900000000000003,0.032],"RightWrist":[0.2240000000000002,-0.17199999999999993,0.506],"LeftHand":[0.43000000000000016,-0.22199999999999998,0.027],"RightHand":[0.27700000000000014,-0.22199999999999998,0.474],"LeftFingers":[0.4969999999999999,-0.236,0.071],"RightFingers":[0.32399999999999984,-0.21399999999999997,0.413],"Core":[-0.026999999999999913,-0.03400000000000003,0.1],"Neck":[0.1070000000000002,-0.367,0.247],"Head":[0.2410000000000001,-0.44199999999999995,0.313]},"p1":{"LeftToe":[-0.268,1.0070000000000001,0.175],"RightToe":[-0.4630000000000001,0.5299999999999998,0.596],"LeftHeel":[-0.31200000000000006,0.8300000000000001,0.318],"RightHeel":[-0.345,0.33599999999999985,0.6],"LeftAnkle":[-0.2829999999999999,0.8399999999999999,0.236],"RightAnkle":[-0.32400000000000007,0.41900000000000004,0.576],"LeftKnee":[-0.050999999999999934,0.516,0.081],"RightKnee":[0.08999999999999986,0.4740000000000002,0.676],"LeftHip":[-0.03299999999999992,0.1589999999999998,0.314],"RightHip":[0.08599999999999985,0.08300000000000018,0.496],"LeftShoulder":[0.44200000000000017,0.28100000000000014,0.08],"RightShoulder":[0.5449999999999999,-0.016000000000000014,0.128],"LeftElbow":[0.2250000000000001,0.32399999999999984,0.264],"RightElbow":[0.3769999999999998,-0.18900000000000006,0.292],"LeftWrist":[0.399,0.18999999999999995,0.406],"RightWrist":[0.45599999999999996,0.05600000000000005,0.374],"LeftHand":[0.4590000000000001,0.15300000000000002,0.448],"RightHand":[0.4700000000000002,0.1339999999999999,0.396],"LeftFingers":[0.4830000000000001,0.07900000000000018,0.429],"RightFingers":[0.43000000000000016,0.19399999999999995,0.358],"Core":[0.20699999999999985,0.051000000000000156,0.256],"Neck":[0.556,0.15399999999999991,0.104],"Head":[0.6789999999999998,0.2570000000000001,0.144]}}