{"p0":{"LeftToe":[0.1509999999999998,-0.2889999999999999,0.025],"RightToe":[-0.627,0.08199999999999985,0.025],"LeftHeel":[0.133,-0.12200000000000011,0.184],"RightHeel":[-0.4670000000000001,-0.08299999999999996,0.031],"LeftAnkle":[0.11299999999999999,-0.125,0.094],"RightAnkle":[-0.5,-0.026999999999999913,0.089],"LeftKnee":[-0.014000000000000012,0.2829999999999999,0.054],"RightKnee":[-0.43199999999999994,-0.018000000000000016,0.513],"LeftHip":[0.07699999999999996,-0.07000000000000006,0.279],"RightHip":[-0.09899999999999998,-0.20999999999999996,0.32],"LeftShoulder":[0.09600000000000009,0.246,0.596],"RightShoulder":[-0.19900000000000007,0.15799999999999992,0.667],"LeftElbow":[0.1120000000000001,0.23399999999999999,0.305],"RightElbow":[-0.30400000000000005,0.11799999999999988,0.402],"LeftWrist":[0.09200000000000008,0.31400000000000006,0.056],"RightWrist":[-0.385,0.3769999999999998,0.41],"LeftHand":[0.08400000000000007,0.391,0.067],"RightHand":[-0.42399999999999993,0.4460000000000002,0.428],"LeftFingers":[0.06099999999999994,0.44700000000000006,0.02],"RightFingers":[-0.4690000000000001,0.488,0.378],"Core":[0.021999999999999797,-0.1120000000000001,0.539],"Neck":[-0.05699999999999994,0.2629999999999999,0.684],"Head":[-0.1120000000000001,0.41999999999999993,0.687]},"p1":{"LeftToe":[0.16100000000000003,-0.6579999999999999,0.381],"RightToe":[-0.127,-0.5449999999999999,0.343],"LeftHeel":[0.07399999999999984,-0.502,0.236],"RightHeel":[-0.2230000000000001,-0.34299999999999997,0.284],"LeftAnkle":[0.05500000000000016,-0.5229999999999999,0.324],"RightAnkle":[-0.17300000000000004,-0.373,0.351],"LeftKnee":[-0.30400000000000005,-0.3520000000000001,0.486],"RightKnee":[-0.22399999999999998,-0.03600000000000003,0.613],"LeftHip":[-0.29000000000000004,-0.131,0.114],"RightHip":[-0.14900000000000002,0.03500000000000014,0.194],"LeftShoulder":[-0.675,0.278,0.282],"RightShoulder":[-0.41300000000000003,0.43699999999999983,0.301],"LeftElbow":[-0.5880000000000001,0.03100000000000014,0.406],"RightElbow":[-0.30200000000000005,0.5819999999999999,0.077],"LeftWrist":[-0.3859999999999999,0.08800000000000008,0.563],"RightWrist":[-0.20399999999999996,0.3340000000000001,0.125],"LeftHand":[-0.3480000000000001,0.0990000000000002,0.634],"RightHand":[-0.1319999999999999,0.32799999999999985,0.155],"LeftFingers":[-0.2729999999999999,0.08800000000000008,0.647],"RightFingers":[-0.08699999999999997,0.2679999999999998,0.17],"Core":[-0.387,0.12300000000000022,0.106],"Neck":[-0.5589999999999999,0.3700000000000001,0.376],"Head":[-0.5609999999999999,0.40700000000000003,0.54]}}