{"p0":{"LeftToe":[0.883,-0.05899999999999994,0.03],"RightToe":[-0.1439999999999999,0.17799999999999994,0.027],"LeftHeel":[0.8119999999999998,-0.2729999999999999,0.062],"RightHeel":[-0.06099999999999994,-0.03499999999999992,0.041],"LeftAnkle":[0.8079999999999998,-0.19999999999999996,0.116],"RightAnkle":[-0.06000000000000005,0.03500000000000014,0.102],"LeftKnee":[0.669,-0.014000000000000012,0.475],"RightKnee":[0.08800000000000008,0.12699999999999978,0.498],"LeftHip":[0.4990000000000001,-0.1439999999999999,0.845],"RightHip":[0.2719999999999998,-0.09699999999999998,0.818],"LeftShoulder":[0.5179999999999998,-0.0009999999999998899,1.393],"RightShoulder":[0.21700000000000008,-0.05899999999999994,1.413],"LeftElbow":[0.597,0.09100000000000019,1.127],"RightElbow":[0.13099999999999978,-0.04600000000000004,1.139],"LeftWrist":[0.3809999999999998,0.23099999999999987,1.082],"RightWrist":[0.121,0.08300000000000018,0.905],"LeftHand":[0.30900000000000016,0.2629999999999999,1.103],"RightHand":[0.08499999999999996,0.1419999999999999,0.859],"LeftFingers":[0.2589999999999999,0.2869999999999999,1.042],"RightFingers":[0.10599999999999987,0.1469999999999998,0.779],"Core":[0.3660000000000001,-0.10400000000000009,1.074],"Neck":[0.3620000000000001,0.021999999999999797,1.469],"Head":[0.31000000000000005,0.12699999999999978,1.588]},"p1":{"LeftToe":[0.2490000000000001,0.051000000000000156,1.097],"RightToe":[0.641,-0.17700000000000005,0.55],"LeftHeel":[0.31899999999999995,0.06700000000000017,0.879],"RightHeel":[0.48099999999999987,-0.05899999999999994,0.43],"LeftAnkle":[0.238,0.07299999999999995,0.92],"RightAnkle":[0.5209999999999999,-0.04699999999999993,0.511],"LeftKnee":[-0.07899999999999996,0.02499999999999991,0.636],"RightKnee":[0.238,0.2240000000000002,0.688],"LeftHip":[0.11900000000000022,-0.137,0.293],"RightHip":[0.29499999999999993,0.005999999999999783,0.319],"LeftShoulder":[-0.1519999999999999,0.27300000000000013,0.099],"RightShoulder":[0.15399999999999991,0.4159999999999999,0.141],"LeftElbow":[-0.15599999999999992,-0.018000000000000016,0.067],"RightElbow":[0.32299999999999995,0.246,0.301],"LeftWrist":[-0.05499999999999994,0.1200000000000001,0.26],"RightWrist":[0.16800000000000015,0.18000000000000016,0.512],"LeftHand":[-0.04499999999999993,0.16699999999999982,0.322],"RightHand":[0.1299999999999999,0.19700000000000006,0.577],"LeftFingers":[0.028000000000000025,0.18699999999999983,0.35],"RightFingers":[0.08300000000000018,0.1469999999999998,0.62],"Core":[0.14000000000000012,0.04800000000000004,0.1],"Neck":[-0.016999999999999904,0.387,0.115],"Head":[-0.139,0.496,0.149]}}