{"p0":{"LeftToe":[0.891,0.242,0.025],"RightToe":[0.020999999999999908,0.44300000000000006,0.028],"LeftHeel":[0.742,0.06499999999999995,0.03],"RightHeel":[0.053999999999999826,0.2120000000000002,0.03],"LeftAnkle":[0.7549999999999999,0.14000000000000012,0.078],"RightAnkle":[0.051000000000000156,0.278,0.087],"LeftKnee":[0.649,0.2410000000000001,0.484],"RightKnee":[0.06700000000000017,0.4910000000000001,0.458],"LeftHip":[0.3490000000000002,0.09799999999999986,0.76],"RightHip":[0.133,0.1589999999999998,0.721],"LeftShoulder":[0.4969999999999999,0.6360000000000001,0.835],"RightShoulder":[0.18400000000000016,0.6989999999999998,0.863],"LeftElbow":[0.5550000000000002,0.5030000000000001,0.582],"RightElbow":[0.11399999999999988,0.5510000000000002,0.625],"LeftWrist":[0.4900000000000002,0.7029999999999998,0.428],"RightWrist":[0.20299999999999985,0.7309999999999999,0.444],"LeftHand":[0.5019999999999998,0.7719999999999998,0.463],"RightHand":[0.2360000000000002,0.8039999999999998,0.459],"LeftFingers":[0.484,0.8420000000000001,0.426],"RightFingers":[0.2719999999999998,0.8490000000000002,0.407],"Core":[0.2789999999999999,0.3410000000000002,0.86],"Neck":[0.35599999999999987,0.726,0.893],"Head":[0.3879999999999999,0.8889999999999998,0.871]},"p1":{"LeftToe":[-0.639,0.5800000000000001,0.077],"RightToe":[-0.32499999999999996,1.226,0.025],"LeftHeel":[-0.41300000000000003,0.5830000000000002,0.051],"RightHeel":[-0.44999999999999996,1.029,0.031],"LeftAnkle":[-0.472,0.653,0.062],"RightAnkle":[-0.365,1.049,0.05],"LeftKnee":[-0.21999999999999997,1.004,0.05],"RightKnee":[0.03200000000000003,1.0099999999999998,0.21],"LeftHip":[-0.11099999999999999,0.5910000000000002,0.09],"RightHip":[-0.1439999999999999,0.6309999999999998,0.312],"LeftShoulder":[0.43100000000000005,0.7490000000000001,0.082],"RightShoulder":[0.39800000000000013,0.7919999999999998,0.398],"LeftElbow":[0.15399999999999991,0.8210000000000002,0.052],"RightElbow":[0.11699999999999999,0.786,0.321],"LeftWrist":[0.33499999999999996,0.8780000000000001,0.232],"RightWrist":[0.30100000000000016,0.944,0.208],"LeftHand":[0.39800000000000013,0.9039999999999999,0.277],"RightHand":[0.3730000000000002,0.9769999999999999,0.216],"LeftFingers":[0.40700000000000003,0.8759999999999999,0.354],"RightFingers":[0.43100000000000005,0.9510000000000001,0.164],"Core":[0.11500000000000021,0.6309999999999998,0.229],"Neck":[0.4660000000000002,0.8210000000000002,0.238],"Head":[0.5329999999999999,0.9740000000000002,0.223]}}