{"p0":{"LeftToe":[0.4740000000000002,-0.29200000000000004,0.025],"RightToe":[0.06099999999999994,-0.43399999999999994,0.025],"LeftHeel":[0.41900000000000004,-0.1060000000000001,0.144],"RightHeel":[0.0990000000000002,-0.22999999999999998,0.126],"LeftAnkle":[0.4660000000000002,-0.119,0.066],"RightAnkle":[0.05500000000000016,-0.2569999999999999,0.052],"LeftKnee":[0.5099999999999998,0.2959999999999998,0.085],"RightKnee":[0.017999999999999794,0.15799999999999992,0.08],"LeftHip":[0.355,-0.016999999999999904,0.356],"RightHip":[0.17899999999999983,-0.15999999999999992,0.341],"LeftShoulder":[0.29499999999999993,0.19300000000000006,0.851],"RightShoulder":[-0.04200000000000004,0.1429999999999998,0.822],"LeftElbow":[0.41500000000000004,0.28500000000000014,0.601],"RightElbow":[-0.22199999999999998,-0.026000000000000023,0.673],"LeftWrist":[0.391,0.3730000000000002,0.354],"RightWrist":[-0.1180000000000001,-0.135,0.452],"LeftHand":[0.375,0.4169999999999998,0.288],"RightHand":[-0.050000000000000044,-0.17999999999999994,0.449],"LeftFingers":[0.403,0.4049999999999998,0.217],"RightFingers":[-0.0029999999999998916,-0.18999999999999995,0.387],"Core":[0.17799999999999994,-0.004999999999999893,0.562],"Neck":[0.121,0.17600000000000016,0.882],"Head":[0.10099999999999998,0.2469999999999999,1.032]},"p1":{"LeftToe":[-0.45599999999999996,0.2160000000000002,0.786],"RightToe":[-0.42599999999999993,0.26900000000000013,0.914],"LeftHeel":[-0.30299999999999994,0.16400000000000015,0.618],"RightHeel":[-0.3660000000000001,0.17300000000000004,0.71],"LeftAnkle":[-0.31299999999999994,0.14500000000000002,0.708],"RightAnkle":[-0.3759999999999999,0.1459999999999999,0.795],"LeftKnee":[-0.03400000000000003,-0.11499999999999999,0.89],"RightKnee":[-0.30099999999999993,-0.26,0.855],"LeftHip":[-0.06600000000000006,-0.010999999999999899,0.466],"RightHip":[-0.29600000000000004,-0.03499999999999992,0.476],"LeftShoulder":[-0.1259999999999999,-0.42399999999999993,0.104],"RightShoulder":[-0.43700000000000006,-0.30699999999999994,0.092],"LeftElbow":[0.04800000000000004,-0.20799999999999996,0.194],"RightElbow":[-0.44799999999999995,-0.14700000000000002,0.336],"LeftWrist":[0.008000000000000007,-0.15700000000000003,0.447],"RightWrist":[-0.20900000000000007,-0.16399999999999992,0.464],"LeftHand":[-0.028000000000000025,-0.20799999999999996,0.501],"RightHand":[-0.15100000000000002,-0.139,0.514],"LeftFingers":[-0.10899999999999999,-0.19999999999999996,0.514],"RightFingers":[-0.07800000000000007,-0.12400000000000011,0.495],"Core":[-0.18100000000000005,-0.08400000000000007,0.235],"Neck":[-0.30200000000000005,-0.41700000000000004,0.094],"Head":[-0.361,-0.5680000000000001,0.11]}}