{"p0":{"LeftToe":[0.5,-0.2310000000000001,0.028],"RightToe":[-0.15900000000000003,-0.5149999999999999,0.104],"LeftHeel":[0.29800000000000004,-0.33000000000000007,0.053],"RightHeel":[-0.258,-0.3939999999999999,0.273],"LeftAnkle":[0.3420000000000001,-0.272,0.108],"RightAnkle":[-0.2490000000000001,-0.381,0.184],"LeftKnee":[0.254,-0.05400000000000005,0.471],"RightKnee":[-0.30499999999999994,0.020999999999999908,0.053],"LeftHip":[-0.1419999999999999,-0.21799999999999997,0.501],"RightHip":[-0.33099999999999996,-0.08600000000000008,0.47],"LeftShoulder":[0.18900000000000006,0.2669999999999999,0.467],"RightShoulder":[-0.08899999999999997,0.3639999999999999,0.349],"LeftElbow":[0.2650000000000001,0.20400000000000018,0.194],"RightElbow":[-0.262,0.5419999999999998,0.201],"LeftWrist":[0.29000000000000004,0.4049999999999998,0.02],"RightWrist":[-0.05400000000000005,0.5899999999999999,0.049],"LeftHand":[0.2610000000000001,0.46799999999999997,0.062],"RightHand":[0.020000000000000018,0.6110000000000002,0.067],"LeftFingers":[0.266,0.54,0.027],"RightFingers":[0.08300000000000018,0.6110000000000002,0.02],"Core":[-0.10099999999999998,0.04400000000000004,0.531],"Neck":[0.04800000000000004,0.3660000000000001,0.455],"Head":[0.11699999999999999,0.5129999999999999,0.435]},"p1":{"LeftToe":[-0.08699999999999997,-0.897,0.025],"RightToe":[-0.6970000000000001,-0.278,0.304],"LeftHeel":[0.05799999999999983,-0.726,0.079],"RightHeel":[-0.474,-0.256,0.345],"LeftAnkle":[-0.026999999999999913,-0.726,0.048],"RightAnkle":[-0.536,-0.18900000000000006,0.321],"LeftKnee":[-0.3500000000000001,-0.44500000000000006,0.052],"RightKnee":[-0.3420000000000001,0.19799999999999995,0.293],"LeftHip":[-0.07000000000000006,-0.1180000000000001,0.09],"RightHip":[0,-0.06600000000000006,0.302],"LeftShoulder":[-0.137,0.484,0.08],"RightShoulder":[0.12400000000000011,0.45699999999999985,0.287],"LeftElbow":[-0.29400000000000004,0.242,0.094],"RightElbow":[0.17399999999999993,0.17499999999999982,0.266],"LeftWrist":[-0.16300000000000003,0.2469999999999999,0.328],"RightWrist":[-0.01200000000000001,0.355,0.307],"LeftHand":[-0.20799999999999996,0.2610000000000001,0.391],"RightHand":[-0.01200000000000001,0.42399999999999993,0.347],"LeftFingers":[-0.18100000000000005,0.2589999999999999,0.467],"RightFingers":[-0.07000000000000006,0.44899999999999984,0.392],"Core":[-0.006000000000000005,0.1429999999999998,0.134],"Neck":[0.008999999999999897,0.5099999999999998,0.169],"Head":[-0.02299999999999991,0.6419999999999999,0.264]}}