{"p0":{"LeftToe":[0.5899999999999999,-0.20900000000000007,0.625],"RightToe":[0.2829999999999999,0.8439999999999999,0.032],"LeftHeel":[0.4079999999999999,-0.125,0.507],"RightHeel":[0.05699999999999994,0.8660000000000001,0.051],"LeftAnkle":[0.44700000000000006,-0.10699999999999998,0.589],"RightAnkle":[0.12199999999999989,0.8490000000000002,0.115],"LeftKnee":[0.2789999999999999,0.13099999999999978,0.907],"RightKnee":[0.18699999999999983,0.7719999999999998,0.533],"LeftHip":[-0.018000000000000016,0.4460000000000002,0.889],"RightHip":[0.03799999999999981,0.6680000000000001,0.922],"LeftShoulder":[-0.3320000000000001,0.43800000000000017,1.386],"RightShoulder":[-0.08200000000000007,0.6000000000000001,1.492],"LeftElbow":[-0.256,0.25,1.178],"RightElbow":[0.06000000000000005,0.827,1.389],"LeftWrist":[0.0019999999999997797,0.2120000000000002,1.201],"RightWrist":[0.08499999999999996,0.6070000000000002,1.239],"LeftHand":[0.019000000000000128,0.20599999999999996,1.28],"RightHand":[0.03600000000000003,0.544,1.235],"LeftFingers":[0.06599999999999984,0.2599999999999998,1.314],"RightFingers":[0.0040000000000000036,0.5059999999999998,1.294],"Core":[-0.09899999999999998,0.5569999999999999,1.123],"Neck":[-0.20599999999999996,0.4790000000000001,1.5],"Head":[-0.19799999999999995,0.3799999999999999,1.634]},"p1":{"LeftToe":[0.06700000000000017,0.6320000000000001,0.047],"RightToe":[0.5529999999999999,0.10400000000000009,0.033],"LeftHeel":[0.28100000000000014,0.7130000000000001,0.045],"RightHeel":[0.7519999999999998,0.21700000000000008,0.067],"LeftAnkle":[0.22699999999999987,0.6869999999999998,0.115],"RightAnkle":[0.6859999999999999,0.18699999999999983,0.117],"LeftKnee":[0.14500000000000002,0.5859999999999999,0.526],"RightKnee":[0.5270000000000001,0.2410000000000001,0.511],"LeftHip":[0.3540000000000001,0.5409999999999999,0.902],"RightHip":[0.52,0.3799999999999999,0.92],"LeftShoulder":[0.129,0.5550000000000002,1.378],"RightShoulder":[0.274,0.3210000000000002,1.461],"LeftElbow":[-0.028000000000000025,0.7850000000000001,1.29],"RightElbow":[0.09799999999999986,0.27,1.237],"LeftWrist":[-0.2370000000000001,0.6309999999999998,1.252],"RightWrist":[-0.16999999999999993,0.262,1.243],"LeftHand":[-0.30099999999999993,0.581,1.242],"RightHand":[-0.2290000000000001,0.258,1.298],"LeftFingers":[-0.29000000000000004,0.5009999999999999,1.233],"RightFingers":[-0.30499999999999994,0.2629999999999999,1.269],"Core":[0.4129999999999998,0.4670000000000001,1.153],"Neck":[0.15200000000000014,0.43999999999999995,1.509],"Head":[0.07799999999999985,0.3679999999999999,1.64]}}