{"p0":{"LeftToe":[0.1259999999999999,-0.272,0.025],"RightToe":[-0.3819999999999999,-0.29499999999999993,0.025],"LeftHeel":[-0.038999999999999924,-0.43599999999999994,0.03],"RightHeel":[-0.476,-0.506,0.035],"LeftAnkle":[-0.006000000000000005,-0.373,0.089],"RightAnkle":[-0.43599999999999994,-0.45199999999999996,0.095],"LeftKnee":[0.18900000000000006,-0.07899999999999996,0.333],"RightKnee":[-0.22199999999999998,-0.129,0.28],"LeftHip":[0.03200000000000003,-0.31299999999999994,0.66],"RightHip":[-0.16399999999999992,-0.20199999999999996,0.701],"LeftShoulder":[0.3290000000000002,0.16900000000000004,0.773],"RightShoulder":[0.0259999999999998,0.28200000000000003,0.714],"LeftElbow":[0.34799999999999986,-0.10699999999999998,0.681],"RightElbow":[0.015000000000000124,0.125,0.468],"LeftWrist":[0.47699999999999987,0.07900000000000018,0.558],"RightWrist":[0.2120000000000002,0.31199999999999983,0.463],"LeftHand":[0.5,0.1030000000000002,0.488],"RightHand":[0.2599999999999998,0.3740000000000001,0.441],"LeftFingers":[0.472,0.07600000000000007,0.419],"RightFingers":[0.30699999999999994,0.41500000000000004,0.488],"Core":[0.05799999999999983,-0.08099999999999996,0.79],"Neck":[0.19099999999999984,0.28100000000000014,0.776],"Head":[0.2799999999999998,0.42200000000000015,0.786]},"p1":{"LeftToe":[0.7130000000000001,1.2229999999999999,0.025],"RightToe":[0.782,0.573,0.083],"LeftHeel":[0.718,1.0739999999999998,0.198],"RightHeel":[0.843,0.6349999999999998,0.298],"LeftAnkle":[0.6709999999999998,1.072,0.119],"RightAnkle":[0.7679999999999998,0.609,0.26],"LeftKnee":[0.3460000000000001,0.7879999999999998,0.115],"RightKnee":[0.5499999999999998,0.2679999999999998,0.115],"LeftHip":[0.5150000000000001,0.7149999999999999,0.506],"RightHip":[0.6299999999999999,0.5270000000000001,0.448],"LeftShoulder":[0.09200000000000008,0.32600000000000007,0.528],"RightShoulder":[0.33199999999999985,0.137,0.531],"LeftElbow":[0.03399999999999981,0.3540000000000001,0.246],"RightElbow":[0.4950000000000001,-0.08499999999999996,0.446],"LeftWrist":[-0.050000000000000044,0.2290000000000001,0.036],"RightWrist":[0.2410000000000001,-0.18100000000000005,0.415],"LeftHand":[-0.09699999999999998,0.17899999999999983,0.076],"RightHand":[0.18199999999999994,-0.2350000000000001,0.411],"LeftFingers":[-0.15100000000000002,0.13200000000000012,0.045],"RightFingers":[0.10999999999999988,-0.2230000000000001,0.38],"Core":[0.4169999999999998,0.4870000000000001,0.606],"Neck":[0.17300000000000004,0.18000000000000016,0.581],"Head":[0.121,0.028000000000000025,0.603]}}