{"p0":{"LeftToe":[0.5299999999999998,-0.18199999999999994,0.027],"RightToe":[-0.375,-0.42199999999999993,0.025],"LeftHeel":[0.44300000000000006,-0.397,0.03],"RightHeel":[-0.2609999999999999,-0.6220000000000001,0.033],"LeftAnkle":[0.45100000000000007,-0.33000000000000007,0.085],"RightAnkle":[-0.276,-0.554,0.092],"LeftKnee":[0.35599999999999987,-0.16500000000000004,0.468],"RightKnee":[-0.28400000000000003,-0.256,0.406],"LeftHip":[0.20000000000000018,-0.44500000000000006,0.753],"RightHip":[-0.02200000000000002,-0.4039999999999999,0.717],"LeftShoulder":[0.23499999999999988,0.133,0.818],"RightShoulder":[-0.08000000000000007,0.1030000000000002,0.886],"LeftElbow":[0.2240000000000002,0.06700000000000017,0.533],"RightElbow":[-0.22799999999999998,0.06199999999999983,0.639],"LeftWrist":[0.06499999999999995,0.15600000000000014,0.349],"RightWrist":[-0.2529999999999999,0.2400000000000002,0.44],"LeftHand":[0.08099999999999996,0.21700000000000008,0.299],"RightHand":[-0.30099999999999993,0.30600000000000005,0.457],"LeftFingers":[0.03299999999999992,0.2570000000000001,0.254],"RightFingers":[-0.30600000000000005,0.3599999999999999,0.397],"Core":[0.11299999999999999,-0.21199999999999997,0.855],"Neck":[0.08499999999999996,0.1629999999999998,0.907],"Head":[0.1160000000000001,0.32600000000000007,0.935]},"p1":{"LeftToe":[0.8090000000000002,1.2799999999999998,0.029],"RightToe":[0.778,0.5409999999999999,0.025],"LeftHeel":[0.706,1.21,0.221],"RightHeel":[0.6779999999999999,0.6379999999999999,0.212],"LeftAnkle":[0.6829999999999998,1.198,0.133],"RightAnkle":[0.6549999999999998,0.5819999999999999,0.148],"LeftKnee":[0.3250000000000002,0.96,0.1],"RightKnee":[0.2959999999999998,0.3490000000000002,0.144],"LeftHip":[0.21799999999999997,0.7610000000000001,0.467],"RightHip":[0.3660000000000001,0.5910000000000002,0.496],"LeftShoulder":[-0.2350000000000001,0.42700000000000005,0.448],"RightShoulder":[-0.038000000000000034,0.2450000000000001,0.333],"LeftElbow":[-0.2350000000000001,0.5329999999999999,0.179],"RightElbow":[-0.004999999999999893,0.17099999999999982,0.053],"LeftWrist":[-0.397,0.4009999999999998,0.027],"RightWrist":[-0.274,0.18699999999999983,0.029],"LeftHand":[-0.4610000000000001,0.375,0.067],"RightHand":[-0.3400000000000001,0.1499999999999999,0.048],"LeftFingers":[-0.518,0.33499999999999996,0.022],"RightFingers":[-0.4119999999999999,0.15399999999999991,0.02],"Core":[0.11100000000000021,0.5190000000000001,0.529],"Neck":[-0.18599999999999994,0.262,0.428],"Head":[-0.31400000000000006,0.23899999999999988,0.327]}}