{"p0":{"LeftToe":[-0.15799999999999992,-0.123,0.053],"RightToe":[0.19600000000000017,-0.40700000000000003,0.028],"LeftHeel":[-0.14300000000000002,0.020999999999999908,0.234],"RightHeel":[0.18000000000000016,-0.18100000000000005,0.07],"LeftAnkle":[-0.14500000000000002,-0.06600000000000006,0.221],"RightAnkle":[0.18999999999999995,-0.254,0.117],"LeftKnee":[-0.20599999999999996,-0.2669999999999999,0.595],"RightKnee":[0.133,-0.22799999999999998,0.541],"LeftHip":[-0.19999999999999996,0.1160000000000001,0.397],"RightHip":[0.02499999999999991,0.16199999999999992,0.393],"LeftShoulder":[-0.19900000000000007,-0.06899999999999995,0.89],"RightShoulder":[0.07600000000000007,-0.030999999999999917,0.881],"LeftElbow":[-0.2569999999999999,-0.2869999999999999,0.704],"RightElbow":[0.23099999999999987,-0.21399999999999997,0.721],"LeftWrist":[-0.0029999999999998916,-0.29400000000000004,0.75],"RightWrist":[-0.03699999999999992,-0.17900000000000005,0.684],"LeftHand":[0.07500000000000018,-0.31299999999999994,0.733],"RightHand":[-0.1140000000000001,-0.20399999999999996,0.685],"LeftFingers":[0.13600000000000012,-0.30099999999999993,0.781],"RightFingers":[-0.15900000000000003,-0.20199999999999996,0.75],"Core":[-0.09499999999999997,0.18299999999999983,0.636],"Neck":[-0.04800000000000004,-0.133,0.946],"Head":[-0.010999999999999899,-0.2629999999999999,1.038]},"p1":{"LeftToe":[0.581,-0.9570000000000001,0.025],"RightToe":[-0.31099999999999994,0.16500000000000004,0.606],"LeftHeel":[0.3540000000000001,-0.996,0.032],"RightHeel":[-0.32699999999999996,-0.06099999999999994,0.647],"LeftAnkle":[0.41500000000000004,-0.9670000000000001,0.093],"RightAnkle":[-0.27,0.0030000000000001137,0.666],"LeftKnee":[0.5019999999999998,-0.8400000000000001,0.496],"RightKnee":[0.041999999999999815,-0.2569999999999999,0.814],"LeftHip":[0.2549999999999999,-0.81,0.844],"RightHip":[0.06800000000000006,-0.683,0.882],"LeftShoulder":[0.4790000000000001,-0.395,1.183],"RightShoulder":[0.16900000000000004,-0.377,1.278],"LeftElbow":[0.4820000000000002,-0.373,0.892],"RightElbow":[-0.040000000000000036,-0.563,1.195],"LeftWrist":[0.30299999999999994,-0.19100000000000006,0.927],"RightWrist":[-0.010000000000000009,-0.30000000000000004,1.147],"LeftHand":[0.266,-0.127,0.952],"RightHand":[0.01200000000000001,-0.2250000000000001,1.166],"LeftFingers":[0.19300000000000006,-0.1080000000000001,0.936],"RightFingers":[0.052000000000000046,-0.17399999999999993,1.124],"Core":[0.2570000000000001,-0.673,1.078],"Neck":[0.3330000000000002,-0.32200000000000006,1.246],"Head":[0.34799999999999986,-0.16100000000000003,1.24]}}