{"p0":{"LeftToe":[0.18000000000000016,-0.19100000000000006,0.035],"RightToe":[0.41500000000000004,0.81,0.045],"LeftHeel":[0.11500000000000021,-0.21700000000000008,0.251],"RightHeel":[0.2519999999999998,0.6499999999999999,0.071],"LeftAnkle":[0.17700000000000005,-0.16500000000000004,0.213],"RightAnkle":[0.31000000000000005,0.6880000000000002,0.132],"LeftKnee":[0.4289999999999998,0.1389999999999998,0.381],"RightKnee":[0.28600000000000003,0.5409999999999999,0.534],"LeftHip":[0.2400000000000002,0.015000000000000124,0.744],"RightHip":[0.11399999999999988,0.20999999999999996,0.754],"LeftShoulder":[0.5680000000000001,0.32299999999999995,1.052],"RightShoulder":[0.2919999999999998,0.488,1.102],"LeftElbow":[0.6699999999999999,0.28900000000000015,0.783],"RightElbow":[0.2320000000000002,0.6110000000000002,0.845],"LeftWrist":[0.77,0.5009999999999999,0.889],"RightWrist":[0.484,0.661,0.919],"LeftHand":[0.831,0.5219999999999998,0.934],"RightHand":[0.536,0.6789999999999998,0.98],"LeftFingers":[0.875,0.5870000000000002,0.909],"RightFingers":[0.5939999999999999,0.625,0.999],"Core":[0.2509999999999999,0.1419999999999999,0.98],"Neck":[0.45100000000000007,0.41999999999999993,1.135],"Head":[0.5569999999999999,0.5339999999999998,1.196]},"p1":{"LeftToe":[0.8279999999999998,1.287,0.026],"RightToe":[0.8780000000000001,0.6640000000000001,0.025],"LeftHeel":[1.0030000000000001,1.4289999999999998,0.063],"RightHeel":[1.037,0.831,0.036],"LeftAnkle":[0.9529999999999998,1.379,0.123],"RightAnkle":[0.9870000000000001,0.7869999999999999,0.096],"LeftKnee":[0.7650000000000001,1.1949999999999998,0.465],"RightKnee":[0.9809999999999999,0.8319999999999999,0.521],"LeftHip":[0.9239999999999999,1.2040000000000002,0.864],"RightHip":[1.0739999999999998,1.0299999999999998,0.888],"LeftShoulder":[0.4929999999999999,0.8239999999999998,0.862],"RightShoulder":[0.726,0.6110000000000002,0.961],"LeftElbow":[0.2410000000000001,0.8660000000000001,0.721],"RightElbow":[0.8010000000000002,0.5150000000000001,0.699],"LeftWrist":[0.17499999999999982,0.6200000000000001,0.777],"RightWrist":[0.7679999999999998,0.35199999999999987,0.912],"LeftHand":[0.16100000000000003,0.5659999999999998,0.832],"RightHand":[0.7589999999999999,0.31300000000000017,0.98],"LeftFingers":[0.16599999999999993,0.4889999999999999,0.827],"RightFingers":[0.6819999999999999,0.29700000000000015,1.004],"Core":[0.8210000000000002,0.9700000000000002,0.956],"Neck":[0.5659999999999998,0.6829999999999998,0.935],"Head":[0.512,0.5299999999999998,0.927]}}