{"p0":{"LeftToe":[1.077,0.20299999999999985,0.066],"RightToe":[0.4079999999999999,-0.355,0.074],"LeftHeel":[0.9359999999999999,0.040999999999999925,0.141],"RightHeel":[0.31800000000000006,-0.365,0.288],"LeftAnkle":[0.9380000000000002,0.13099999999999978,0.16],"RightAnkle":[0.33899999999999997,-0.30299999999999994,0.229],"LeftKnee":[0.6190000000000002,0.2639999999999998,0.417],"RightKnee":[0.46899999999999986,0.06899999999999995,0.05],"LeftHip":[0.25,0.09200000000000008,0.547],"RightHip":[0.15600000000000014,0.03399999999999981,0.346],"LeftShoulder":[0.2719999999999998,0.6259999999999999,0.316],"RightShoulder":[-0.028000000000000025,0.6059999999999999,0.282],"LeftElbow":[0.4889999999999999,0.4969999999999999,0.169],"RightElbow":[-0.1379999999999999,0.3410000000000002,0.292],"LeftWrist":[0.43000000000000016,0.706,0.031],"RightWrist":[0.08700000000000019,0.19399999999999995,0.29],"LeftHand":[0.40700000000000003,0.7789999999999999,0.057],"RightHand":[0.1589999999999998,0.18900000000000006,0.318],"LeftFingers":[0.4169999999999998,0.8479999999999999,0.021],"RightFingers":[0.20900000000000007,0.23899999999999988,0.349],"Core":[0.13600000000000012,0.29499999999999993,0.405],"Neck":[0.12199999999999989,0.6909999999999998,0.259],"Head":[0.10199999999999987,0.835,0.18]},"p1":{"LeftToe":[0.548,-0.657,0.102],"RightToe":[0.43800000000000017,-0.7390000000000001,0.037],"LeftHeel":[0.3780000000000001,-0.52,0.164],"RightHeel":[0.29000000000000004,-0.567,0.062],"LeftAnkle":[0.46799999999999997,-0.5049999999999999,0.163],"RightAnkle":[0.3809999999999998,-0.567,0.051],"LeftKnee":[0.5750000000000002,-0.10200000000000009,0.273],"RightKnee":[0.5329999999999999,-0.16199999999999992,0.05],"LeftHip":[0.1509999999999998,-0.139,0.311],"RightHip":[0.10899999999999999,-0.19500000000000006,0.091],"LeftShoulder":[0.029999999999999805,0.41800000000000015,0.238],"RightShoulder":[0.29700000000000015,0.3330000000000002,0.164],"LeftElbow":[-0.03299999999999992,0.26900000000000013,0.48],"RightElbow":[0.3700000000000001,0.07699999999999996,0.284],"LeftWrist":[0.21099999999999985,0.31700000000000017,0.548],"RightWrist":[0.29700000000000015,0.2410000000000001,0.484],"LeftHand":[0.28100000000000014,0.3210000000000002,0.513],"RightHand":[0.2759999999999998,0.2829999999999999,0.551],"LeftFingers":[0.3340000000000001,0.2599999999999998,0.526],"RightFingers":[0.2599999999999998,0.359,0.552],"Core":[0.051000000000000156,0.05900000000000016,0.156],"Neck":[0.1589999999999998,0.43299999999999983,0.117],"Head":[0.16199999999999992,0.6000000000000001,0.113]}}