{"p0":{"LeftToe":[0.2549999999999999,0.863,0.025],"RightToe":[0.2509999999999999,0.007000000000000117,0.194],"LeftHeel":[0.04599999999999982,0.855,0.115],"RightHeel":[0.2250000000000001,0.21399999999999997,0.286],"LeftAnkle":[0.07399999999999984,0.8809999999999998,0.031],"RightAnkle":[0.17099999999999982,0.16800000000000015,0.227],"LeftKnee":[-0.347,0.9580000000000002,0.051],"RightKnee":[-0.19199999999999995,0.3290000000000002,0.068],"LeftHip":[0.020000000000000018,0.8250000000000002,0.235],"RightHip":[0.06000000000000005,0.6030000000000002,0.287],"LeftShoulder":[-0.45100000000000007,0.903,0.333],"RightShoulder":[-0.5009999999999999,0.6400000000000001,0.452],"LeftElbow":[-0.43199999999999994,0.8849999999999998,0.045],"RightElbow":[-0.6739999999999999,0.4169999999999998,0.382],"LeftWrist":[-0.653,0.7450000000000001,0.045],"RightWrist":[-0.788,0.569,0.19],"LeftHand":[-0.72,0.7050000000000001,0.021],"RightHand":[-0.841,0.6200000000000001,0.154],"LeftFingers":[-0.7589999999999999,0.6560000000000001,0.073],"RightFingers":[-0.8400000000000001,0.6429999999999998,0.08],"Core":[-0.1419999999999999,0.718,0.422],"Neck":[-0.5740000000000001,0.7879999999999998,0.387],"Head":[-0.7250000000000001,0.851,0.362]},"p1":{"LeftToe":[0.3759999999999999,-0.038000000000000034,0.049],"RightToe":[-0.131,-0.44999999999999996,0.032],"LeftHeel":[0.18500000000000005,-0.04699999999999993,0.172],"RightHeel":[-0.252,-0.2609999999999999,0.078],"LeftAnkle":[0.246,0.020000000000000018,0.161],"RightAnkle":[-0.16199999999999992,-0.274,0.069],"LeftKnee":[0.18400000000000016,0.43500000000000005,0.053],"RightKnee":[0.16900000000000004,-0.0029999999999998916,0.05],"LeftHip":[-0.123,0.2919999999999998,0.314],"RightHip":[-0.20799999999999996,0.18800000000000017,0.124],"LeftShoulder":[-0.651,0.5870000000000002,0.339],"RightShoulder":[-0.5169999999999999,0.694,0.083],"LeftElbow":[-0.6259999999999999,0.762,0.571],"RightElbow":[-0.27,0.8159999999999998,0.165],"LeftWrist":[-0.4830000000000001,0.9409999999999998,0.448],"RightWrist":[-0.3480000000000001,0.98,0.368],"LeftHand":[-0.44599999999999995,1.0139999999999998,0.443],"RightHand":[-0.377,0.9569999999999999,0.441],"LeftFingers":[-0.373,1.0110000000000001,0.404],"RightFingers":[-0.45500000000000007,0.9340000000000002,0.441],"Core":[-0.3640000000000001,0.3820000000000001,0.219],"Neck":[-0.637,0.6040000000000001,0.167],"Head":[-0.74,0.7290000000000001,0.151]}}