{"p0":{"LeftToe":[1.017,0.6200000000000001,0.025],"RightToe":[0.516,-0.016000000000000014,0.246],"LeftHeel":[0.9060000000000001,0.42200000000000015,0.033],"RightHeel":[0.41000000000000014,0.1629999999999998,0.339],"LeftAnkle":[0.8820000000000001,0.5089999999999999,0.055],"RightAnkle":[0.4660000000000002,0.15799999999999992,0.268],"LeftKnee":[0.6949999999999998,0.8519999999999999,0.239],"RightKnee":[0.5270000000000001,0.5289999999999999,0.053],"LeftHip":[0.4710000000000001,0.5870000000000002,0.496],"RightHip":[0.31599999999999984,0.43800000000000017,0.414],"LeftShoulder":[0.15300000000000002,1.0459999999999998,0.467],"RightShoulder":[-0.06600000000000006,0.8330000000000002,0.294],"LeftElbow":[0.4289999999999998,1.109,0.395],"RightElbow":[-0.07099999999999995,0.605,0.114],"LeftWrist":[0.31199999999999983,1.081,0.164],"RightWrist":[0.06499999999999995,0.8159999999999998,0.02],"LeftHand":[0.31999999999999984,1.112,0.092],"RightHand":[0.0030000000000001137,0.8660000000000001,0.02],"LeftFingers":[0.27,1.085,0.032],"RightFingers":[0.015000000000000124,0.9449999999999998,0.028],"Core":[0.21899999999999986,0.6819999999999999,0.473],"Neck":[0.02400000000000002,0.948,0.396],"Head":[-0.03400000000000003,1.088,0.334]},"p1":{"LeftToe":[0.4119999999999999,-0.19999999999999996,0.025],"RightToe":[0.4209999999999998,-0.31200000000000006,0.256],"LeftHeel":[0.3700000000000001,0.028999999999999915,0.03],"RightHeel":[0.28100000000000014,-0.16300000000000003,0.153],"LeftAnkle":[0.4009999999999998,-0.03200000000000003,0.085],"RightAnkle":[0.3690000000000002,-0.16999999999999993,0.16],"LeftKnee":[0.6019999999999999,0.254,0.332],"RightKnee":[0.694,0.09299999999999997,0.071],"LeftHip":[0.18400000000000016,0.3380000000000001,0.266],"RightHip":[0.32799999999999985,0.3210000000000002,0.09],"LeftShoulder":[-0.0129999999999999,0.8650000000000002,0.085],"RightShoulder":[0.28200000000000003,0.9220000000000002,0.081],"LeftElbow":[-0.26,0.726,0.158],"RightElbow":[0.4580000000000002,0.8849999999999998,0.31],"LeftWrist":[-0.08099999999999996,0.5779999999999998,0.275],"RightWrist":[0.2919999999999998,1.089,0.36],"LeftHand":[-0.020999999999999908,0.5350000000000001,0.309],"RightHand":[0.2509999999999999,1.149,0.399],"LeftFingers":[0.04899999999999993,0.5329999999999999,0.267],"RightFingers":[0.2469999999999999,1.154,0.479],"Core":[0.20000000000000018,0.5609999999999999,0.11],"Neck":[0.1200000000000001,0.9790000000000001,0.1],"Head":[0.09200000000000008,1.1429999999999998,0.111]}}