{"p0":{"LeftToe":[-0.3879999999999999,-0.391,0.027],"RightToe":[-0.5860000000000001,-0.06000000000000005,0.025],"LeftHeel":[-0.2470000000000001,-0.2909999999999999,0.178],"RightHeel":[-0.43799999999999994,0.015000000000000124,0.181],"LeftAnkle":[-0.236,-0.32699999999999996,0.094],"RightAnkle":[-0.4610000000000001,0.04899999999999993,0.098],"LeftKnee":[0.18599999999999994,-0.2410000000000001,0.057],"RightKnee":[-0.21999999999999997,0.4039999999999999,0.05],"LeftHip":[-0.1519999999999999,-0.139,0.299],"RightHip":[-0.28,0.04999999999999982,0.282],"LeftShoulder":[0.24800000000000022,0.2869999999999999,0.468],"RightShoulder":[-0.050999999999999934,0.44499999999999984,0.396],"LeftElbow":[0.4830000000000001,0.2759999999999998,0.298],"RightElbow":[-0.08099999999999996,0.6480000000000001,0.189],"LeftWrist":[0.3959999999999999,0.4929999999999999,0.181],"RightWrist":[0.18299999999999983,0.6360000000000001,0.237],"LeftHand":[0.3610000000000002,0.5659999999999998,0.174],"RightHand":[0.21700000000000008,0.6099999999999999,0.304],"LeftFingers":[0.28100000000000014,0.5760000000000001,0.182],"RightFingers":[0.2959999999999998,0.5859999999999999,0.298],"Core":[-0.05400000000000005,0.07399999999999984,0.431],"Neck":[0.11500000000000021,0.3969999999999998,0.432],"Head":[0.0990000000000002,0.5630000000000002,0.433]},"p1":{"LeftToe":[-0.31000000000000005,0.33000000000000007,0.751],"RightToe":[0.08400000000000007,0.6840000000000002,0.764],"LeftHeel":[-0.20500000000000007,0.21899999999999986,0.583],"RightHeel":[0.052999999999999936,0.46799999999999997,0.687],"LeftAnkle":[-0.22999999999999998,0.3039999999999998,0.593],"RightAnkle":[0.10899999999999999,0.5339999999999998,0.672],"LeftKnee":[-0.19700000000000006,0.565,0.256],"RightKnee":[0.3730000000000002,0.44099999999999984,0.347],"LeftHip":[0.09200000000000008,0.2839999999999998,0.104],"RightHip":[0.09399999999999986,0.12300000000000022,0.265],"LeftShoulder":[0.653,0.27,0.08],"RightShoulder":[0.6280000000000001,0.0009999999999998899,0.27],"LeftElbow":[0.43999999999999995,0.4670000000000001,0.093],"RightElbow":[0.3490000000000002,-0.06600000000000006,0.261],"LeftWrist":[0.2360000000000002,0.5619999999999998,0.228],"RightWrist":[0.2400000000000002,0.11900000000000022,0.427],"LeftHand":[0.16400000000000015,0.5670000000000002,0.267],"RightHand":[0.2280000000000002,0.08800000000000008,0.499],"LeftFingers":[0.121,0.5049999999999999,0.286],"RightFingers":[0.20999999999999996,0.133,0.561],"Core":[0.31499999999999995,0.1280000000000001,0.114],"Neck":[0.673,0.1080000000000001,0.142],"Head":[0.827,0.0950000000000002,0.206]}}