{"p0":{"LeftToe":[-0.3779999999999999,-0.5589999999999999,0.025],"RightToe":[-0.6539999999999999,0.0040000000000000036,0.026],"LeftHeel":[-0.31400000000000006,-0.33699999999999997,0.03],"RightHeel":[-0.42700000000000005,-0.03299999999999992,0.03],"LeftAnkle":[-0.278,-0.4139999999999999,0.047],"RightAnkle":[-0.4790000000000001,0.03799999999999981,0.03],"LeftKnee":[0.1429999999999998,-0.34099999999999997,0.058],"RightKnee":[-0.19399999999999995,0.35599999999999987,0.052],"LeftHip":[-0.21700000000000008,-0.21199999999999997,0.261],"RightHip":[-0.3360000000000001,-0.018000000000000016,0.215],"LeftShoulder":[0.15399999999999991,-0.17900000000000005,0.519],"RightShoulder":[0.19099999999999984,0.16000000000000014,0.51],"LeftElbow":[0.20299999999999985,-0.31000000000000005,0.262],"RightElbow":[0.3420000000000001,0.01200000000000001,0.315],"LeftWrist":[0.23099999999999987,-0.06000000000000005,0.204],"RightWrist":[0.5270000000000001,-0.17999999999999994,0.292],"LeftHand":[0.2240000000000002,-0.06400000000000006,0.285],"RightHand":[0.56,-0.246,0.327],"LeftFingers":[0.254,-0.004999999999999893,0.329],"RightFingers":[0.5819999999999999,-0.31000000000000005,0.283],"Core":[-0.11499999999999999,0.019000000000000128,0.363],"Neck":[0.20299999999999985,-0.01200000000000001,0.551],"Head":[0.3599999999999999,-0.030999999999999917,0.605]},"p1":{"LeftToe":[1.0699999999999998,-0.11499999999999999,0.809],"RightToe":[0.008999999999999897,-0.31699999999999995,0.874],"LeftHeel":[0.899,0.03399999999999981,0.769],"RightHeel":[0.12400000000000011,-0.1339999999999999,0.799],"LeftAnkle":[0.9409999999999998,-0.026999999999999913,0.716],"RightAnkle":[0.08099999999999996,-0.19900000000000007,0.76],"LeftKnee":[0.7090000000000001,-0.05400000000000005,0.354],"RightKnee":[0.0259999999999998,-0.274,0.34],"LeftHip":[0.3929999999999998,0.18900000000000006,0.186],"RightHip":[0.17899999999999983,0.10199999999999987,0.192],"LeftShoulder":[0.5209999999999999,-0.3839999999999999,0.201],"RightShoulder":[0.18100000000000005,-0.3740000000000001,0.16],"LeftElbow":[0.5880000000000001,-0.11699999999999999,0.101],"RightElbow":[0.07799999999999985,-0.1080000000000001,0.098],"LeftWrist":[0.4860000000000002,-0.07000000000000006,0.335],"RightWrist":[-0.1359999999999999,-0.2669999999999999,0.073],"LeftHand":[0.44099999999999984,-0.12200000000000011,0.372],"RightHand":[-0.14900000000000002,-0.34299999999999997,0.074],"LeftFingers":[0.3820000000000001,-0.16199999999999992,0.338],"RightFingers":[-0.10200000000000009,-0.397,0.108],"Core":[0.3690000000000002,-0.06299999999999994,0.1],"Neck":[0.347,-0.4159999999999999,0.205],"Head":[0.30900000000000016,-0.569,0.254]}}