{"p0":{"LeftToe":[0.2410000000000001,1.1909999999999998,0.067],"RightToe":[1.133,0.758,0.049],"LeftHeel":[0.2290000000000001,1.1070000000000002,0.279],"RightHeel":[0.9089999999999998,0.7930000000000001,0.038],"LeftAnkle":[0.2160000000000002,1.0699999999999998,0.198],"RightAnkle":[0.9620000000000002,0.7570000000000001,0.097],"LeftKnee":[0.15600000000000014,0.6720000000000002,0.05],"RightKnee":[0.863,0.5680000000000001,0.469],"LeftHip":[0.24299999999999988,0.7320000000000002,0.468],"RightHip":[0.4590000000000001,0.706,0.534],"LeftShoulder":[0.04999999999999982,0.351,0.884],"RightShoulder":[0.359,0.2469999999999999,0.844],"LeftElbow":[-0.133,0.40200000000000014,0.668],"RightElbow":[0.3210000000000002,0.15600000000000014,0.57],"LeftWrist":[0.01200000000000001,0.22999999999999998,0.532],"RightWrist":[0.09200000000000008,0.27700000000000014,0.493],"LeftHand":[0.05699999999999994,0.22699999999999987,0.47],"RightHand":[0.016000000000000014,0.2749999999999999,0.479],"LeftFingers":[0.09200000000000008,0.2789999999999999,0.425],"RightFingers":[-0.026000000000000023,0.3450000000000002,0.478],"Core":[0.27700000000000014,0.565,0.68],"Neck":[0.20299999999999985,0.2719999999999998,0.927],"Head":[0.20800000000000018,0.13099999999999978,1.016]},"p1":{"LeftToe":[0.3370000000000002,0.06700000000000017,0.03],"RightToe":[0.12300000000000022,0.5760000000000001,0.031],"LeftHeel":[0.12300000000000022,-0.02400000000000002,0.036],"RightHeel":[0.0009999999999998899,0.379,0.03],"LeftAnkle":[0.18000000000000016,0.0129999999999999,0.092],"RightAnkle":[0.03799999999999981,0.43000000000000016,0.097],"LeftKnee":[0.2759999999999998,0.009999999999999787,0.51],"RightKnee":[0.06000000000000005,0.3610000000000002,0.523],"LeftHip":[0.06000000000000005,-0.04699999999999993,0.874],"RightHip":[-0.05800000000000005,0.15300000000000002,0.882],"LeftShoulder":[0.31599999999999984,0.05500000000000016,1.325],"RightShoulder":[0.09100000000000019,0.258,1.406],"LeftElbow":[0.43999999999999995,-0.006000000000000005,1.073],"RightElbow":[-0.08299999999999996,0.19899999999999984,1.184],"LeftWrist":[0.41500000000000004,0.20900000000000007,0.925],"RightWrist":[0.06000000000000005,0.32699999999999996,0.992],"LeftHand":[0.43400000000000016,0.27700000000000014,0.964],"RightHand":[0.09699999999999998,0.3969999999999998,1.017],"LeftFingers":[0.42600000000000016,0.3490000000000002,0.932],"RightFingers":[0.14100000000000001,0.43400000000000016,0.959],"Core":[0.0040000000000000036,0.040000000000000036,1.121],"Neck":[0.24800000000000022,0.18699999999999983,1.42],"Head":[0.39400000000000013,0.2679999999999998,1.43]}}