{"p0":{"LeftToe":[0.34399999999999986,0.6070000000000002,0.027],"RightToe":[-0.397,0.8250000000000002,0.025],"LeftHeel":[0.32399999999999984,0.3809999999999998,0.043],"RightHeel":[-0.21399999999999997,0.6819999999999999,0.03],"LeftAnkle":[0.31499999999999995,0.44700000000000006,0.107],"RightAnkle":[-0.274,0.7109999999999999,0.086],"LeftKnee":[0.29899999999999993,0.7349999999999999,0.43],"RightKnee":[-0.28400000000000003,0.6789999999999998,0.513],"LeftHip":[0.19899999999999984,0.45299999999999985,0.736],"RightHip":[-0.030999999999999917,0.43299999999999983,0.756],"LeftShoulder":[0.29499999999999993,0.6539999999999999,1.232],"RightShoulder":[-0.018999999999999906,0.6139999999999999,1.298],"LeftElbow":[0.3700000000000001,0.7519999999999998,0.968],"RightElbow":[-0.30000000000000004,0.6280000000000001,1.218],"LeftWrist":[0.15799999999999992,0.8999999999999999,1.012],"RightWrist":[-0.2230000000000001,0.8719999999999999,1.138],"LeftHand":[0.1120000000000001,0.952,1.052],"RightHand":[-0.21399999999999997,0.952,1.137],"LeftFingers":[0.06999999999999984,1.012,1.021],"RightFingers":[-0.15900000000000003,0.9910000000000001,1.098],"Core":[0.10099999999999998,0.45699999999999985,0.987],"Neck":[0.1429999999999998,0.6840000000000002,1.315],"Head":[0.16400000000000015,0.7890000000000001,1.444]},"p1":{"LeftToe":[-0.496,0.6480000000000001,0.032],"RightToe":[-0.31000000000000005,1.4820000000000002,0.025],"LeftHeel":[-0.3540000000000001,0.6779999999999999,0.214],"RightHeel":[-0.32600000000000007,1.314,0.185],"LeftAnkle":[-0.377,0.613,0.159],"RightAnkle":[-0.2769999999999999,1.33,0.113],"LeftKnee":[-0.03499999999999992,0.3610000000000002,0.094],"RightKnee":[0.09200000000000008,1.1150000000000002,0.092],"LeftHip":[-0.06800000000000006,0.6579999999999999,0.407],"RightHip":[0.02499999999999991,0.867,0.436],"LeftShoulder":[-0.21799999999999997,0.5249999999999999,0.912],"RightShoulder":[-0.026999999999999913,0.774,1.03],"LeftElbow":[-0.20599999999999996,0.29499999999999993,0.734],"RightElbow":[0.19399999999999995,0.706,0.858],"LeftWrist":[0.028999999999999915,0.31800000000000006,0.849],"RightWrist":[0.2509999999999999,0.4460000000000002,0.905],"LeftHand":[0.10400000000000009,0.30200000000000005,0.872],"RightHand":[0.27,0.3660000000000001,0.908],"LeftFingers":[0.16900000000000004,0.3420000000000001,0.855],"RightFingers":[0.20800000000000018,0.31499999999999995,0.887],"Core":[-0.06699999999999995,0.7530000000000001,0.662],"Neck":[-0.119,0.625,1.015],"Head":[-0.15300000000000002,0.5019999999999998,1.123]}}