{"p0":{"LeftToe":[0.9140000000000001,0.45500000000000007,0.025],"RightToe":[0.7320000000000002,0.06800000000000006,0.025],"LeftHeel":[0.7280000000000002,0.5550000000000002,0.121],"RightHeel":[0.5779999999999998,0.19300000000000006,0.138],"LeftAnkle":[0.7709999999999999,0.565,0.045],"RightAnkle":[0.569,0.133,0.07],"LeftKnee":[0.45100000000000007,0.8559999999999999,0.05],"RightKnee":[0.15300000000000002,0.2290000000000001,0.055],"LeftHip":[0.5790000000000002,0.5099999999999998,0.268],"RightHip":[0.504,0.29700000000000015,0.296],"LeftShoulder":[0.18800000000000017,0.7669999999999999,0.579],"RightShoulder":[0.06499999999999995,0.47299999999999986,0.632],"LeftElbow":[0.3570000000000002,0.948,0.424],"RightElbow":[-0.06000000000000005,0.44799999999999995,0.369],"LeftWrist":[0.17799999999999994,0.871,0.255],"RightWrist":[-0.20399999999999996,0.6419999999999999,0.245],"LeftHand":[0.10199999999999987,0.8799999999999999,0.244],"RightHand":[-0.2509999999999999,0.6880000000000002,0.292],"LeftFingers":[0.06899999999999995,0.8519999999999999,0.174],"RightFingers":[-0.2769999999999999,0.7589999999999999,0.259],"Core":[0.383,0.4830000000000001,0.449],"Neck":[0.06700000000000017,0.6509999999999998,0.635],"Head":[-0.06099999999999994,0.7549999999999999,0.645]},"p1":{"LeftToe":[0.10000000000000009,-0.121,0.032],"RightToe":[0.46799999999999997,0.39400000000000013,0.093],"LeftHeel":[0.01399999999999979,0.09200000000000008,0.03],"RightHeel":[0.2530000000000001,0.4750000000000001,0.066],"LeftAnkle":[0.052999999999999936,0.040999999999999925,0.091],"RightAnkle":[0.32799999999999985,0.504,0.099],"LeftKnee":[0.10599999999999987,0.19600000000000017,0.491],"RightKnee":[0.3530000000000002,0.871,0.319],"LeftHip":[-0.052000000000000046,0.45500000000000007,0.189],"RightHip":[0.10599999999999987,0.5960000000000001,0.095],"LeftShoulder":[-0.403,0.9180000000000001,0.251],"RightShoulder":[-0.1499999999999999,1.0590000000000002,0.101],"LeftElbow":[-0.19799999999999995,0.7549999999999999,0.375],"RightElbow":[0.10499999999999998,0.9220000000000002,0.058],"LeftWrist":[0.015000000000000124,0.7370000000000001,0.52],"RightWrist":[0.363,0.835,0.073],"LeftHand":[0.04499999999999993,0.8079999999999998,0.541],"RightHand":[0.40600000000000014,0.8519999999999999,0.137],"LeftFingers":[0.08800000000000008,0.815,0.608],"RightFingers":[0.46499999999999986,0.8140000000000001,0.169],"Core":[-0.14700000000000002,0.6909999999999998,0.106],"Neck":[-0.30600000000000005,1.049,0.182],"Head":[-0.33299999999999996,1.19,0.268]}}