{"p0":{"LeftToe":[-0.494,-0.5129999999999999,0.187],"RightToe":[-0.20300000000000007,-0.371,0.217],"LeftHeel":[-0.32200000000000006,-0.558,0.336],"RightHeel":[-0.09499999999999997,-0.2330000000000001,0.073],"LeftAnkle":[-0.34299999999999997,-0.4950000000000001,0.277],"RightAnkle":[-0.10899999999999999,-0.22999999999999998,0.161],"LeftKnee":[-0.18700000000000006,-0.14900000000000002,0.078],"RightKnee":[0.06999999999999984,0.04800000000000004,0.439],"LeftHip":[0.24299999999999988,-0.139,0.11],"RightHip":[0.39800000000000013,-0.17999999999999994,0.278],"LeftShoulder":[0.3290000000000002,0.42399999999999993,0.109],"RightShoulder":[0.4540000000000002,0.3679999999999999,0.394],"LeftElbow":[0.040999999999999925,0.40200000000000014,0.073],"RightElbow":[0.266,0.1509999999999998,0.415],"LeftWrist":[0.1070000000000002,0.42399999999999993,0.323],"RightWrist":[0.06700000000000017,0.29499999999999993,0.309],"LeftHand":[0.06899999999999995,0.399,0.391],"RightHand":[0.04800000000000004,0.3580000000000001,0.355],"LeftFingers":[-0.0029999999999998916,0.3660000000000001,0.391],"RightFingers":[0.01200000000000001,0.4209999999999998,0.318],"Core":[0.4009999999999998,0.06899999999999995,0.179],"Neck":[0.39400000000000013,0.4700000000000002,0.266],"Head":[0.26900000000000013,0.548,0.346]},"p1":{"LeftToe":[-0.948,0.9409999999999998,0.066],"RightToe":[-0.889,0.516,0.025],"LeftHeel":[-0.748,0.8380000000000001,0.036],"RightHeel":[-0.6739999999999999,0.42700000000000005,0.032],"LeftAnkle":[-0.7929999999999999,0.8570000000000002,0.11],"RightAnkle":[-0.738,0.44799999999999995,0.09],"LeftKnee":[-0.4990000000000001,0.665,0.36],"RightKnee":[-0.5760000000000001,0.40700000000000003,0.484],"LeftHip":[-0.22399999999999998,0.44200000000000017,0.121],"RightHip":[-0.3899999999999999,0.2829999999999999,0.114],"LeftShoulder":[0.18900000000000006,0.1419999999999999,0.306],"RightShoulder":[0.06199999999999983,-0.11099999999999999,0.21],"LeftElbow":[0.2400000000000002,0.40700000000000003,0.191],"RightElbow":[-0.04699999999999993,-0.3799999999999999,0.203],"LeftWrist":[0.017999999999999794,0.33499999999999996,0.302],"RightWrist":[-0.268,-0.534,0.16],"LeftHand":[-0.04200000000000004,0.30799999999999983,0.348],"RightHand":[-0.30200000000000005,-0.6020000000000001,0.193],"LeftFingers":[-0.11699999999999999,0.2999999999999998,0.321],"RightFingers":[-0.371,-0.6259999999999999,0.154],"Core":[-0.14100000000000001,0.18800000000000017,0.141],"Neck":[0.1549999999999998,-0.02499999999999991,0.328],"Head":[0.14400000000000013,-0.15900000000000003,0.426]}}