{"p0":{"LeftToe":[-0.08299999999999996,-0.2929999999999999,0.319],"RightToe":[-0.11699999999999999,-0.748,0.037],"LeftHeel":[0.0990000000000002,-0.15700000000000003,0.365],"RightHeel":[0.04599999999999982,-0.5880000000000001,0.045],"LeftAnkle":[0.03399999999999981,-0.16100000000000003,0.304],"RightAnkle":[-0.03699999999999992,-0.591,0.082],"LeftKnee":[0.2709999999999999,0.08899999999999997,0.05],"RightKnee":[-0.21399999999999997,-0.2430000000000001,0.258],"LeftHip":[0.2749999999999999,0.07699999999999996,0.478],"RightHip":[0.10199999999999987,-0.07200000000000006,0.489],"LeftShoulder":[-0.1479999999999999,0.4009999999999998,0.322],"RightShoulder":[-0.31899999999999995,0.14800000000000013,0.44],"LeftElbow":[-0.018999999999999906,0.2959999999999998,0.087],"RightElbow":[-0.33699999999999997,-0.10499999999999998,0.295],"LeftWrist":[-0.2729999999999999,0.2829999999999999,0.021],"RightWrist":[-0.4610000000000001,0.016999999999999904,0.091],"LeftHand":[-0.351,0.30600000000000005,0.027],"RightHand":[-0.5009999999999999,0.06400000000000006,0.044],"LeftFingers":[-0.4059999999999999,0.2450000000000001,0.02],"RightFingers":[-0.4710000000000001,0.137,0.02],"Core":[0.03500000000000014,0.18000000000000016,0.552],"Neck":[-0.258,0.30799999999999983,0.419],"Head":[-0.40900000000000003,0.30500000000000016,0.351]},"p1":{"LeftToe":[-0.2609999999999999,-0.3420000000000001,0.025],"RightToe":[-0.599,0.07699999999999996,0.025],"LeftHeel":[-0.30400000000000005,-0.16799999999999993,0.173],"RightHeel":[-0.44300000000000006,0.22599999999999998,0.107],"LeftAnkle":[-0.23199999999999998,-0.20999999999999996,0.143],"RightAnkle":[-0.43999999999999995,0.14000000000000012,0.084],"LeftKnee":[0.18699999999999983,-0.17799999999999994,0.224],"RightKnee":[-0.16500000000000004,-0.18799999999999994,0.07],"LeftHip":[0.07100000000000017,0.2280000000000002,0.307],"RightHip":[0.08700000000000019,0.1629999999999998,0.09],"LeftShoulder":[0.6219999999999999,0.40700000000000003,0.306],"RightShoulder":[0.6160000000000001,0.17499999999999982,0.08],"LeftElbow":[0.359,0.35599999999999987,0.423],"RightElbow":[0.3969999999999998,-0.016000000000000014,0.094],"LeftWrist":[0.41500000000000004,0.1070000000000002,0.39],"RightWrist":[0.3610000000000002,-0.11099999999999999,0.344],"LeftHand":[0.43999999999999995,0.03699999999999992,0.413],"RightHand":[0.3799999999999999,-0.14500000000000002,0.412],"LeftFingers":[0.3889999999999998,-0.026999999999999913,0.405],"RightFingers":[0.3460000000000001,-0.1319999999999999,0.481],"Core":[0.2869999999999999,0.32399999999999984,0.172],"Neck":[0.6859999999999999,0.27300000000000013,0.209],"Head":[0.7709999999999999,0.19799999999999995,0.333]}}