{"p0":{"LeftToe":[0.02499999999999991,0.005999999999999783,0.745],"RightToe":[0.31300000000000017,-0.20100000000000007,0.778],"LeftHeel":[-0.07899999999999996,0.19099999999999984,0.651],"RightHeel":[0.32299999999999995,0.028999999999999915,0.762],"LeftAnkle":[0,0.14800000000000013,0.639],"RightAnkle":[0.266,-0.03400000000000003,0.741],"LeftKnee":[0.351,0.1349999999999998,0.386],"RightKnee":[-0.09499999999999997,0.05600000000000005,0.529],"LeftHip":[0.10999999999999988,0.44700000000000006,0.213],"RightHip":[-0.04600000000000004,0.45999999999999996,0.382],"LeftShoulder":[-0.1499999999999999,0.052999999999999936,0.089],"RightShoulder":[-0.42799999999999994,0.17200000000000015,0.168],"LeftElbow":[-0.10400000000000009,-0.16900000000000004,0.273],"RightElbow":[-0.44399999999999995,0.17700000000000005,0.459],"LeftWrist":[-0.3600000000000001,-0.1439999999999999,0.322],"RightWrist":[-0.562,-0.03299999999999992,0.34],"LeftHand":[-0.42500000000000004,-0.1519999999999999,0.278],"RightHand":[-0.5840000000000001,-0.08899999999999997,0.396],"LeftFingers":[-0.496,-0.16199999999999992,0.308],"RightFingers":[-0.597,-0.16399999999999992,0.366],"Core":[-0.1499999999999999,0.41800000000000015,0.139],"Neck":[-0.32099999999999995,0.04800000000000004,0.112],"Head":[-0.41300000000000003,-0.08699999999999997,0.11]},"p1":{"LeftToe":[0.16599999999999993,-0.32800000000000007,0.534],"RightToe":[-0.746,-0.15900000000000003,0.41],"LeftHeel":[0.053999999999999826,-0.14100000000000001,0.466],"RightHeel":[-0.6930000000000001,-0.01200000000000001,0.24],"LeftAnkle":[0.13099999999999978,-0.15399999999999991,0.513],"RightAnkle":[-0.655,-0.08099999999999996,0.28],"LeftKnee":[0.23099999999999987,0.242,0.64],"RightKnee":[-0.2749999999999999,-0.1180000000000001,0.472],"LeftHip":[0.03799999999999981,0.2759999999999998,0.255],"RightHip":[0.017999999999999794,0.053999999999999826,0.208],"LeftShoulder":[0.5230000000000001,0.4169999999999998,0.208],"RightShoulder":[0.6259999999999999,0.13200000000000012,0.081],"LeftElbow":[0.28900000000000015,0.42700000000000005,0.375],"RightElbow":[0.43900000000000006,-0.09299999999999997,0.095],"LeftWrist":[0.43599999999999994,0.21499999999999986,0.425],"RightWrist":[0.48,0.0009999999999998899,0.342],"LeftHand":[0.4940000000000002,0.16000000000000014,0.433],"RightHand":[0.5329999999999999,0.01100000000000012,0.403],"LeftFingers":[0.4820000000000002,0.08400000000000007,0.449],"RightFingers":[0.5019999999999998,0.040999999999999925,0.473],"Core":[0.2610000000000001,0.16199999999999992,0.149],"Neck":[0.6230000000000002,0.2799999999999998,0.172],"Head":[0.7639999999999998,0.32200000000000006,0.241]}}