{"p0":{"LeftToe":[-0.2809999999999999,0.05699999999999994,0.035],"RightToe":[-0.867,0.46899999999999986,0.032],"LeftHeel":[-0.478,0.17300000000000004,0.06],"RightHeel":[-0.79,0.41000000000000014,0.242],"LeftAnkle":[-0.401,0.16999999999999993,0.108],"RightAnkle":[-0.754,0.42799999999999994,0.164],"LeftKnee":[-0.026999999999999913,0.2290000000000001,0.317],"RightKnee":[-0.349,0.5150000000000001,0.05],"LeftHip":[-0.44700000000000006,0.20599999999999996,0.397],"RightHip":[-0.565,0.40200000000000014,0.401],"LeftShoulder":[0,0.3380000000000001,0.632],"RightShoulder":[-0.131,0.5790000000000002,0.795],"LeftElbow":[0.020000000000000018,0.10400000000000009,0.458],"RightElbow":[-0.3680000000000001,0.7229999999999999,0.878],"LeftWrist":[0.028000000000000025,0.35199999999999987,0.386],"RightWrist":[-0.21799999999999997,0.734,0.651],"LeftHand":[0.10000000000000009,0.3610000000000002,0.415],"RightHand":[-0.1379999999999999,0.754,0.648],"LeftFingers":[0.15600000000000014,0.41400000000000015,0.395],"RightFingers":[-0.1060000000000001,0.778,0.581],"Core":[-0.365,0.3889999999999998,0.578],"Neck":[-0.0040000000000000036,0.5009999999999999,0.701],"Head":[0.125,0.5899999999999999,0.761]},"p1":{"LeftToe":[-0.611,0.9449999999999998,0.025],"RightToe":[-0.4179999999999999,1.226,0.811],"LeftHeel":[-0.558,0.7400000000000002,0.114],"RightHeel":[-0.474,1.0139999999999998,0.753],"LeftAnkle":[-0.514,0.8010000000000002,0.068],"RightAnkle":[-0.395,1.0579999999999998,0.746],"LeftKnee":[-0.08499999999999996,0.8260000000000001,0.059],"RightKnee":[-0.028000000000000025,1.02,0.521],"LeftHip":[-0.2709999999999999,0.5299999999999998,0.305],"RightHip":[-0.248,0.649,0.501],"LeftShoulder":[0.2909999999999999,0.5459999999999998,0.174],"RightShoulder":[0.33199999999999985,0.665,0.48],"LeftElbow":[0.03399999999999981,0.625,0.071],"RightElbow":[0.31700000000000017,0.9220000000000002,0.348],"LeftWrist":[0.28500000000000014,0.6800000000000002,0.031],"RightWrist":[0.3839999999999999,0.9180000000000001,0.089],"LeftHand":[0.35199999999999987,0.6840000000000002,0.071],"RightHand":[0.42300000000000004,0.9870000000000001,0.108],"LeftFingers":[0.4159999999999999,0.7240000000000002,0.047],"RightFingers":[0.43299999999999983,1.0390000000000001,0.047],"Core":[-0.016999999999999904,0.5819999999999999,0.381],"Neck":[0.3580000000000001,0.585,0.329],"Head":[0.5099999999999998,0.617,0.279]}}