{"p0":{"LeftToe":[0.4039999999999999,0.027000000000000135,0.025],"RightToe":[-0.1259999999999999,0.7130000000000001,0.025],"LeftHeel":[0.19099999999999984,0.1080000000000001,0.03],"RightHeel":[-0.32400000000000007,0.597,0.036],"LeftAnkle":[0.2490000000000001,0.09100000000000019,0.093],"RightAnkle":[-0.2609999999999999,0.6139999999999999,0.094],"LeftKnee":[0.3210000000000002,0.11799999999999988,0.517],"RightKnee":[0.0019999999999997797,0.6360000000000001,0.432],"LeftHip":[0.05900000000000016,0.2629999999999999,0.825],"RightHip":[-0.07699999999999996,0.44899999999999984,0.808],"LeftShoulder":[0.18199999999999994,0.3410000000000002,1.349],"RightShoulder":[0.03299999999999992,0.6219999999999999,1.292],"LeftElbow":[0.1509999999999998,0.22699999999999987,1.083],"RightElbow":[0.02300000000000013,0.7410000000000001,1.028],"LeftWrist":[0.351,0.2530000000000001,0.901],"RightWrist":[0.22699999999999987,0.6280000000000001,0.917],"LeftHand":[0.43299999999999983,0.2450000000000001,0.903],"RightHand":[0.30900000000000016,0.629,0.916],"LeftFingers":[0.4740000000000002,0.2469999999999999,0.833],"RightFingers":[0.3410000000000002,0.581,0.857],"Core":[-0.04600000000000004,0.3500000000000001,1.056],"Neck":[0.121,0.5030000000000001,1.388],"Head":[0.2469999999999999,0.5720000000000001,1.473]},"p1":{"LeftToe":[0.476,0.14800000000000013,0.623],"RightToe":[0.2709999999999999,0.42600000000000016,1.006],"LeftHeel":[0.6579999999999999,0.2759999999999998,0.566],"RightHeel":[0.45500000000000007,0.3799999999999999,0.873],"LeftAnkle":[0.5830000000000002,0.254,0.524],"RightAnkle":[0.4129999999999998,0.45199999999999996,0.904],"LeftKnee":[0.32299999999999995,0.26900000000000013,0.184],"RightKnee":[0.3540000000000001,0.794,0.654],"LeftHip":[0.6539999999999999,0.536,0.257],"RightHip":[0.6880000000000002,0.7160000000000002,0.395],"LeftShoulder":[0.20199999999999996,0.6640000000000001,0.081],"RightShoulder":[0.2490000000000001,0.9860000000000002,0.204],"LeftElbow":[0.16900000000000004,0.5059999999999998,0.323],"RightElbow":[0.2490000000000001,1.1110000000000002,0.465],"LeftWrist":[-0.052000000000000046,0.5089999999999999,0.48],"RightWrist":[0.15799999999999992,0.8700000000000001,0.513],"LeftHand":[-0.10299999999999998,0.5539999999999998,0.526],"RightHand":[0.0990000000000002,0.8260000000000001,0.546],"LeftFingers":[-0.08000000000000007,0.629,0.549],"RightFingers":[0.1030000000000002,0.75,0.562],"Core":[0.5470000000000002,0.7709999999999999,0.171],"Neck":[0.20000000000000018,0.8279999999999998,0.141],"Head":[0.03500000000000014,0.8279999999999998,0.162]}}