{"p0":{"LeftToe":[1.229,0.19600000000000017,0.037],"RightToe":[0.7810000000000001,-0.42199999999999993,0.025],"LeftHeel":[1.1230000000000002,-0.0029999999999998916,0.066],"RightHeel":[0.738,-0.32699999999999996,0.234],"LeftAnkle":[1.1099999999999999,0.07799999999999985,0.108],"RightAnkle":[0.726,-0.30699999999999994,0.149],"LeftKnee":[0.9220000000000002,0.395,0.335],"RightKnee":[0.5960000000000001,0.09399999999999986,0.068],"LeftHip":[0.8540000000000001,-0.028000000000000025,0.395],"RightHip":[0.6699999999999999,-0.16999999999999993,0.398],"LeftShoulder":[0.4990000000000001,0.3759999999999999,0.293],"RightShoulder":[0.30900000000000016,0.2589999999999999,0.548],"LeftElbow":[0.4209999999999998,0.22100000000000009,0.058],"RightElbow":[0.05600000000000005,0.2360000000000002,0.406],"LeftWrist":[0.18599999999999994,0.2330000000000001,0.168],"RightWrist":[0.1280000000000001,0.21499999999999986,0.145],"LeftHand":[0.16800000000000015,0.18900000000000006,0.229],"RightHand":[0.20000000000000018,0.18800000000000017,0.128],"LeftFingers":[0.17899999999999983,0.20299999999999985,0.306],"RightFingers":[0.2639999999999998,0.18699999999999983,0.173],"Core":[0.625,0.08199999999999985,0.479],"Neck":[0.3889999999999998,0.3599999999999999,0.43],"Head":[0.28900000000000015,0.4929999999999999,0.422]},"p1":{"LeftToe":[0.45699999999999985,-0.42700000000000005,0.029],"RightToe":[-0.5720000000000001,-0.252,0.027],"LeftHeel":[0.44300000000000006,-0.272,0.201],"RightHeel":[-0.492,-0.29000000000000004,0.242],"LeftAnkle":[0.45500000000000007,-0.2709999999999999,0.114],"RightAnkle":[-0.4650000000000001,-0.2509999999999999,0.169],"LeftKnee":[0.496,0.1549999999999998,0.095],"RightKnee":[-0.14100000000000001,0.017999999999999794,0.095],"LeftHip":[0.3500000000000001,-0.10000000000000009,0.412],"RightHip":[0.1419999999999999,0,0.422],"LeftShoulder":[0.29300000000000015,0.43199999999999994,0.115],"RightShoulder":[0.08999999999999986,0.41999999999999993,0.383],"LeftElbow":[0.09100000000000019,0.2320000000000002,0.045],"RightElbow":[0.05600000000000005,0.17799999999999994,0.543],"LeftWrist":[-0.16999999999999993,0.238,0.023],"RightWrist":[0.08700000000000019,0.12300000000000022,0.279],"LeftHand":[-0.25,0.2589999999999999,0.027],"RightHand":[0.11799999999999988,0.16000000000000014,0.213],"LeftFingers":[-0.30899999999999994,0.20400000000000018,0.02],"RightFingers":[0.19499999999999984,0.17899999999999983,0.207],"Core":[0.351,0.1629999999999998,0.359],"Neck":[0.17799999999999994,0.4740000000000002,0.241],"Head":[0.07100000000000017,0.4830000000000001,0.112]}}