{"p0":{"LeftToe":[0.17200000000000015,-0.3420000000000001,0.397],"RightToe":[0.03799999999999981,-0.43399999999999994,0.294],"LeftHeel":[0.004999999999999893,-0.20799999999999996,0.318],"RightHeel":[-0.09899999999999998,-0.2729999999999999,0.21],"LeftAnkle":[0.06300000000000017,-0.19999999999999996,0.387],"RightAnkle":[-0.010999999999999899,-0.2789999999999999,0.218],"LeftKnee":[0.03399999999999981,0.15399999999999991,0.626],"RightKnee":[0.21899999999999986,0.053999999999999826,0.077],"LeftHip":[-0.2310000000000001,0.2879999999999998,0.313],"RightHip":[-0.1519999999999999,0.27300000000000013,0.096],"LeftShoulder":[0.14500000000000002,0.7269999999999999,0.395],"RightShoulder":[0.16599999999999993,0.718,0.08],"LeftElbow":[0.07399999999999984,0.44799999999999995,0.407],"RightElbow":[0.20699999999999985,0.43299999999999983,0.056],"LeftWrist":[0.2650000000000001,0.2999999999999998,0.306],"RightWrist":[0.274,0.18900000000000006,0.143],"LeftHand":[0.33099999999999996,0.2549999999999999,0.291],"RightHand":[0.2919999999999998,0.1419999999999999,0.202],"LeftFingers":[0.33899999999999997,0.20599999999999996,0.232],"RightFingers":[0.2799999999999998,0.16199999999999992,0.28],"Core":[-0.10200000000000009,0.5089999999999999,0.223],"Neck":[0.1589999999999998,0.7919999999999998,0.236],"Head":[0.29700000000000015,0.879,0.238]},"p1":{"LeftToe":[-0.6240000000000001,-0.518,0.075],"RightToe":[-0.3500000000000001,-0.625,0.025],"LeftHeel":[-0.46799999999999997,-0.3580000000000001,0.03],"RightHeel":[-0.23399999999999999,-0.42399999999999993,0.03],"LeftAnkle":[-0.5,-0.389,0.111],"RightAnkle":[-0.2709999999999999,-0.4790000000000001,0.087],"LeftKnee":[-0.349,-0.19199999999999995,0.465],"RightKnee":[-0.1519999999999999,-0.2889999999999999,0.451],"LeftHip":[-0.08499999999999996,0.1160000000000001,0.314],"RightHip":[0.040000000000000036,-0.018000000000000016,0.176],"LeftShoulder":[0.2829999999999999,0.5630000000000002,0.094],"RightShoulder":[0.4700000000000002,0.33099999999999996,0.099],"LeftElbow":[0.16199999999999992,0.4790000000000001,0.34],"RightElbow":[0.29300000000000015,0.10999999999999988,0.046],"LeftWrist":[0.3530000000000002,0.30600000000000005,0.327],"RightWrist":[0.3330000000000002,0.25,0.275],"LeftHand":[0.4209999999999998,0.31199999999999983,0.286],"RightHand":[0.31599999999999984,0.3290000000000002,0.274],"LeftFingers":[0.43900000000000006,0.2629999999999999,0.228],"RightFingers":[0.258,0.3599999999999999,0.323],"Core":[0.11900000000000022,0.24299999999999988,0.186],"Neck":[0.4460000000000002,0.5009999999999999,0.117],"Head":[0.5529999999999999,0.617,0.16]}}