{"p0":{"LeftToe":[0.7160000000000002,0.8199999999999998,0.027],"RightToe":[0.22999999999999998,0.1299999999999999,0.025],"LeftHeel":[0.8319999999999999,0.6240000000000001,0.044],"RightHeel":[0.4089999999999998,-0.020000000000000018,0.032],"LeftAnkle":[0.7770000000000001,0.6659999999999999,0.104],"RightAnkle":[0.35599999999999987,0.0259999999999998,0.094],"LeftKnee":[0.617,0.7240000000000002,0.5],"RightKnee":[0.266,0.28900000000000015,0.423],"LeftHip":[0.7200000000000002,0.4089999999999998,0.774],"RightHip":[0.5169999999999999,0.2999999999999998,0.775],"LeftShoulder":[0.6720000000000002,0.5619999999999998,1.328],"RightShoulder":[0.42700000000000005,0.3410000000000002,1.339],"LeftElbow":[0.8029999999999999,0.5579999999999998,1.067],"RightElbow":[0.41000000000000014,0.18000000000000016,1.096],"LeftWrist":[0.6040000000000001,0.6349999999999998,0.918],"RightWrist":[0.28100000000000014,0.33000000000000007,0.91],"LeftHand":[0.532,0.6480000000000001,0.893],"RightHand":[0.22299999999999986,0.3839999999999999,0.885],"LeftFingers":[0.4969999999999999,0.625,0.828],"RightFingers":[0.22699999999999987,0.4009999999999998,0.805],"Core":[0.6070000000000002,0.3769999999999998,1.017],"Neck":[0.5310000000000001,0.4740000000000002,1.381],"Head":[0.41999999999999993,0.5459999999999998,1.483]},"p1":{"LeftToe":[0.44399999999999995,0.3959999999999999,0.833],"RightToe":[0.45699999999999985,0.1200000000000001,0.849],"LeftHeel":[0.48,0.4849999999999999,0.627],"RightHeel":[0.2869999999999999,0.23399999999999999,0.742],"LeftAnkle":[0.5289999999999999,0.4249999999999998,0.675],"RightAnkle":[0.3540000000000001,0.18400000000000016,0.719],"LeftKnee":[0.8300000000000001,0.42399999999999993,0.364],"RightKnee":[0.5310000000000001,0.08899999999999997,0.336],"LeftHip":[0.43500000000000005,0.5859999999999999,0.323],"RightHip":[0.2759999999999998,0.4289999999999998,0.278],"LeftShoulder":[0.8340000000000001,0.2789999999999999,0.094],"RightShoulder":[0.6120000000000001,0.07799999999999985,0.095],"LeftElbow":[0.6760000000000002,0.5150000000000001,0.045],"RightElbow":[0.3879999999999999,0.2599999999999998,0.048],"LeftWrist":[0.8079999999999998,0.6629999999999998,0.21],"RightWrist":[0.2570000000000001,0.040000000000000036,0.131],"LeftHand":[0.794,0.7309999999999999,0.245],"RightHand":[0.3210000000000002,0.004999999999999893,0.169],"LeftFingers":[0.7280000000000002,0.77,0.245],"RightFingers":[0.39400000000000013,0.040000000000000036,0.158],"Core":[0.4929999999999999,0.4249999999999998,0.112],"Neck":[0.7829999999999999,0.1160000000000001,0.121],"Head":[0.8260000000000001,0.004999999999999893,0.236]}}