{"p0":{"LeftToe":[0.08800000000000008,0.21499999999999986,0.025],"RightToe":[-0.21300000000000008,-0.14700000000000002,0.05],"LeftHeel":[0.10599999999999987,-0.0020000000000000018,0.099],"RightHeel":[-0.15300000000000002,-0.371,0.054],"LeftAnkle":[0.16000000000000014,0.06499999999999995,0.087],"RightAnkle":[-0.14100000000000001,-0.30299999999999994,0.11],"LeftKnee":[0.5640000000000001,-0.08299999999999996,0.059],"RightKnee":[-0.10499999999999998,-0.014000000000000012,0.423],"LeftHip":[0.21099999999999985,-0.32499999999999996,0.094],"RightHip":[0.017999999999999794,-0.367,0.209],"LeftShoulder":[0.5169999999999999,-0.2470000000000001,0.578],"RightShoulder":[0.19899999999999984,-0.2330000000000001,0.691],"LeftElbow":[0.5,-0.4099999999999999,0.337],"RightElbow":[-0.01200000000000001,-0.30000000000000004,0.502],"LeftWrist":[0.5369999999999999,-0.3560000000000001,0.084],"RightWrist":[0.10499999999999998,-0.06000000000000005,0.518],"LeftHand":[0.617,-0.353,0.088],"RightHand":[0.1419999999999999,0.005999999999999783,0.544],"LeftFingers":[0.6600000000000001,-0.363,0.02],"RightFingers":[0.21399999999999997,0.0259999999999998,0.51],"Core":[0.2469999999999999,-0.3740000000000001,0.355],"Neck":[0.3759999999999999,-0.2290000000000001,0.683],"Head":[0.41900000000000004,-0.127,0.806]},"p1":{"LeftToe":[0.14800000000000013,-0.516,0.403],"RightToe":[0.15300000000000002,-0.5349999999999999,0.636],"LeftHeel":[-0.038999999999999924,-0.49,0.272],"RightHeel":[0.04599999999999982,-0.5269999999999999,0.431],"LeftAnkle":[0.004999999999999893,-0.43500000000000005,0.331],"RightAnkle":[0.09200000000000008,-0.4690000000000001,0.482],"LeftKnee":[-0.21199999999999997,-0.16300000000000003,0.583],"RightKnee":[0.18199999999999994,-0.04600000000000004,0.478],"LeftHip":[-0.2589999999999999,-0.04699999999999993,0.173],"RightHip":[-0.03699999999999992,-0.04499999999999993,0.108],"LeftShoulder":[-0.3560000000000001,0.4700000000000002,0.254],"RightShoulder":[-0.11299999999999999,0.56,0.084],"LeftElbow":[-0.353,0.18299999999999983,0.286],"RightElbow":[0.039000000000000146,0.31599999999999984,0.063],"LeftWrist":[-0.1459999999999999,0.08000000000000007,0.404],"RightWrist":[0.20500000000000007,0.1160000000000001,0.129],"LeftHand":[-0.07000000000000006,0.07299999999999995,0.436],"RightHand":[0.25,0.06700000000000017,0.178],"LeftFingers":[-0.028999999999999915,0.008000000000000007,0.439],"RightFingers":[0.242,-0.01200000000000001,0.145],"Core":[-0.15999999999999992,0.19300000000000006,0.1],"Neck":[-0.21199999999999997,0.56,0.227],"Head":[-0.16599999999999993,0.6040000000000001,0.382]}}