{"p0":{"LeftToe":[0.3929999999999998,1.4049999999999998,0.356],"RightToe":[-0.268,1.0590000000000002,0.025],"LeftHeel":[0.4289999999999998,1.246,0.197],"RightHeel":[-0.08699999999999997,0.9140000000000001,0.03],"LeftAnkle":[0.40700000000000003,1.241,0.286],"RightAnkle":[-0.16599999999999993,0.9180000000000001,0.066],"LeftKnee":[0.3759999999999999,0.8170000000000002,0.347],"RightKnee":[0.05500000000000016,0.7320000000000002,0.381],"LeftHip":[0.3700000000000001,0.43299999999999983,0.15],"RightHip":[0.14800000000000013,0.41800000000000015,0.1],"LeftShoulder":[0.44300000000000006,0.11299999999999999,0.532],"RightShoulder":[0.10999999999999988,0.08099999999999996,0.555],"LeftElbow":[0.569,0.2330000000000001,0.298],"RightElbow":[0.05799999999999983,0.052999999999999936,0.273],"LeftWrist":[0.6150000000000002,0.4079999999999999,0.107],"RightWrist":[-0.052999999999999936,0.1259999999999999,0.038],"LeftHand":[0.6400000000000001,0.48099999999999987,0.084],"RightHand":[-0.07400000000000007,0.19700000000000006,0.063],"LeftFingers":[0.609,0.5259999999999998,0.029],"RightFingers":[-0.1080000000000001,0.2570000000000001,0.025],"Core":[0.2490000000000001,0.20800000000000018,0.234],"Neck":[0.2839999999999998,0.07100000000000017,0.583],"Head":[0.266,0.08999999999999986,0.749]},"p1":{"LeftToe":[-0.04800000000000004,0.3919999999999999,0.118],"RightToe":[0.6190000000000002,1.1800000000000002,0.034],"LeftHeel":[-0.137,0.605,0.092],"RightHeel":[0.3919999999999999,1.17,0.03],"LeftAnkle":[-0.10499999999999998,0.5550000000000002,0.157],"RightAnkle":[0.45199999999999996,1.174,0.099],"LeftKnee":[-0.17900000000000005,0.8450000000000002,0.463],"RightKnee":[0.05500000000000016,1.154,0.264],"LeftHip":[-0.41700000000000004,0.9180000000000001,0.11],"RightHip":[-0.34099999999999997,1.1360000000000001,0.093],"LeftShoulder":[-0.6040000000000001,1.016,0.594],"RightShoulder":[-0.528,1.307,0.535],"LeftElbow":[-0.637,0.7530000000000001,0.47],"RightElbow":[-0.472,1.392,0.262],"LeftWrist":[-0.42900000000000005,0.601,0.421],"RightWrist":[-0.3500000000000001,1.3860000000000001,0.021],"LeftHand":[-0.383,0.5760000000000001,0.483],"RightHand":[-0.2849999999999999,1.366,0.065],"LeftFingers":[-0.30699999999999994,0.552,0.467],"RightFingers":[-0.21900000000000008,1.347,0.022],"Core":[-0.571,1.101,0.234],"Neck":[-0.5609999999999999,1.178,0.651],"Head":[-0.5169999999999999,1.177,0.813]}}