{"p0":{"LeftToe":[0.42399999999999993,0.2280000000000002,0.025],"RightToe":[0.3740000000000001,-0.278,0.028],"LeftHeel":[0.6549999999999998,0.20699999999999985,0.03],"RightHeel":[0.5960000000000001,-0.21500000000000008,0.032],"LeftAnkle":[0.5870000000000002,0.18900000000000006,0.082],"RightAnkle":[0.5339999999999998,-0.2290000000000001,0.091],"LeftKnee":[0.43000000000000016,0.19300000000000006,0.481],"RightKnee":[0.4049999999999998,-0.16300000000000003,0.495],"LeftHip":[0.6200000000000001,0.11900000000000022,0.857],"RightHip":[0.5390000000000001,-0.09299999999999997,0.898],"LeftShoulder":[0.13200000000000012,0.28900000000000015,1.062],"RightShoulder":[0.10499999999999998,0.01200000000000001,1.146],"LeftElbow":[0.1160000000000001,0.21899999999999986,0.783],"RightElbow":[0.19399999999999995,-0.08099999999999996,0.889],"LeftWrist":[0.15700000000000003,-0.03699999999999992,0.799],"RightWrist":[0.238,-0.020000000000000018,0.631],"LeftHand":[0.1549999999999998,-0.11699999999999999,0.781],"RightHand":[0.254,0.0030000000000001137,0.708],"LeftFingers":[0.20199999999999996,-0.16399999999999992,0.83],"RightFingers":[0.20599999999999996,0.041999999999999815,0.755],"Core":[0.45299999999999985,0.10199999999999987,1.066],"Neck":[0.06300000000000017,0.17700000000000005,1.173],"Head":[-0.09499999999999997,0.2120000000000002,1.217]},"p1":{"LeftToe":[-0.16900000000000004,-0.2569999999999999,0.036],"RightToe":[0.5750000000000002,0.0019999999999997797,0.313],"LeftHeel":[-0.31499999999999995,-0.08400000000000007,0.062],"RightHeel":[0.3540000000000001,0.040000000000000036,0.355],"LeftAnkle":[-0.2649999999999999,-0.1299999999999999,0.122],"RightAnkle":[0.42399999999999993,0.028999999999999915,0.414],"LeftKnee":[-0.08899999999999997,-0.17300000000000004,0.51],"RightKnee":[0.28600000000000003,0.052000000000000046,0.823],"LeftHip":[-0.17199999999999993,-0.08699999999999997,0.92],"RightHip":[-0.07899999999999996,0.07100000000000017,1.056],"LeftShoulder":[0.21099999999999985,-0.44100000000000006,0.9],"RightShoulder":[0.3849999999999998,-0.21100000000000008,1.037],"LeftElbow":[0.20500000000000007,-0.2250000000000001,0.709],"RightElbow":[0.649,-0.18500000000000005,0.914],"LeftWrist":[0.35599999999999987,-0.03499999999999992,0.612],"RightWrist":[0.565,-0.07899999999999996,0.679],"LeftHand":[0.43000000000000016,-0.018000000000000016,0.598],"RightHand":[0.5059999999999998,-0.026000000000000023,0.671],"LeftFingers":[0.4710000000000001,-0.05400000000000005,0.538],"RightFingers":[0.472,-0.018999999999999906,0.597],"Core":[0.016999999999999904,-0.18199999999999994,1.085],"Neck":[0.3450000000000002,-0.371,0.983],"Head":[0.4790000000000001,-0.4650000000000001,0.986]}}