{"p0":{"LeftToe":[-0.20399999999999996,0.16599999999999993,0.025],"RightToe":[0.2320000000000002,0.1070000000000002,0.027],"LeftHeel":[-0.1299999999999999,0.3809999999999998,0.032],"RightHeel":[0.20800000000000018,0.33499999999999996,0.04],"LeftAnkle":[-0.14700000000000002,0.32200000000000006,0.097],"RightAnkle":[0.21399999999999997,0.27,0.104],"LeftKnee":[-0.17399999999999993,0.15200000000000014,0.492],"RightKnee":[0.24800000000000022,0.17300000000000004,0.524],"LeftHip":[-0.08499999999999996,0.4049999999999998,0.825],"RightHip":[0.14500000000000002,0.44200000000000017,0.842],"LeftShoulder":[-0.135,-0.06899999999999995,1.08],"RightShoulder":[0.17799999999999994,-0.09200000000000008,1.064],"LeftElbow":[-0.06699999999999995,-0.0029999999999998916,0.805],"RightElbow":[0.28900000000000015,0.015000000000000124,0.815],"LeftWrist":[0.14000000000000012,0.15200000000000014,0.844],"RightWrist":[0.028999999999999915,0.08599999999999985,0.794],"LeftHand":[0.20400000000000018,0.19099999999999984,0.809],"RightHand":[-0.04899999999999993,0.10000000000000009,0.808],"LeftFingers":[0.2320000000000002,0.254,0.853],"RightFingers":[-0.07699999999999996,0.10400000000000009,0.885],"Core":[0.04599999999999982,0.24400000000000022,0.995],"Neck":[0.020000000000000018,-0.1339999999999999,1.132],"Head":[-0.02400000000000002,-0.28800000000000003,1.182]},"p1":{"LeftToe":[0.34299999999999997,-0.2669999999999999,0.025],"RightToe":[0.23099999999999987,0.379,0.446],"LeftHeel":[0.14000000000000012,-0.3779999999999999,0.03],"RightHeel":[0.10999999999999988,0.18699999999999983,0.431],"LeftAnkle":[0.20299999999999985,-0.355,0.089],"RightAnkle":[0.1339999999999999,0.238,0.502],"LeftKnee":[0.27700000000000014,-0.3620000000000001,0.514],"RightKnee":[0.04599999999999982,0.19799999999999995,0.919],"LeftHip":[0.06099999999999994,-0.44300000000000006,0.879],"RightHip":[-0.0020000000000000018,-0.2310000000000001,0.943],"LeftShoulder":[0.5529999999999999,-0.21900000000000008,0.984],"RightShoulder":[0.3570000000000002,0.005999999999999783,1.109],"LeftElbow":[0.2919999999999998,-0.16300000000000003,0.87],"RightElbow":[0.19499999999999984,0.18800000000000017,0.952],"LeftWrist":[0.08800000000000008,-0.05800000000000005,0.743],"RightWrist":[0.1459999999999999,-0.030999999999999917,0.804],"LeftHand":[0.020999999999999908,-0.04499999999999993,0.697],"RightHand":[0.16599999999999993,-0.06699999999999995,0.732],"LeftFingers":[-0.006000000000000005,0.03299999999999992,0.693],"RightFingers":[0.13600000000000012,-0.1439999999999999,0.726],"Core":[0.21399999999999997,-0.33099999999999996,1.071],"Neck":[0.512,-0.07200000000000006,1.072],"Head":[0.637,0.03699999999999992,1.072]}}