{"p0":{"LeftToe":[-0.359,-0.1060000000000001,0.025],"RightToe":[0.22299999999999986,0.1120000000000001,0.028],"LeftHeel":[-0.31099999999999994,0.11699999999999999,0.033],"RightHeel":[0.10000000000000009,0.30299999999999994,0.05],"LeftAnkle":[-0.2889999999999999,0.04800000000000004,0.09],"RightAnkle":[0.129,0.2450000000000001,0.109],"LeftKnee":[-0.26,-0.038000000000000034,0.513],"RightKnee":[0.20999999999999996,0.04400000000000004,0.483],"LeftHip":[-0.1140000000000001,0.08300000000000018,0.902],"RightHip":[0.1160000000000001,0.10899999999999999,0.9],"LeftShoulder":[-0.133,-0.44900000000000007,1.015],"RightShoulder":[0.18800000000000017,-0.43799999999999994,0.998],"LeftElbow":[-0.062000000000000055,-0.30699999999999994,0.771],"RightElbow":[0.19799999999999995,-0.2230000000000001,0.8],"LeftWrist":[0.19899999999999984,-0.31899999999999995,0.794],"RightWrist":[-0.052999999999999936,-0.19500000000000006,0.707],"LeftHand":[0.2679999999999998,-0.357,0.817],"RightHand":[-0.131,-0.21900000000000008,0.715],"LeftFingers":[0.27300000000000013,-0.3899999999999999,0.888],"RightFingers":[-0.15500000000000003,-0.262,0.78],"Core":[0.020999999999999908,-0.11099999999999999,1.027],"Neck":[0.029999999999999805,-0.4950000000000001,1.053],"Head":[-0.010999999999999899,-0.6359999999999999,1.13]},"p1":{"LeftToe":[0.5310000000000001,-0.927,0.025],"RightToe":[-0.351,0.04599999999999982,0.631],"LeftHeel":[0.3460000000000001,-1.067,0.03],"RightHeel":[-0.31400000000000006,-0.18500000000000005,0.654],"LeftAnkle":[0.3820000000000001,-1.004,0.081],"RightAnkle":[-0.2729999999999999,-0.1100000000000001,0.658],"LeftKnee":[0.395,-0.8200000000000001,0.467],"RightKnee":[0.052999999999999936,-0.2909999999999999,0.864],"LeftHip":[0.22299999999999986,-0.833,0.858],"RightHip":[0.03100000000000014,-0.716,0.904],"LeftShoulder":[0.41500000000000004,-0.514,1.344],"RightShoulder":[0.0990000000000002,-0.4930000000000001,1.365],"LeftElbow":[0.4620000000000002,-0.44100000000000006,1.07],"RightElbow":[-0.1359999999999999,-0.5980000000000001,1.227],"LeftWrist":[0.28100000000000014,-0.29600000000000004,0.959],"RightWrist":[-0.03499999999999992,-0.3680000000000001,1.134],"LeftHand":[0.2749999999999999,-0.21799999999999997,0.957],"RightHand":[-0.040000000000000036,-0.29200000000000004,1.153],"LeftFingers":[0.2120000000000002,-0.17300000000000004,0.95],"RightFingers":[-0.03200000000000003,-0.2350000000000001,1.094],"Core":[0.22299999999999986,-0.7130000000000001,1.098],"Neck":[0.2639999999999998,-0.43500000000000005,1.395],"Head":[0.30100000000000016,-0.2929999999999999,1.473]}}