{"p0":{"LeftToe":[0.040000000000000036,0.10999999999999988,0.03],"RightToe":[0.31400000000000006,0.556,0.033],"LeftHeel":[-0.1160000000000001,0.274,0.045],"RightHeel":[0.09200000000000008,0.609,0.041],"LeftAnkle":[-0.07000000000000006,0.23099999999999987,0.111],"RightAnkle":[0.15200000000000014,0.5899999999999999,0.109],"LeftKnee":[-0.02200000000000002,0.18599999999999994,0.538],"RightKnee":[0.23099999999999987,0.512,0.527],"LeftHip":[-0.07000000000000006,0.35199999999999987,0.932],"RightHip":[0.11100000000000021,0.496,0.938],"LeftShoulder":[0.08999999999999986,0.040000000000000036,1.375],"RightShoulder":[0.375,0.20000000000000018,1.322],"LeftElbow":[-0.03400000000000003,0.019000000000000128,1.112],"RightElbow":[0.383,0.13600000000000012,1.041],"LeftWrist":[0.16000000000000014,0.1349999999999998,0.986],"RightWrist":[0.12199999999999989,0.08899999999999997,0.98],"LeftHand":[0.23499999999999988,0.16500000000000004,0.972],"RightHand":[0.052999999999999936,0.04599999999999982,0.967],"LeftFingers":[0.2799999999999998,0.17300000000000004,1.039],"RightFingers":[0.008000000000000007,0.021999999999999797,1.032],"Core":[0.07799999999999985,0.34299999999999997,1.16],"Neck":[0.2450000000000001,0.11399999999999988,1.398],"Head":[0.3380000000000001,0.03299999999999992,1.509]},"p1":{"LeftToe":[0.2909999999999999,-0.29600000000000004,0.027],"RightToe":[0.08000000000000007,0.536,0.697],"LeftHeel":[0.10499999999999998,-0.42700000000000005,0.041],"RightHeel":[0.06099999999999994,0.31000000000000005,0.666],"LeftAnkle":[0.15300000000000002,-0.385,0.101],"RightAnkle":[0.08000000000000007,0.359,0.741],"LeftKnee":[0.266,-0.32899999999999996,0.51],"RightKnee":[0.14400000000000013,0.13099999999999978,1.103],"LeftHip":[0.18599999999999994,-0.45399999999999996,0.911],"RightHip":[0.05500000000000016,-0.27,0.968],"LeftShoulder":[0.5219999999999998,-0.2929999999999999,1.327],"RightShoulder":[0.2519999999999998,-0.1339999999999999,1.446],"LeftElbow":[0.5219999999999998,-0.1419999999999999,1.079],"RightElbow":[0.21899999999999986,0.052999999999999936,1.229],"LeftWrist":[0.41800000000000015,0.08700000000000019,1.003],"RightWrist":[0.35199999999999987,0.19899999999999984,1.049],"LeftHand":[0.3969999999999998,0.15799999999999992,0.972],"RightHand":[0.41400000000000015,0.20800000000000018,0.999],"LeftFingers":[0.34799999999999986,0.21099999999999985,1.005],"RightFingers":[0.4630000000000001,0.14500000000000002,0.984],"Core":[0.19600000000000017,-0.3779999999999999,1.171],"Neck":[0.41400000000000015,-0.18799999999999994,1.416],"Head":[0.508,-0.09800000000000009,1.521]}}