{"p0":{"LeftToe":[0.9089999999999998,-0.038000000000000034,0.034],"RightToe":[-0.387,-0.040999999999999925,0.025],"LeftHeel":[0.7589999999999999,-0.20999999999999996,0.049],"RightHeel":[-0.276,-0.2410000000000001,0.033],"LeftAnkle":[0.7770000000000001,-0.1399999999999999,0.099],"RightAnkle":[-0.274,-0.16599999999999993,0.086],"LeftKnee":[0.6080000000000001,0.07200000000000006,0.431],"RightKnee":[-0.22599999999999998,0.03100000000000014,0.464],"LeftHip":[0.32299999999999995,0.005999999999999783,0.745],"RightHip":[0.09100000000000019,-0.008000000000000007,0.75],"LeftShoulder":[0.3530000000000002,0.5249999999999999,0.549],"RightShoulder":[0.04700000000000015,0.5609999999999999,0.61],"LeftElbow":[0.4889999999999999,0.6459999999999999,0.321],"RightElbow":[-0.04299999999999993,0.5720000000000001,0.336],"LeftWrist":[0.5289999999999999,0.7629999999999999,0.089],"RightWrist":[-0.09800000000000009,0.738,0.13],"LeftHand":[0.5659999999999998,0.8319999999999999,0.078],"RightHand":[-0.11099999999999999,0.8159999999999998,0.105],"LeftFingers":[0.552,0.8839999999999999,0.02],"RightFingers":[-0.14700000000000002,0.8300000000000001,0.032],"Core":[0.19200000000000017,0.238,0.725],"Neck":[0.20599999999999996,0.6240000000000001,0.57],"Head":[0.16900000000000004,0.7839999999999998,0.546]},"p1":{"LeftToe":[-0.16500000000000004,0.2999999999999998,0.779],"RightToe":[0.3900000000000001,-0.16100000000000003,0.746],"LeftHeel":[0.0019999999999997797,0.278,0.619],"RightHeel":[0.29800000000000004,-0.14100000000000001,0.533],"LeftAnkle":[-0.05800000000000005,0.22699999999999987,0.657],"RightAnkle":[0.30100000000000016,-0.09400000000000008,0.607],"LeftKnee":[-0.363,-0.06699999999999995,0.587],"RightKnee":[0.129,0.29499999999999993,0.555],"LeftHip":[-0.018999999999999906,-0.19999999999999996,0.363],"RightHip":[0.16699999999999982,-0.07099999999999995,0.33],"LeftShoulder":[-0.375,0.04300000000000015,0.147],"RightShoulder":[-0.15500000000000003,0.2879999999999998,0.118],"LeftElbow":[-0.3400000000000001,-0.2470000000000001,0.156],"RightElbow":[0.08000000000000007,0.3759999999999999,0.266],"LeftWrist":[-0.32400000000000007,-0.052999999999999936,0.325],"RightWrist":[0.03799999999999981,0.44700000000000006,0.526],"LeftHand":[-0.33099999999999996,0.01200000000000001,0.367],"RightHand":[-0.016999999999999904,0.46099999999999985,0.578],"LeftFingers":[-0.2809999999999999,0.07399999999999984,0.36],"RightFingers":[-0.010999999999999899,0.4740000000000002,0.657],"Core":[-0.020000000000000018,-0.05600000000000005,0.137],"Neck":[-0.31299999999999994,0.20900000000000007,0.126],"Head":[-0.4570000000000001,0.28900000000000015,0.158]}}