{"p0":{"LeftToe":[-1.2730000000000001,0.8679999999999999,0.033],"RightToe":[-0.8779999999999999,1.311,0.025],"LeftHeel":[-1.1560000000000001,0.7759999999999998,0.21],"RightHeel":[-0.8819999999999999,1.1800000000000002,0.212],"LeftAnkle":[-1.17,0.7490000000000001,0.123],"RightAnkle":[-0.825,1.178,0.139],"LeftKnee":[-0.9219999999999999,0.4009999999999998,0.054],"RightKnee":[-0.494,0.9129999999999998,0.055],"LeftHip":[-0.9390000000000001,0.6349999999999998,0.411],"RightHip":[-0.7350000000000001,0.7370000000000001,0.368],"LeftShoulder":[-0.734,0.19600000000000017,0.696],"RightShoulder":[-0.43900000000000006,0.32699999999999996,0.618],"LeftElbow":[-0.802,0.30500000000000016,0.439],"RightElbow":[-0.476,0.30100000000000016,0.333],"LeftWrist":[-0.625,0.11299999999999999,0.466],"RightWrist":[-0.56,0.1080000000000001,0.498],"LeftHand":[-0.558,0.07500000000000018,0.474],"RightHand":[-0.6060000000000001,0.04800000000000004,0.529],"LeftFingers":[-0.51,0.08999999999999986,0.538],"RightFingers":[-0.6419999999999999,0.053999999999999826,0.6],"Core":[-0.7350000000000001,0.5419999999999998,0.558],"Neck":[-0.562,0.23099999999999987,0.699],"Head":[-0.42999999999999994,0.1419999999999999,0.751]},"p1":{"LeftToe":[-0.669,-0.518,0.025],"RightToe":[-0.677,0.7829999999999999,0.093],"LeftHeel":[-0.774,-0.31499999999999995,0.038],"RightHeel":[-0.7669999999999999,0.6579999999999999,0.261],"LeftAnkle":[-0.732,-0.3640000000000001,0.098],"RightAnkle":[-0.6970000000000001,0.6429999999999998,0.203],"LeftKnee":[-0.585,-0.5189999999999999,0.469],"RightKnee":[-0.5740000000000001,0.31400000000000006,0.453],"LeftHip":[-0.6759999999999999,-0.21799999999999997,0.765],"RightHip":[-0.5820000000000001,-0.006999999999999895,0.741],"LeftShoulder":[-0.21399999999999997,-0.4890000000000001,0.612],"RightShoulder":[-0.07899999999999996,-0.20700000000000007,0.586],"LeftElbow":[-0.276,-0.5489999999999999,0.335],"RightElbow":[-0.028999999999999915,-0.10499999999999998,0.317],"LeftWrist":[-0.25,-0.56,0.076],"RightWrist":[0.0129999999999999,-0.123,0.048],"LeftHand":[-0.18500000000000005,-0.609,0.085],"RightHand":[0.07900000000000018,-0.15700000000000003,0.083],"LeftFingers":[-0.16399999999999992,-0.655,0.021],"RightFingers":[0.1280000000000001,-0.20399999999999996,0.036],"Core":[-0.40700000000000003,-0.21300000000000008,0.763],"Neck":[-0.08400000000000007,-0.373,0.645],"Head":[0.06700000000000017,-0.43799999999999994,0.621]}}