{"p0":{"LeftToe":[-0.498,0.863,0.027],"RightToe":[-0.09099999999999997,0.5350000000000001,0.03],"LeftHeel":[-0.31200000000000006,1.001,0.03],"RightHeel":[-0.010999999999999899,0.7480000000000002,0.031],"LeftAnkle":[-0.3600000000000001,0.956,0.088],"RightAnkle":[-0.03299999999999992,0.694,0.098],"LeftKnee":[-0.4610000000000001,0.8999999999999999,0.501],"RightKnee":[-0.129,0.5950000000000002,0.503],"LeftHip":[-0.27,0.9820000000000002,0.875],"RightHip":[-0.09600000000000009,0.8319999999999999,0.858],"LeftShoulder":[-0.5860000000000001,0.8180000000000001,1.199],"RightShoulder":[-0.43399999999999994,0.5299999999999998,1.189],"LeftElbow":[-0.5509999999999999,0.9199999999999999,0.928],"RightElbow":[-0.3640000000000001,0.593,0.913],"LeftWrist":[-0.4690000000000001,0.6739999999999999,0.893],"RightWrist":[-0.562,0.7749999999999999,0.881],"LeftHand":[-0.44300000000000006,0.5960000000000001,0.889],"RightHand":[-0.516,0.823,0.921],"LeftFingers":[-0.41100000000000003,0.556,0.948],"RightFingers":[-0.532,0.8660000000000001,0.986],"Core":[-0.23199999999999998,0.8239999999999998,1.088],"Neck":[-0.569,0.6419999999999999,1.212],"Head":[-0.685,0.5379999999999998,1.271]},"p1":{"LeftToe":[-0.8700000000000001,0.5350000000000001,0.025],"RightToe":[-0.014000000000000012,0.7290000000000001,0.612],"LeftHeel":[-0.9630000000000001,0.7440000000000002,0.032],"RightHeel":[-0.16999999999999993,0.871,0.526],"LeftAnkle":[-0.935,0.6880000000000002,0.1],"RightAnkle":[-0.16999999999999993,0.8210000000000002,0.602],"LeftKnee":[-0.8700000000000001,0.581,0.513],"RightKnee":[-0.3460000000000001,0.7469999999999999,0.99],"LeftHip":[-0.9670000000000001,0.722,0.91],"RightHip":[-0.7709999999999999,0.7999999999999998,1.001],"LeftShoulder":[-0.9390000000000001,0.43699999999999983,1.434],"RightShoulder":[-0.7170000000000001,0.6629999999999998,1.469],"LeftElbow":[-0.853,0.33000000000000007,1.178],"RightElbow":[-0.5349999999999999,0.8210000000000002,1.312],"LeftWrist":[-0.5980000000000001,0.39400000000000013,1.186],"RightWrist":[-0.32000000000000006,0.6699999999999999,1.259],"LeftHand":[-0.5329999999999999,0.3849999999999998,1.231],"RightHand":[-0.252,0.6389999999999998,1.235],"LeftFingers":[-0.4750000000000001,0.43699999999999983,1.239],"RightFingers":[-0.2310000000000001,0.6360000000000001,1.156],"Core":[-0.948,0.7080000000000002,1.181],"Neck":[-0.7989999999999999,0.5139999999999998,1.499],"Head":[-0.683,0.45699999999999985,1.599]}}