{"p0":{"LeftToe":[0.855,0.2559999999999998,0.025],"RightToe":[0.0990000000000002,0.2669999999999999,0.185],"LeftHeel":[0.8130000000000002,0.028999999999999915,0.031],"RightHeel":[0.2290000000000001,0.07600000000000007,0.165],"LeftAnkle":[0.79,0.09799999999999986,0.082],"RightAnkle":[0.20299999999999985,0.129,0.23],"LeftKnee":[0.7469999999999999,0.17099999999999982,0.503],"RightKnee":[0.24400000000000022,0.15600000000000014,0.655],"LeftHip":[0.6829999999999998,-0.004999999999999893,0.889],"RightHip":[0.4849999999999999,-0.1200000000000001,0.877],"LeftShoulder":[0.6560000000000001,0.28100000000000014,1.31],"RightShoulder":[0.3690000000000002,0.20400000000000018,1.363],"LeftElbow":[0.7639999999999998,0.31199999999999983,1.044],"RightElbow":[0.21099999999999985,0.09399999999999986,1.147],"LeftWrist":[0.677,0.4159999999999999,0.825],"RightWrist":[0.10999999999999988,0.32600000000000007,1.049],"LeftHand":[0.6499999999999999,0.4700000000000002,0.775],"RightHand":[0.07200000000000006,0.3969999999999998,1.032],"LeftFingers":[0.6320000000000001,0.44700000000000006,0.698],"RightFingers":[0.06099999999999994,0.42600000000000016,0.961],"Core":[0.5369999999999999,-0.01200000000000001,1.118],"Neck":[0.492,0.3250000000000002,1.342],"Head":[0.43699999999999983,0.46899999999999986,1.395]},"p1":{"LeftToe":[-0.1120000000000001,0.19499999999999984,0.025],"RightToe":[-0.06899999999999995,0.9039999999999999,0.025],"LeftHeel":[-0.18399999999999994,0.26900000000000013,0.228],"RightHeel":[-0.23399999999999999,0.7450000000000001,0.057],"LeftAnkle":[-0.1180000000000001,0.20900000000000007,0.207],"RightAnkle":[-0.1519999999999999,0.7589999999999999,0.085],"LeftKnee":[0.21700000000000008,-0.06000000000000005,0.252],"RightKnee":[0.16800000000000015,0.681,0.365],"LeftHip":[0.0030000000000001137,0.17700000000000005,0.538],"RightHip":[-0.014999999999999902,0.3879999999999999,0.622],"LeftShoulder":[0.347,0.0009999999999998899,0.863],"RightShoulder":[0.3290000000000002,0.31499999999999995,0.993],"LeftElbow":[0.32600000000000007,-0.06299999999999994,0.578],"RightElbow":[0.33599999999999985,0.5030000000000001,0.771],"LeftWrist":[0.383,0.17899999999999983,0.646],"RightWrist":[0.601,0.44499999999999984,0.781],"LeftHand":[0.4169999999999998,0.242,0.68],"RightHand":[0.6459999999999999,0.45199999999999996,0.849],"LeftFingers":[0.3820000000000001,0.2879999999999998,0.733],"RightFingers":[0.7250000000000001,0.45299999999999985,0.84],"Core":[0.03799999999999981,0.19200000000000017,0.804],"Neck":[0.383,0.1509999999999998,0.949],"Head":[0.5310000000000001,0.16699999999999982,1.014]}}