{"p0":{"LeftToe":[0.31800000000000006,0.7930000000000001,0.025],"RightToe":[0.5270000000000001,0.008999999999999897,0.025],"LeftHeel":[0.492,0.9279999999999999,0.08],"RightHeel":[0.5990000000000002,0.22999999999999998,0.03],"LeftAnkle":[0.44200000000000017,0.867,0.128],"RightAnkle":[0.5449999999999999,0.17799999999999994,0.079],"LeftKnee":[0.18800000000000017,0.5950000000000002,0.345],"RightKnee":[0.4590000000000001,0.04700000000000015,0.481],"LeftHip":[0.4009999999999998,0.5299999999999998,0.715],"RightHip":[0.5910000000000002,0.40600000000000014,0.678],"LeftShoulder":[0.09600000000000009,0.17200000000000015,0.934],"RightShoulder":[0.31700000000000017,-0.03699999999999992,0.889],"LeftElbow":[0.04800000000000004,0.33499999999999996,0.697],"RightElbow":[0.31099999999999994,0.01100000000000012,0.606],"LeftWrist":[0.03600000000000003,0.18999999999999995,0.48],"RightWrist":[0.1080000000000001,0.15600000000000014,0.503],"LeftHand":[0.08899999999999997,0.13200000000000012,0.501],"RightHand":[0.053999999999999826,0.21499999999999986,0.484],"LeftFingers":[0.15799999999999992,0.1339999999999999,0.456],"RightFingers":[0.041999999999999815,0.278,0.535],"Core":[0.43000000000000016,0.31499999999999995,0.872],"Neck":[0.17499999999999982,0.017999999999999794,0.97],"Head":[0.11500000000000021,-0.12400000000000011,1.022]},"p1":{"LeftToe":[0.20500000000000007,-0.246,0.034],"RightToe":[0.22599999999999998,0.3599999999999999,0.048],"LeftHeel":[-0.026000000000000023,-0.258,0.041],"RightHeel":[0.007000000000000117,0.29400000000000004,0.037],"LeftAnkle":[0.03799999999999981,-0.2529999999999999,0.101],"RightAnkle":[0.06599999999999984,0.2999999999999998,0.108],"LeftKnee":[0.17799999999999994,-0.16300000000000003,0.495],"RightKnee":[0.14400000000000013,0.254,0.527],"LeftHip":[-0.03200000000000003,-0.1140000000000001,0.865],"RightHip":[-0.09200000000000008,0.11100000000000021,0.855],"LeftShoulder":[0.1549999999999998,-0.11099999999999999,1.367],"RightShoulder":[0.07299999999999995,0.20999999999999996,1.375],"LeftElbow":[0.2749999999999999,-0.24,1.14],"RightElbow":[-0.08800000000000008,0.31300000000000017,1.155],"LeftWrist":[0.347,-0.006999999999999895,1.043],"RightWrist":[0.125,0.27300000000000013,0.99],"LeftHand":[0.4009999999999998,0.052999999999999936,1.052],"RightHand":[0.18500000000000005,0.31599999999999984,1.02],"LeftFingers":[0.40700000000000003,0.11699999999999999,1.009],"RightFingers":[0.24299999999999988,0.351,0.983],"Core":[-0.07299999999999995,0.007000000000000117,1.101],"Neck":[0.1469999999999998,0.05699999999999994,1.41],"Head":[0.24800000000000022,0.09200000000000008,1.535]}}