{"p0":{"LeftToe":[-0.08200000000000007,0.8849999999999998,0.027],"RightToe":[0.08599999999999985,0.3759999999999999,0.025],"LeftHeel":[0.14900000000000002,0.883,0.03],"RightHeel":[0.27,0.516,0.055],"LeftAnkle":[0.08499999999999996,0.8769999999999998,0.089],"RightAnkle":[0.20800000000000018,0.4790000000000001,0.105],"LeftKnee":[-0.040999999999999925,0.839,0.5],"RightKnee":[0.14100000000000001,0.3999999999999999,0.521],"LeftHip":[0.15799999999999992,0.855,0.879],"RightHip":[0.27300000000000013,0.6600000000000001,0.835],"LeftShoulder":[-0.2709999999999999,0.6059999999999999,1.038],"RightShoulder":[-0.07600000000000007,0.31300000000000017,1.052],"LeftElbow":[-0.28400000000000003,0.6230000000000002,0.751],"RightElbow":[-0.05499999999999994,0.33599999999999985,0.764],"LeftWrist":[-0.11699999999999999,0.43999999999999995,0.669],"RightWrist":[-0.17599999999999993,0.5790000000000002,0.755],"LeftHand":[-0.15900000000000003,0.4889999999999999,0.721],"RightHand":[-0.1379999999999999,0.6419999999999999,0.783],"LeftFingers":[-0.17999999999999994,0.4540000000000002,0.791],"RightFingers":[-0.15799999999999992,0.6680000000000001,0.859],"Core":[0.09600000000000009,0.6419999999999999,1.036],"Neck":[-0.17399999999999993,0.4590000000000001,1.026],"Head":[-0.29699999999999993,0.3540000000000001,1.065]},"p1":{"LeftToe":[0.33499999999999996,0.16199999999999992,0.029],"RightToe":[0.32200000000000006,0.5840000000000001,0.588],"LeftHeel":[0.1030000000000002,0.14900000000000002,0.03],"RightHeel":[0.12699999999999978,0.5470000000000002,0.468],"LeftAnkle":[0.16800000000000015,0.1459999999999999,0.088],"RightAnkle":[0.1499999999999999,0.5369999999999999,0.552],"LeftKnee":[0.0009999999999998899,0.15300000000000002,0.482],"RightKnee":[-0.1180000000000001,0.6000000000000001,0.886],"LeftHip":[-0.2849999999999999,0.09399999999999986,0.794],"RightHip":[-0.375,0.29499999999999993,0.722],"LeftShoulder":[-0.2270000000000001,0.19099999999999984,1.28],"RightShoulder":[-0.40700000000000003,0.44799999999999995,1.266],"LeftElbow":[-0.18599999999999994,0.10099999999999998,1.006],"RightElbow":[-0.262,0.69,1.187],"LeftWrist":[-0.17999999999999994,0.31300000000000017,0.852],"RightWrist":[-0.052999999999999936,0.532,1.134],"LeftHand":[-0.16500000000000004,0.3740000000000001,0.798],"RightHand":[0,0.4910000000000001,1.173],"LeftFingers":[-0.09499999999999997,0.41500000000000004,0.801],"RightFingers":[0.03100000000000014,0.42600000000000016,1.127],"Core":[-0.43399999999999994,0.22299999999999986,0.977],"Neck":[-0.2729999999999999,0.3540000000000001,1.331],"Head":[-0.17300000000000004,0.3860000000000001,1.462]}}