{"p0":{"LeftToe":[0.43599999999999994,0.4500000000000002,0.045],"RightToe":[0.44899999999999984,-0.04800000000000004,0.029],"LeftHeel":[0.34799999999999986,0.3919999999999999,0.248],"RightHeel":[0.3969999999999998,-0.0129999999999999,0.253],"LeftAnkle":[0.30699999999999994,0.403,0.166],"RightAnkle":[0.3540000000000001,-0.018000000000000016,0.176],"LeftKnee":[-0.10499999999999998,0.45699999999999985,0.05],"RightKnee":[-0.04400000000000004,0.07699999999999996,0.05],"LeftHip":[0.028000000000000025,0.33499999999999996,0.441],"RightHip":[0.028000000000000025,0.10499999999999998,0.471],"LeftShoulder":[-0.4690000000000001,0.4900000000000002,0.466],"RightShoulder":[-0.573,0.17799999999999994,0.376],"LeftElbow":[-0.397,0.52,0.188],"RightElbow":[-0.397,0.18699999999999983,0.143],"LeftWrist":[-0.5840000000000001,0.3370000000000002,0.211],"RightWrist":[-0.627,0.2549999999999999,0.023],"LeftHand":[-0.6339999999999999,0.278,0.219],"RightHand":[-0.673,0.278,0.085],"LeftFingers":[-0.6559999999999999,0.22199999999999998,0.166],"RightFingers":[-0.6479999999999999,0.31000000000000005,0.152],"Core":[-0.21399999999999997,0.22199999999999998,0.441],"Neck":[-0.565,0.3460000000000001,0.428],"Head":[-0.7250000000000001,0.3879999999999999,0.406]},"p1":{"LeftToe":[-1.1360000000000001,0.43699999999999983,0.032],"RightToe":[-1.206,0.06700000000000017,0.044],"LeftHeel":[-1.001,0.258,0.069],"RightHeel":[-0.99,-0.008999999999999897,0.086],"LeftAnkle":[-0.986,0.34799999999999986,0.08],"RightAnkle":[-1.048,0.04599999999999982,0.123],"LeftKnee":[-0.575,0.46499999999999986,0.139],"RightKnee":[-0.9490000000000001,0.2320000000000002,0.496],"LeftHip":[-0.6000000000000001,0.040999999999999925,0.09],"RightHip":[-0.6419999999999999,-0.004999999999999893,0.313],"LeftShoulder":[-0.05800000000000005,-0.02499999999999991,0.08],"RightShoulder":[-0.07699999999999996,-0.2410000000000001,0.319],"LeftElbow":[-0.14500000000000002,0.25,0.053],"RightElbow":[0.11699999999999999,-0.03600000000000003,0.383],"LeftWrist":[0.07200000000000006,0.18900000000000006,0.183],"RightWrist":[0.10599999999999987,0.09699999999999998,0.147],"LeftHand":[0.08899999999999997,0.1499999999999999,0.114],"RightHand":[0.10899999999999999,0.17799999999999994,0.134],"LeftFingers":[0.15799999999999992,0.10599999999999987,0.106],"RightFingers":[0.04499999999999993,0.21899999999999986,0.108],"Core":[-0.3919999999999999,-0.06099999999999994,0.234],"Neck":[-0.004999999999999893,-0.1479999999999999,0.189],"Head":[0.14900000000000002,-0.17999999999999994,0.135]}}