{"p0":{"LeftToe":[-0.12400000000000011,-0.7250000000000001,0.033],"RightToe":[-0.544,0.01399999999999979,0.025],"LeftHeel":[-0.3480000000000001,-0.756,0.062],"RightHeel":[-0.6499999999999999,-0.18700000000000006,0.033],"LeftAnkle":[-0.28400000000000003,-0.7250000000000001,0.12],"RightAnkle":[-0.607,-0.1399999999999999,0.099],"LeftKnee":[-0.18599999999999994,-0.5549999999999999,0.505],"RightKnee":[-0.4970000000000001,-0.14300000000000002,0.517],"LeftHip":[-0.369,-0.569,0.895],"RightHip":[-0.5089999999999999,-0.3859999999999999,0.874],"LeftShoulder":[-0.028999999999999915,-0.30499999999999994,1.279],"RightShoulder":[-0.248,-0.07400000000000007,1.279],"LeftElbow":[0.19399999999999995,-0.2270000000000001,1.112],"RightElbow":[-0.30200000000000005,0.08800000000000008,1.042],"LeftWrist":[0.029999999999999805,-0.026000000000000023,1.087],"RightWrist":[-0.17799999999999994,0.15700000000000003,1.271],"LeftHand":[-0.02400000000000002,0.020000000000000018,1.05],"RightHand":[-0.15999999999999992,0.16199999999999992,1.351],"LeftFingers":[-0.08800000000000008,0.04599999999999982,1.095],"RightFingers":[-0.08000000000000007,0.16900000000000004,1.368],"Core":[-0.33099999999999996,-0.373,1.078],"Neck":[-0.1100000000000001,-0.16300000000000003,1.335],"Head":[0.015000000000000124,-0.10200000000000009,1.419]},"p1":{"LeftToe":[0.03200000000000003,0.4900000000000002,0.028],"RightToe":[0.371,-0.16700000000000004,0.042],"LeftHeel":[0.20699999999999985,0.6339999999999999,0.054],"RightHeel":[0.4980000000000002,0.020999999999999908,0.076],"LeftAnkle":[0.16199999999999992,0.585,0.114],"RightAnkle":[0.44899999999999984,-0.030000000000000027,0.133],"LeftKnee":[0.052999999999999936,0.42799999999999994,0.498],"RightKnee":[0.2639999999999998,-0.06499999999999995,0.519],"LeftHip":[0.20599999999999996,0.391,0.897],"RightHip":[0.3410000000000002,0.21099999999999985,0.84],"LeftShoulder":[-0.10299999999999998,0.2320000000000002,1.265],"RightShoulder":[0.03399999999999981,-0.08200000000000007,1.241],"LeftElbow":[-0.30000000000000004,0.2909999999999999,1.064],"RightElbow":[-0.014999999999999902,-0.266,1.022],"LeftWrist":[-0.349,0.053999999999999826,1.166],"RightWrist":[-0.06499999999999995,-0.3999999999999999,1.254],"LeftHand":[-0.3560000000000001,-0.016999999999999904,1.206],"RightHand":[-0.10200000000000009,-0.41100000000000003,1.327],"LeftFingers":[-0.31699999999999995,-0.08099999999999996,1.176],"RightFingers":[-0.12200000000000011,-0.34099999999999997,1.365],"Core":[0.21399999999999997,0.19600000000000017,1.08],"Neck":[-0.04400000000000004,0.06800000000000006,1.295],"Head":[-0.17100000000000004,0.03699999999999992,1.398]}}