{"p0":{"LeftToe":[0.17300000000000004,0.6459999999999999,0.028],"RightToe":[0.8439999999999999,-0.02400000000000002,0.042],"LeftHeel":[0.383,0.5550000000000002,0.03],"RightHeel":[1.0579999999999998,0.052999999999999936,0.03],"LeftAnkle":[0.32299999999999995,0.5699999999999998,0.097],"RightAnkle":[0.9990000000000001,0.052000000000000046,0.101],"LeftKnee":[0.2519999999999998,0.532,0.512],"RightKnee":[0.6970000000000001,0.06999999999999984,0.396],"LeftHip":[0.5339999999999998,0.4009999999999998,0.826],"RightHip":[0.6040000000000001,0.18000000000000016,0.814],"LeftShoulder":[0.3780000000000001,0.48099999999999987,1.316],"RightShoulder":[0.3719999999999999,0.15700000000000003,1.359],"LeftElbow":[0.2250000000000001,0.6629999999999998,1.145],"RightElbow":[0.16999999999999993,0.18699999999999983,1.151],"LeftWrist":[-0.008999999999999897,0.665,1.262],"RightWrist":[-0.04699999999999993,0.2490000000000001,1.301],"LeftHand":[-0.05499999999999994,0.7040000000000002,1.317],"RightHand":[-0.10699999999999998,0.2639999999999998,1.35],"LeftFingers":[-0.133,0.685,1.326],"RightFingers":[-0.17900000000000005,0.2909999999999999,1.333],"Core":[0.5640000000000001,0.2789999999999999,1.065],"Neck":[0.3460000000000001,0.32799999999999985,1.399],"Head":[0.20900000000000007,0.3380000000000001,1.495]},"p1":{"LeftToe":[-1.054,0.3900000000000001,0.027],"RightToe":[-0.2789999999999999,0.7490000000000001,0.028],"LeftHeel":[-1.25,0.5089999999999999,0.056],"RightHeel":[-0.506,0.7599999999999998,0.038],"LeftAnkle":[-1.187,0.48,0.11],"RightAnkle":[-0.44399999999999995,0.7490000000000001,0.105],"LeftKnee":[-0.901,0.3780000000000001,0.398],"RightKnee":[-0.4039999999999999,0.698,0.521],"LeftHip":[-0.853,0.4830000000000001,0.821],"RightHip":[-0.714,0.6680000000000001,0.829],"LeftShoulder":[-0.6220000000000001,0.3860000000000001,1.355],"RightShoulder":[-0.5900000000000001,0.7040000000000002,1.352],"LeftElbow":[-0.44399999999999995,0.27300000000000013,1.158],"RightElbow":[-0.359,0.7320000000000002,1.182],"LeftWrist":[-0.22599999999999998,0.22199999999999998,1.287],"RightWrist":[-0.12200000000000011,0.6709999999999998,1.292],"LeftHand":[-0.18900000000000006,0.21799999999999997,1.358],"RightHand":[-0.07400000000000007,0.6389999999999998,1.348],"LeftFingers":[-0.10699999999999998,0.21099999999999985,1.354],"RightFingers":[0.005999999999999783,0.625,1.333],"Core":[-0.7749999999999999,0.5569999999999999,1.065],"Neck":[-0.5720000000000001,0.5409999999999999,1.413],"Head":[-0.44199999999999995,0.516,1.511]}}