{"p0":{"LeftToe":[-0.831,1.08,0.026],"RightToe":[-0.813,1.209,0.097],"LeftHeel":[-0.677,0.9079999999999999,0.03],"RightHeel":[-0.651,1.0630000000000002,0.03],"LeftAnkle":[-0.7130000000000001,0.9630000000000001,0.09],"RightAnkle":[-0.7130000000000001,1.0590000000000002,0.094],"LeftKnee":[-0.44300000000000006,0.7890000000000001,0.373],"RightKnee":[-0.694,0.69,0.319],"LeftHip":[-0.32099999999999995,0.4860000000000002,0.09],"RightHip":[-0.51,0.3530000000000002,0.121],"LeftShoulder":[0.03299999999999992,0.016999999999999904,0.089],"RightShoulder":[-0.2509999999999999,-0.15100000000000002,0.12],"LeftElbow":[-0.03499999999999992,0.29300000000000015,0.146],"RightElbow":[-0.403,0.02499999999999991,0.29],"LeftWrist":[-0.24,0.3719999999999999,0.285],"RightWrist":[-0.21799999999999997,0.20800000000000018,0.35],"LeftHand":[-0.2809999999999999,0.32600000000000007,0.338],"RightHand":[-0.16799999999999993,0.266,0.366],"LeftFingers":[-0.32899999999999996,0.266,0.31],"RightFingers":[-0.135,0.31099999999999994,0.307],"Core":[-0.2769999999999999,0.2200000000000002,0.1],"Neck":[-0.08800000000000008,-0.09400000000000008,0.144],"Head":[-0.050999999999999934,-0.1399999999999999,0.3]},"p1":{"LeftToe":[-1.634,-0.1200000000000001,0.236],"RightToe":[-1.19,-0.3440000000000001,0.551],"LeftHeel":[-1.46,0.01399999999999979,0.176],"RightHeel":[-1.194,-0.18300000000000005,0.39],"LeftAnkle":[-1.505,0.0040000000000000036,0.253],"RightAnkle":[-1.146,-0.19399999999999995,0.465],"LeftKnee":[-1.2690000000000001,0.2530000000000001,0.509],"RightKnee":[-0.867,0.12400000000000011,0.536],"LeftHip":[-1.105,0.2719999999999998,0.11],"RightHip":[-0.907,0.15300000000000002,0.108],"LeftShoulder":[-0.7909999999999999,0.7829999999999999,0.08],"RightShoulder":[-0.55,0.5800000000000001,0.122],"LeftElbow":[-1.001,0.625,0.196],"RightElbow":[-0.3560000000000001,0.4119999999999999,0.252],"LeftWrist":[-0.77,0.7189999999999999,0.281],"RightWrist":[-0.16599999999999993,0.2320000000000002,0.327],"LeftHand":[-0.752,0.681,0.352],"RightHand":[-0.09299999999999997,0.19399999999999995,0.319],"LeftFingers":[-0.6779999999999999,0.7010000000000001,0.383],"RightFingers":[-0.06400000000000006,0.14900000000000002,0.382],"Core":[-0.8819999999999999,0.42399999999999993,0.113],"Neck":[-0.629,0.7309999999999999,0.117],"Head":[-0.5169999999999999,0.8490000000000002,0.11]}}