{"p0":{"LeftToe":[0.0030000000000001137,-0.26,0.027],"RightToe":[0.06999999999999984,0.14100000000000001,0.029],"LeftHeel":[0.13200000000000012,-0.16799999999999993,0.196],"RightHeel":[-0.016000000000000014,-0.014999999999999902,0.179],"LeftAnkle":[0.1429999999999998,-0.18799999999999994,0.111],"RightAnkle":[0.021999999999999797,0.06400000000000006,0.186],"LeftKnee":[0.5579999999999998,-0.09899999999999998,0.064],"RightKnee":[0.18199999999999994,0.45699999999999985,0.237],"LeftHip":[0.2719999999999998,-0.020000000000000018,0.376],"RightHip":[0.05900000000000016,0.07100000000000017,0.388],"LeftShoulder":[0.5139999999999998,0.274,0.702],"RightShoulder":[0.2320000000000002,0.44200000000000017,0.739],"LeftElbow":[0.5030000000000001,0.16699999999999982,0.431],"RightElbow":[0.0009999999999998899,0.43199999999999994,0.564],"LeftWrist":[0.4670000000000001,0.42300000000000004,0.439],"RightWrist":[0.15300000000000002,0.5950000000000002,0.413],"LeftHand":[0.484,0.5009999999999999,0.457],"RightHand":[0.17099999999999982,0.6669999999999998,0.384],"LeftFingers":[0.44799999999999995,0.56,0.415],"RightFingers":[0.2200000000000002,0.6779999999999999,0.321],"Core":[0.20199999999999996,0.09399999999999986,0.613],"Neck":[0.3999999999999999,0.403,0.726],"Head":[0.4889999999999999,0.5350000000000001,0.762]},"p1":{"LeftToe":[-0.6599999999999999,0.7210000000000001,0.11],"RightToe":[-0.696,0.577,0.026],"LeftHeel":[-0.43999999999999995,0.6859999999999999,0.137],"RightHeel":[-0.4870000000000001,0.669,0.033],"LeftAnkle":[-0.5069999999999999,0.6259999999999999,0.168],"RightAnkle":[-0.516,0.5859999999999999,0.037],"LeftKnee":[-0.357,0.2629999999999999,0.371],"RightKnee":[-0.31600000000000006,0.20900000000000007,0.076],"LeftHip":[-0.133,0.629,0.319],"RightHip":[-0.1379999999999999,0.6019999999999999,0.092],"LeftShoulder":[0.3580000000000001,0.4910000000000001,0.397],"RightShoulder":[0.43999999999999995,0.5590000000000002,0.088],"LeftElbow":[0.07600000000000007,0.4849999999999999,0.338],"RightElbow":[0.18800000000000017,0.42300000000000004,0.045],"LeftWrist":[0.02400000000000002,0.2629999999999999,0.216],"RightWrist":[0.17300000000000004,0.19200000000000017,0.184],"LeftHand":[-0.008000000000000007,0.20199999999999996,0.257],"RightHand":[0.16599999999999993,0.1160000000000001,0.196],"LeftFingers":[0.020999999999999908,0.12699999999999978,0.243],"RightFingers":[0.125,0.08099999999999996,0.252],"Core":[0.1030000000000002,0.6720000000000002,0.195],"Neck":[0.4580000000000002,0.548,0.264],"Head":[0.5899999999999999,0.45199999999999996,0.291]}}