{"p0":{"LeftToe":[1.1,0.2160000000000002,0.025],"RightToe":[0.19799999999999995,-0.45799999999999996,0.054],"LeftHeel":[0.9849999999999999,0.019000000000000128,0.031],"RightHeel":[0.11399999999999988,-0.3680000000000001,0.246],"LeftAnkle":[0.98,0.09399999999999986,0.081],"RightAnkle":[0.16000000000000014,-0.33299999999999996,0.176],"LeftKnee":[0.7639999999999998,0.2719999999999998,0.404],"RightKnee":[0.1339999999999999,0.07500000000000018,0.053],"LeftHip":[0.4910000000000001,-0.06299999999999994,0.396],"RightHip":[0.27,-0.129,0.41],"LeftShoulder":[0.2839999999999998,0.43599999999999994,0.541],"RightShoulder":[0.020999999999999908,0.242,0.635],"LeftElbow":[0.42799999999999994,0.3580000000000001,0.3],"RightElbow":[0.14000000000000012,-0.016000000000000014,0.704],"LeftWrist":[0.43599999999999994,0.3290000000000002,0.041],"RightWrist":[0.053999999999999826,-0.006999999999999895,0.45],"LeftHand":[0.47299999999999986,0.3919999999999999,0.068],"RightHand":[0.005999999999999783,0.051000000000000156,0.481],"LeftFingers":[0.504,0.4500000000000002,0.02],"RightFingers":[0.0030000000000001137,0.1200000000000001,0.44],"Core":[0.3410000000000002,0.07299999999999995,0.572],"Neck":[0.1299999999999999,0.3769999999999998,0.599],"Head":[0.020999999999999908,0.5030000000000001,0.589]},"p1":{"LeftToe":[0.3620000000000001,-0.931,0.171],"RightToe":[0.2759999999999998,-0.8460000000000001,0.035],"LeftHeel":[0.17399999999999993,-0.815,0.238],"RightHeel":[0.10199999999999987,-0.6970000000000001,0.062],"LeftAnkle":[0.2589999999999999,-0.798,0.224],"RightAnkle":[0.18999999999999995,-0.6890000000000001,0.055],"LeftKnee":[0.367,-0.385,0.254],"RightKnee":[0.3919999999999999,-0.31099999999999994,0.05],"LeftHip":[-0.03200000000000003,-0.22999999999999998,0.317],"RightHip":[-0.03200000000000003,-0.238,0.09],"LeftShoulder":[0.1429999999999998,0.15600000000000014,0.438],"RightShoulder":[0.027000000000000135,0.359,0.177],"LeftElbow":[0.004999999999999893,-0.09699999999999998,0.392],"RightElbow":[0.03399999999999981,0.6200000000000001,0.045],"LeftWrist":[0.20599999999999996,-0.1339999999999999,0.235],"RightWrist":[0.2549999999999999,0.46899999999999986,0.02],"LeftHand":[0.28100000000000014,-0.1259999999999999,0.201],"RightHand":[0.3210000000000002,0.4700000000000002,0.061],"LeftFingers":[0.30600000000000005,-0.04800000000000004,0.197],"RightFingers":[0.3900000000000001,0.44499999999999984,0.023],"Core":[-0.08899999999999997,0.004999999999999893,0.195],"Neck":[0.08199999999999985,0.2789999999999999,0.326],"Head":[0.2200000000000002,0.367,0.316]}}