{"p0":{"LeftToe":[-0.03200000000000003,0.7029999999999998,0.207],"RightToe":[0.14800000000000013,0.3799999999999999,0.203],"LeftHeel":[-0.18100000000000005,0.6549999999999998,0.379],"RightHeel":[-0.03400000000000003,0.44700000000000006,0.33],"LeftAnkle":[-0.18500000000000005,0.6659999999999999,0.29],"RightAnkle":[0,0.371,0.3],"LeftKnee":[-0.536,0.6259999999999999,0.05],"RightKnee":[-0.353,0.16999999999999993,0.156],"LeftHip":[-0.45399999999999996,0.5,0.452],"RightHip":[-0.554,0.2999999999999998,0.51],"LeftShoulder":[-0.893,0.5590000000000002,0.11],"RightShoulder":[-1.032,0.31700000000000017,0.316],"LeftElbow":[-0.605,0.5760000000000001,0.09],"RightElbow":[-0.806,0.1389999999999998,0.29],"LeftWrist":[-0.5169999999999999,0.3330000000000002,0.122],"RightWrist":[-0.796,0.17099999999999982,0.02],"LeftHand":[-0.5509999999999999,0.31999999999999984,0.191],"RightHand":[-0.865,0.14800000000000013,0.059],"LeftFingers":[-0.6200000000000001,0.3410000000000002,0.22],"RightFingers":[-0.9319999999999999,0.1339999999999999,0.02],"Core":[-0.7250000000000001,0.492,0.432],"Neck":[-0.978,0.43900000000000006,0.207],"Head":[-0.9890000000000001,0.3039999999999998,0.11]},"p1":{"LeftToe":[-0.010000000000000009,-0.365,0.025],"RightToe":[-0.4650000000000001,-0.3720000000000001,0.039],"LeftHeel":[-0.03299999999999992,-0.20500000000000007,0.187],"RightHeel":[-0.4730000000000001,-0.2230000000000001,0.216],"LeftAnkle":[0.0030000000000001137,-0.19999999999999996,0.103],"RightAnkle":[-0.48,-0.21900000000000008,0.128],"LeftKnee":[0.13099999999999978,0.20999999999999996,0.056],"RightKnee":[-0.567,0.19600000000000017,0.075],"LeftHip":[-0.09899999999999998,-0.030999999999999917,0.326],"RightHip":[-0.32800000000000007,-0.06000000000000005,0.329],"LeftShoulder":[-0.16700000000000004,0.528,0.294],"RightShoulder":[-0.4850000000000001,0.42799999999999994,0.259],"LeftElbow":[-0.02400000000000002,0.4990000000000001,0.045],"RightElbow":[-0.7,0.395,0.065],"LeftWrist":[-0.15100000000000002,0.7280000000000002,0.035],"RightWrist":[-0.504,0.5750000000000002,0.022],"LeftHand":[-0.18399999999999994,0.794,0.056],"RightHand":[-0.43700000000000006,0.6110000000000002,0.051],"LeftFingers":[-0.22199999999999998,0.8500000000000001,0.02],"RightFingers":[-0.4159999999999999,0.6819999999999999,0.02],"Core":[-0.244,0.18299999999999983,0.402],"Neck":[-0.33699999999999997,0.5259999999999998,0.26],"Head":[-0.2669999999999999,0.5459999999999998,0.11]}}