{"p0":{"LeftToe":[-0.849,-0.679,0.025],"RightToe":[-1.089,-0.31099999999999994,0.025],"LeftHeel":[-0.724,-0.5089999999999999,0.112],"RightHeel":[-0.899,-0.25,0.134],"LeftAnkle":[-0.702,-0.583,0.065],"RightAnkle":[-0.9450000000000001,-0.21500000000000008,0.063],"LeftKnee":[-0.28,-0.5189999999999999,0.066],"RightKnee":[-0.6679999999999999,0.10999999999999988,0.055],"LeftHip":[-0.31400000000000006,-0.23199999999999998,0.388],"RightHip":[-0.44999999999999996,-0.04499999999999993,0.394],"LeftShoulder":[0.18100000000000005,0.0030000000000001137,0.33],"RightShoulder":[0.028000000000000025,0.30100000000000016,0.285],"LeftElbow":[0.2330000000000001,0.02499999999999991,0.045],"RightElbow":[-0.09800000000000009,0.20400000000000018,0.046],"LeftWrist":[0.3860000000000001,0.23499999999999988,0.02],"RightWrist":[0.029999999999999805,0.0129999999999999,0.172],"LeftHand":[0.44300000000000006,0.27,0.06],"RightHand":[0.10400000000000009,0.03200000000000003,0.199],"LeftFingers":[0.4660000000000002,0.34399999999999986,0.028],"RightFingers":[0.15200000000000014,-0.030000000000000027,0.224],"Core":[-0.18700000000000006,0.0040000000000000036,0.347],"Neck":[0.125,0.15700000000000003,0.277],"Head":[0.274,0.18900000000000006,0.218]},"p1":{"LeftToe":[1.0350000000000001,0.9220000000000002,0.033],"RightToe":[1.1,0.6030000000000002,0.027],"LeftHeel":[1.0379999999999998,0.6949999999999998,0.043],"RightHeel":[1.028,0.387,0.039],"LeftAnkle":[0.9790000000000001,0.758,0.073],"RightAnkle":[0.988,0.46499999999999986,0.058],"LeftKnee":[0.6219999999999999,0.6269999999999998,0.271],"RightKnee":[0.577,0.5830000000000002,0.051],"LeftHip":[0.6389999999999998,0.19799999999999995,0.315],"RightHip":[0.6739999999999999,0.1629999999999998,0.092],"LeftShoulder":[0.20800000000000018,-0.020000000000000018,0.441],"RightShoulder":[0.1509999999999998,-0.1100000000000001,0.131],"LeftElbow":[0.2669999999999999,0.25,0.352],"RightElbow":[0.1469999999999998,0.16599999999999993,0.048],"LeftWrist":[0.008999999999999897,0.30200000000000005,0.407],"RightWrist":[0.15799999999999992,0.29899999999999993,0.273],"LeftHand":[-0.06899999999999995,0.29800000000000004,0.397],"RightHand":[0.121,0.2450000000000001,0.317],"LeftFingers":[-0.09899999999999998,0.31199999999999983,0.321],"RightFingers":[0.1280000000000001,0.2290000000000001,0.392],"Core":[0.4990000000000001,-0.008000000000000007,0.211],"Neck":[0.16500000000000004,-0.1180000000000001,0.304],"Head":[0.03500000000000014,-0.21300000000000008,0.332]}}