{"p0":{"LeftToe":[1.2229999999999999,0.40600000000000014,0.033],"RightToe":[0.2320000000000002,0.1280000000000001,0.025],"LeftHeel":[1.104,0.21300000000000008,0.052],"RightHeel":[0.41000000000000014,-0.020999999999999908,0.03],"LeftAnkle":[1.1280000000000001,0.2759999999999998,0.109],"RightAnkle":[0.3599999999999999,0.020999999999999908,0.088],"LeftKnee":[1.0510000000000002,0.3660000000000001,0.522],"RightKnee":[0.3700000000000001,0.18800000000000017,0.481],"LeftHip":[0.851,0.09200000000000008,0.79],"RightHip":[0.6259999999999999,0.03799999999999981,0.793],"LeftShoulder":[0.819,0.29400000000000004,1.34],"RightShoulder":[0.5430000000000001,0.1419999999999999,1.352],"LeftElbow":[0.879,0.399,1.077],"RightElbow":[0.47699999999999987,0.05699999999999994,1.081],"LeftWrist":[0.6880000000000002,0.42200000000000015,0.903],"RightWrist":[0.33999999999999986,0.19300000000000006,0.895],"LeftHand":[0.6499999999999999,0.4700000000000002,0.854],"RightHand":[0.274,0.23499999999999988,0.868],"LeftFingers":[0.621,0.44200000000000017,0.784],"RightFingers":[0.258,0.22100000000000009,0.788],"Core":[0.7320000000000002,0.10199999999999987,1.034],"Neck":[0.6640000000000001,0.2490000000000001,1.413],"Head":[0.5859999999999999,0.3580000000000001,1.51]},"p1":{"LeftToe":[0.5369999999999999,0.23899999999999988,0.929],"RightToe":[0.6040000000000001,-0.040999999999999925,0.694],"LeftHeel":[0.4289999999999998,0.12300000000000022,0.759],"RightHeel":[0.4660000000000002,-0.06499999999999995,0.512],"LeftAnkle":[0.44700000000000006,0.2120000000000002,0.778],"RightAnkle":[0.5089999999999999,0.009999999999999787,0.546],"LeftKnee":[0.2789999999999999,0.492,0.502],"RightKnee":[0.43000000000000016,0.30299999999999994,0.238],"LeftHip":[-0.018000000000000016,0.18999999999999995,0.431],"RightHip":[0.08599999999999985,0.052999999999999936,0.276],"LeftShoulder":[0.09799999999999986,0.6629999999999998,0.226],"RightShoulder":[0.33599999999999985,0.472,0.121],"LeftElbow":[0.08300000000000018,0.5179999999999998,0.479],"RightElbow":[0.16999999999999993,0.242,0.051],"LeftWrist":[0.3290000000000002,0.5099999999999998,0.41],"RightWrist":[0.25,0.0030000000000001137,0.154],"LeftHand":[0.3809999999999998,0.5409999999999999,0.359],"RightHand":[0.31400000000000006,-0.038000000000000034,0.173],"LeftFingers":[0.4580000000000002,0.504,0.364],"RightFingers":[0.3900000000000001,-0.02200000000000002,0.16],"Core":[0.017999999999999794,0.30100000000000016,0.19],"Neck":[0.2599999999999998,0.609,0.204],"Head":[0.35599999999999987,0.69,0.311]}}