{"p0":{"LeftToe":[-0.7250000000000001,0.44200000000000017,0.66],"RightToe":[0.7189999999999999,0.859,0.474],"LeftHeel":[-0.55,0.3460000000000001,0.772],"RightHeel":[0.504,0.8130000000000002,0.533],"LeftAnkle":[-0.554,0.4209999999999998,0.719],"RightAnkle":[0.5800000000000001,0.774,0.555],"LeftKnee":[-0.1459999999999999,0.4700000000000002,0.595],"RightKnee":[0.5190000000000001,0.496,0.88],"LeftHip":[-0.006000000000000005,0.31999999999999984,0.971],"RightHip":[0.15700000000000003,0.4209999999999998,1.1],"LeftShoulder":[0.4660000000000002,-0.028000000000000025,0.892],"RightShoulder":[0.5,0.06499999999999995,1.232],"LeftElbow":[0.5289999999999999,-0.1160000000000001,0.622],"RightElbow":[0.4049999999999998,0.29800000000000004,1.381],"LeftWrist":[0.6080000000000001,-0.18199999999999994,0.37],"RightWrist":[0.45299999999999985,0.5289999999999999,1.494],"LeftHand":[0.6539999999999999,-0.19999999999999996,0.303],"RightHand":[0.4700000000000002,0.605,1.517],"LeftFingers":[0.6280000000000001,-0.21799999999999997,0.233],"RightFingers":[0.4830000000000001,0.6640000000000001,1.465],"Core":[0.18800000000000017,0.15399999999999991,1.059],"Neck":[0.4830000000000001,0.017999999999999794,1.063],"Head":[0.6419999999999999,0.007000000000000117,1.109]},"p1":{"LeftToe":[0.2839999999999998,0.39400000000000013,0.027],"RightToe":[0.27,1.13,0.025],"LeftHeel":[0.05799999999999983,0.4289999999999998,0.052],"RightHeel":[0.07299999999999995,1.0110000000000001,0.032],"LeftAnkle":[0.1259999999999999,0.42700000000000005,0.112],"RightAnkle":[0.133,1.036,0.097],"LeftKnee":[0.31800000000000006,0.40700000000000003,0.497],"RightKnee":[0.2610000000000001,0.9820000000000002,0.506],"LeftHip":[0.18800000000000017,0.5670000000000002,0.872],"RightHip":[0.19600000000000017,0.798,0.889],"LeftShoulder":[0.40200000000000014,0.4540000000000002,1.376],"RightShoulder":[0.45599999999999996,0.7829999999999999,1.392],"LeftElbow":[0.16199999999999992,0.33999999999999986,1.267],"RightElbow":[0.4830000000000001,0.823,1.108],"LeftWrist":[0.2799999999999998,0.10400000000000009,1.203],"RightWrist":[0.569,0.585,1.041],"LeftHand":[0.31999999999999984,0.03399999999999981,1.213],"RightHand":[0.5990000000000002,0.5099999999999998,1.041],"LeftFingers":[0.3879999999999999,0.019000000000000128,1.169],"RightFingers":[0.5880000000000001,0.45699999999999985,0.984],"Core":[0.2410000000000001,0.6629999999999998,1.115],"Neck":[0.45999999999999996,0.6110000000000002,1.416],"Head":[0.6070000000000002,0.573,1.479]}}