{"p0":{"LeftToe":[0.6600000000000001,-0.597,0.279],"RightToe":[0.2330000000000001,-0.716,0.06],"LeftHeel":[0.5579999999999998,-0.508,0.466],"RightHeel":[0.2719999999999998,-0.6220000000000001,0.268],"LeftAnkle":[0.5779999999999998,-0.478,0.384],"RightAnkle":[0.22699999999999987,-0.5960000000000001,0.194],"LeftKnee":[0.5230000000000001,-0.05699999999999994,0.331],"RightKnee":[-0.050999999999999934,-0.274,0.134],"LeftHip":[0.18000000000000016,0.0009999999999998899,0.582],"RightHip":[0.029999999999999805,-0.17199999999999993,0.545],"LeftShoulder":[-0.16399999999999992,0.16199999999999992,0.185],"RightShoulder":[-0.4079999999999999,0.06800000000000006,0.373],"LeftElbow":[-0.010000000000000009,-0.07299999999999995,0.251],"RightElbow":[-0.2649999999999999,-0.10400000000000009,0.554],"LeftWrist":[-0.21500000000000008,-0.22599999999999998,0.31],"RightWrist":[-0.29200000000000004,-0.2809999999999999,0.351],"LeftHand":[-0.2609999999999999,-0.22100000000000009,0.373],"RightHand":[-0.3480000000000001,-0.2270000000000001,0.348],"LeftFingers":[-0.33899999999999997,-0.22199999999999998,0.379],"RightFingers":[-0.3799999999999999,-0.19599999999999995,0.279],"Core":[-0.07499999999999996,0.07699999999999996,0.536],"Neck":[-0.32600000000000007,0.10400000000000009,0.225],"Head":[-0.31699999999999995,-0.03499999999999992,0.136]},"p1":{"LeftToe":[-0.367,-0.2549999999999999,0.316],"RightToe":[-0.135,-0.655,0.415],"LeftHeel":[-0.21900000000000008,-0.1120000000000001,0.214],"RightHeel":[-0.17399999999999993,-0.45799999999999996,0.305],"LeftAnkle":[-0.21700000000000008,-0.1519999999999999,0.298],"RightAnkle":[-0.09699999999999998,-0.504,0.32],"LeftKnee":[0.18100000000000005,-0.1060000000000001,0.458],"RightKnee":[0.278,-0.33499999999999996,0.196],"LeftHip":[0.02300000000000013,0.22199999999999998,0.224],"RightHip":[0.1280000000000001,0.05699999999999994,0.102],"LeftShoulder":[0.4089999999999998,0.625,0.155],"RightShoulder":[0.5950000000000002,0.43599999999999994,0.085],"LeftElbow":[0.1429999999999998,0.508,0.164],"RightElbow":[0.4660000000000002,0.18000000000000016,0.052],"LeftWrist":[0.2250000000000001,0.33599999999999985,0.338],"RightWrist":[0.3959999999999999,0.08199999999999985,0.294],"LeftHand":[0.2999999999999998,0.32200000000000006,0.365],"RightHand":[0.4209999999999998,0.12300000000000022,0.359],"LeftFingers":[0.31999999999999984,0.2469999999999999,0.389],"RightFingers":[0.4159999999999999,0.09200000000000008,0.431],"Core":[0.2519999999999998,0.29499999999999993,0.104],"Neck":[0.5790000000000002,0.601,0.133],"Head":[0.673,0.6280000000000001,0.264]}}