{"p0":{"LeftToe":[-0.649,0.7349999999999999,0.025],"RightToe":[-0.6299999999999999,0.5739999999999998,0.238],"LeftHeel":[-0.688,0.5110000000000001,0.03],"RightHeel":[-0.7350000000000001,0.367,0.216],"LeftAnkle":[-0.6080000000000001,0.5569999999999999,0.03],"RightAnkle":[-0.6639999999999999,0.3999999999999999,0.258],"LeftKnee":[-0.20700000000000007,0.43699999999999983,0.126],"RightKnee":[-0.27,0.27,0.36],"LeftHip":[-0.47,0.10000000000000009,0.093],"RightHip":[-0.591,0.0009999999999998899,0.265],"LeftShoulder":[-0.040000000000000036,-0.2709999999999999,0.08],"RightShoulder":[-0.14100000000000001,-0.3620000000000001,0.373],"LeftElbow":[0.039000000000000146,-0.03200000000000003,0.224],"RightElbow":[-0.3600000000000001,-0.17399999999999993,0.416],"LeftWrist":[-0.16300000000000003,-0.139,0.351],"RightWrist":[-0.09299999999999997,-0.18900000000000006,0.412],"LeftHand":[-0.1479999999999999,-0.21599999999999997,0.371],"RightHand":[-0.030000000000000027,-0.23199999999999998,0.43],"LeftFingers":[-0.1479999999999999,-0.2410000000000001,0.447],"RightFingers":[0.04400000000000004,-0.19500000000000006,0.432],"Core":[-0.355,-0.1200000000000001,0.197],"Neck":[-0.05600000000000005,-0.3660000000000001,0.223],"Head":[0.0990000000000002,-0.3839999999999999,0.269]},"p1":{"LeftToe":[-0.040000000000000036,-0.1399999999999999,0.447],"RightToe":[-0.7849999999999999,0.33000000000000007,0.12],"LeftHeel":[0.009999999999999787,-0.21599999999999997,0.234],"RightHeel":[-0.683,0.12699999999999978,0.15],"LeftAnkle":[-0.052999999999999936,-0.15799999999999992,0.267],"RightAnkle":[-0.6579999999999999,0.2120000000000002,0.172],"LeftKnee":[-0.2869999999999999,0.1339999999999999,0.051],"RightKnee":[-0.26,0.347,0.252],"LeftHip":[0.1339999999999999,0.051000000000000156,0.093],"RightHip":[0.09699999999999998,0.11299999999999999,0.311],"LeftShoulder":[0.2919999999999998,0.609,0.08],"RightShoulder":[0.2829999999999999,0.5529999999999999,0.394],"LeftElbow":[0.19200000000000017,0.33999999999999986,0.045],"RightElbow":[0.07299999999999995,0.359,0.454],"LeftWrist":[-0.05899999999999994,0.39800000000000013,0.04],"RightWrist":[-0.18599999999999994,0.30500000000000016,0.415],"LeftHand":[-0.06299999999999994,0.4670000000000001,0.085],"RightHand":[-0.2470000000000001,0.31300000000000017,0.466],"LeftFingers":[-0.1379999999999999,0.48099999999999987,0.117],"RightFingers":[-0.31899999999999995,0.2839999999999998,0.451],"Core":[0.29499999999999993,0.2509999999999999,0.184],"Neck":[0.2589999999999999,0.6520000000000001,0.249],"Head":[0.17600000000000016,0.79,0.293]}}