{"p0":{"LeftToe":[0.383,0.375,0.324],"RightToe":[0.5230000000000001,-0.21700000000000008,0.313],"LeftHeel":[0.20999999999999996,0.31700000000000017,0.186],"RightHeel":[0.32399999999999984,-0.28400000000000003,0.213],"LeftAnkle":[0.2160000000000002,0.32799999999999985,0.277],"RightAnkle":[0.3599999999999999,-0.20999999999999996,0.243],"LeftKnee":[-0.10200000000000009,0.09799999999999986,0.446],"RightKnee":[0.1469999999999998,0.1429999999999998,0.355],"LeftHip":[-0.42799999999999994,0.06400000000000006,0.169],"RightHip":[-0.20500000000000007,0.09299999999999997,0.111],"LeftShoulder":[-0.6140000000000001,0.5760000000000001,0.183],"RightShoulder":[-0.30800000000000005,0.685,0.11],"LeftElbow":[-0.5900000000000001,0.29400000000000004,0.237],"RightElbow":[-0.030999999999999917,0.5899999999999999,0.123],"LeftWrist":[-0.387,0.16699999999999982,0.347],"RightWrist":[-0.18900000000000006,0.7989999999999999,0.181],"LeftHand":[-0.3560000000000001,0.15300000000000002,0.421],"RightHand":[-0.25,0.8410000000000002,0.198],"LeftFingers":[-0.2849999999999999,0.12300000000000022,0.436],"RightFingers":[-0.29600000000000004,0.8450000000000002,0.262],"Core":[-0.359,0.31700000000000017,0.103],"Neck":[-0.4750000000000001,0.6739999999999999,0.157],"Head":[-0.5409999999999999,0.7749999999999999,0.266]},"p1":{"LeftToe":[-0.40700000000000003,-0.09899999999999998,0.141],"RightToe":[-0.524,-0.03400000000000003,0.106],"LeftHeel":[-0.18700000000000006,-0.040000000000000036,0.111],"RightHeel":[-0.32000000000000006,-0.1379999999999999,0.077],"LeftAnkle":[-0.264,-0.014999999999999902,0.078],"RightAnkle":[-0.3480000000000001,-0.05800000000000005,0.108],"LeftKnee":[-0.20700000000000007,0.3700000000000001,0.261],"RightKnee":[-0.09600000000000009,0.16699999999999982,0.377],"LeftHip":[0.1429999999999998,0.17799999999999994,0.108],"RightHip":[0.19099999999999984,-0.04800000000000004,0.139],"LeftShoulder":[0.3450000000000002,0.355,0.559],"RightShoulder":[0.29899999999999993,0.028999999999999915,0.617],"LeftElbow":[0.07900000000000018,0.3210000000000002,0.447],"RightElbow":[0.08499999999999996,-0.08000000000000007,0.456],"LeftWrist":[-0.15300000000000002,0.20199999999999996,0.468],"RightWrist":[-0.135,0.06599999999999984,0.5],"LeftHand":[-0.20999999999999996,0.14900000000000002,0.479],"RightHand":[-0.19999999999999996,0.1070000000000002,0.493],"LeftFingers":[-0.20300000000000007,0.06899999999999995,0.469],"RightFingers":[-0.19700000000000006,0.18599999999999994,0.474],"Core":[0.35199999999999987,0.1259999999999999,0.266],"Neck":[0.33099999999999996,0.20000000000000018,0.645],"Head":[0.2450000000000001,0.2360000000000002,0.784]}}