{"p0":{"LeftToe":[-0.46199999999999997,-0.6160000000000001,0.027],"RightToe":[-0.782,-0.29200000000000004,0.025],"LeftHeel":[-0.45399999999999996,-0.4630000000000001,0.198],"RightHeel":[-0.621,-0.18700000000000006,0.151],"LeftAnkle":[-0.4159999999999999,-0.4650000000000001,0.116],"RightAnkle":[-0.653,-0.17700000000000005,0.068],"LeftKnee":[-0.07600000000000007,-0.20999999999999996,0.06],"RightKnee":[-0.45500000000000007,0.20500000000000007,0.091],"LeftHip":[-0.347,-0.278,0.387],"RightHip":[-0.518,-0.123,0.365],"LeftShoulder":[-0.030000000000000027,0.20999999999999996,0.58],"RightShoulder":[-0.3380000000000001,0.33199999999999985,0.528],"LeftElbow":[0.1299999999999999,0.1379999999999999,0.352],"RightElbow":[-0.40700000000000003,0.42200000000000015,0.262],"LeftWrist":[0.17099999999999982,0.0030000000000001137,0.129],"RightWrist":[-0.377,0.5329999999999999,0.02],"LeftHand":[0.2120000000000002,-0.03499999999999992,0.079],"RightHand":[-0.353,0.601,0.055],"LeftFingers":[0.2240000000000002,-0.07600000000000007,0.02],"RightFingers":[-0.32299999999999995,0.665,0.02],"Core":[-0.29600000000000004,-0.03400000000000003,0.494],"Neck":[-0.16999999999999993,0.31000000000000005,0.559],"Head":[-0.121,0.46799999999999997,0.549]},"p1":{"LeftToe":[-0.17900000000000005,0.06999999999999984,1.112],"RightToe":[-0.5,-0.24,0.1],"LeftHeel":[-0.04699999999999993,0.21899999999999986,0.999],"RightHeel":[-0.5149999999999999,-0.15300000000000002,0.314],"LeftAnkle":[-0.07499999999999996,0.1349999999999998,0.976],"RightAnkle":[-0.4710000000000001,-0.135,0.24],"LeftKnee":[0.09299999999999997,-0.07299999999999995,0.636],"RightKnee":[-0.20100000000000007,0.17399999999999993,0.365],"LeftHip":[0.242,0.2679999999999998,0.421],"RightHip":[0.10899999999999999,0.44799999999999995,0.472],"LeftShoulder":[0.10599999999999987,0.08899999999999997,0.085],"RightShoulder":[-0.125,0.28200000000000003,0.08],"LeftElbow":[0.33099999999999996,0.19099999999999984,0.232],"RightElbow":[-0.3580000000000001,0.3460000000000001,0.237],"LeftWrist":[0.1509999999999998,0.052999999999999936,0.356],"RightWrist":[-0.55,0.16800000000000015,0.174],"LeftHand":[0.11100000000000021,0.0009999999999998899,0.404],"RightHand":[-0.5780000000000001,0.09299999999999997,0.164],"LeftFingers":[0.029999999999999805,0.01100000000000012,0.404],"RightFingers":[-0.528,0.03100000000000014,0.147],"Core":[0.18800000000000017,0.4289999999999998,0.213],"Neck":[-0.06400000000000006,0.11799999999999988,0.091],"Head":[-0.17599999999999993,-0.0020000000000000018,0.11]}}