{"p0":{"LeftToe":[-0.355,-0.5509999999999999,0.025],"RightToe":[-0.6679999999999999,0.007000000000000117,0.025],"LeftHeel":[-0.2869999999999999,-0.3340000000000001,0.031],"RightHeel":[-0.44700000000000006,-0.01200000000000001,0.073],"LeftAnkle":[-0.2390000000000001,-0.41100000000000003,0.038],"RightAnkle":[-0.4910000000000001,0.04999999999999982,0.03],"LeftKnee":[0.16500000000000004,-0.29699999999999993,0.052],"RightKnee":[-0.19700000000000006,0.3500000000000001,0.053],"LeftHip":[-0.20900000000000007,-0.17999999999999994,0.25],"RightHip":[-0.3700000000000001,-0.038000000000000034,0.17],"LeftShoulder":[0.1549999999999998,-0.038000000000000034,0.426],"RightShoulder":[0.12300000000000022,0.2869999999999999,0.339],"LeftElbow":[0.22299999999999986,-0.139,0.162],"RightElbow":[0.31700000000000017,0.3809999999999998,0.145],"LeftWrist":[0.355,0.07699999999999996,0.226],"RightWrist":[0.35599999999999987,0.16699999999999982,0.302],"LeftHand":[0.3860000000000001,0.1339999999999999,0.272],"RightHand":[0.33199999999999985,0.09399999999999986,0.292],"LeftFingers":[0.3610000000000002,0.20999999999999996,0.275],"RightFingers":[0.35599999999999987,0.03500000000000014,0.248],"Core":[-0.18500000000000005,0.07799999999999985,0.332],"Neck":[0.18699999999999983,0.1349999999999998,0.404],"Head":[0.3250000000000002,0.22699999999999987,0.391]},"p1":{"LeftToe":[-0.1479999999999999,0.06199999999999983,0.704],"RightToe":[-0.0129999999999999,0.4820000000000002,0.529],"LeftHeel":[-0.14300000000000002,0.121,0.482],"RightHeel":[0.040999999999999925,0.33599999999999985,0.356],"LeftAnkle":[-0.10499999999999998,0.16000000000000014,0.556],"RightAnkle":[0.053999999999999826,0.33899999999999997,0.444],"LeftKnee":[0.10599999999999987,0.5219999999999998,0.505],"RightKnee":[0.33099999999999996,0.03100000000000014,0.5],"LeftHip":[0.11399999999999988,0.3570000000000002,0.099],"RightHip":[0.10199999999999987,0.133,0.139],"LeftShoulder":[0.7240000000000002,0.2290000000000001,0.144],"RightShoulder":[0.569,-0.07299999999999995,0.101],"LeftElbow":[0.45699999999999985,0.29499999999999993,0.23],"RightElbow":[0.4039999999999999,-0.30800000000000005,0.045],"LeftWrist":[0.246,0.3690000000000002,0.359],"RightWrist":[0.266,-0.15399999999999991,0.216],"LeftHand":[0.2280000000000002,0.3340000000000001,0.425],"RightHand":[0.2360000000000002,-0.18300000000000005,0.284],"LeftFingers":[0.17399999999999993,0.2749999999999999,0.43],"RightFingers":[0.21799999999999997,-0.1359999999999999,0.344],"Core":[0.3530000000000002,0.23099999999999987,0.109],"Neck":[0.6840000000000002,0.05900000000000016,0.121],"Head":[0.8140000000000001,0.0019999999999997797,0.203]}}