{"p0":{"LeftToe":[-0.4159999999999999,-0.43100000000000005,0.029],"RightToe":[-0.627,-0.050999999999999934,0.025],"LeftHeel":[-0.2609999999999999,-0.2849999999999999,0.119],"RightHeel":[-0.43100000000000005,-0.03400000000000003,0.14],"LeftAnkle":[-0.2549999999999999,-0.367,0.077],"RightAnkle":[-0.46599999999999997,0.016999999999999904,0.073],"LeftKnee":[0.16400000000000015,-0.28600000000000003,0.05],"RightKnee":[-0.19399999999999995,0.35199999999999987,0.055],"LeftHip":[-0.21999999999999997,-0.21799999999999997,0.224],"RightHip":[-0.34299999999999997,-0.030999999999999917,0.187],"LeftShoulder":[0.22699999999999987,-0.05899999999999994,0.431],"RightShoulder":[0.1469999999999998,0.2530000000000001,0.342],"LeftElbow":[0.30100000000000016,-0.17799999999999994,0.177],"RightElbow":[0.2410000000000001,0.42700000000000005,0.13],"LeftWrist":[0.383,0.07299999999999995,0.224],"RightWrist":[0.32699999999999996,0.20999999999999996,0.248],"LeftHand":[0.3879999999999999,0.1299999999999999,0.277],"RightHand":[0.33999999999999986,0.14100000000000001,0.285],"LeftFingers":[0.379,0.20699999999999985,0.266],"RightFingers":[0.3540000000000001,0.07100000000000017,0.253],"Core":[-0.1279999999999999,0.004999999999999893,0.35],"Neck":[0.18500000000000005,0.10899999999999999,0.43],"Head":[0.31800000000000006,0.20800000000000018,0.441]},"p1":{"LeftToe":[-0.03499999999999992,-0.014999999999999902,0.885],"RightToe":[-0.06600000000000006,0.3730000000000002,0.606],"LeftHeel":[-0.07800000000000007,0.02499999999999991,0.664],"RightHeel":[-0.02499999999999991,0.31700000000000017,0.389],"LeftAnkle":[-0.04400000000000004,0.07399999999999984,0.732],"RightAnkle":[0.0259999999999998,0.31400000000000006,0.463],"LeftKnee":[0.08099999999999996,0.41400000000000015,0.504],"RightKnee":[0.3530000000000002,0.040999999999999925,0.51],"LeftHip":[0.052000000000000046,0.2629999999999999,0.102],"RightHip":[0.133,0.04999999999999982,0.138],"LeftShoulder":[0.548,0.5310000000000001,0.171],"RightShoulder":[0.6949999999999998,0.23099999999999987,0.126],"LeftElbow":[0.31700000000000017,0.4249999999999998,0.307],"RightElbow":[0.44200000000000017,0.09399999999999986,0.173],"LeftWrist":[0.19600000000000017,0.27300000000000013,0.493],"RightWrist":[0.3809999999999998,0.09799999999999986,0.428],"LeftHand":[0.14000000000000012,0.23899999999999988,0.536],"RightHand":[0.3730000000000002,0.10199999999999987,0.509],"LeftFingers":[0.07500000000000018,0.20599999999999996,0.504],"RightFingers":[0.31899999999999995,0.14400000000000013,0.547],"Core":[0.32399999999999984,0.2400000000000002,0.111],"Neck":[0.6560000000000001,0.3969999999999998,0.17],"Head":[0.7879999999999998,0.47699999999999987,0.232]}}