{"p0":{"LeftToe":[-1.2770000000000001,0.06599999999999984,0.025],"RightToe":[-1.349,0.5089999999999999,0.026],"LeftHeel":[-1.105,0.1349999999999998,0.164],"RightHeel":[-1.218,0.4780000000000002,0.209],"LeftAnkle":[-1.111,0.09200000000000008,0.088],"RightAnkle":[-1.201,0.5230000000000001,0.13],"LeftKnee":[-0.687,0.05900000000000016,0.05],"RightKnee":[-0.821,0.7109999999999999,0.05],"LeftHip":[-0.994,0.22599999999999998,0.297],"RightHip":[-1.0590000000000002,0.44899999999999984,0.298],"LeftShoulder":[-0.504,0.2610000000000001,0.432],"RightShoulder":[-0.5549999999999999,0.5840000000000001,0.317],"LeftElbow":[-0.5369999999999999,0.10199999999999987,0.195],"RightElbow":[-0.29699999999999993,0.5760000000000001,0.191],"LeftWrist":[-0.3480000000000001,0.27700000000000014,0.246],"RightWrist":[-0.3560000000000001,0.3380000000000001,0.301],"LeftHand":[-0.33299999999999996,0.3460000000000001,0.283],"RightHand":[-0.42100000000000004,0.30100000000000016,0.28],"LeftFingers":[-0.2909999999999999,0.40700000000000003,0.257],"RightFingers":[-0.41700000000000004,0.242,0.222],"Core":[-0.845,0.3959999999999999,0.45],"Neck":[-0.5109999999999999,0.43500000000000005,0.4],"Head":[-0.367,0.5190000000000001,0.391]},"p1":{"LeftToe":[-0.933,0.5270000000000001,0.675],"RightToe":[-0.5860000000000001,0.8490000000000002,0.539],"LeftHeel":[-0.8660000000000001,0.5670000000000002,0.455],"RightHeel":[-0.637,0.7440000000000002,0.339],"LeftAnkle":[-0.8300000000000001,0.581,0.534],"RightAnkle":[-0.5840000000000001,0.726,0.408],"LeftKnee":[-0.4570000000000001,0.7949999999999999,0.5],"RightKnee":[-0.44300000000000006,0.33000000000000007,0.489],"LeftHip":[-0.367,0.6309999999999998,0.11],"RightHip":[-0.5760000000000001,0.5449999999999999,0.138],"LeftShoulder":[-0.08000000000000007,0.1459999999999999,0.124],"RightShoulder":[-0.3779999999999999,-0.006000000000000005,0.088],"LeftElbow":[-0.15999999999999992,0.4209999999999998,0.172],"RightElbow":[-0.5820000000000001,0.20000000000000018,0.052],"LeftWrist":[-0.2390000000000001,0.573,0.371],"RightWrist":[-0.8520000000000001,0.17499999999999982,0.071],"LeftHand":[-0.254,0.6120000000000001,0.442],"RightHand":[-0.929,0.1549999999999998,0.091],"LeftFingers":[-0.32800000000000007,0.5979999999999999,0.476],"RightFingers":[-0.942,0.09100000000000019,0.142],"Core":[-0.383,0.3610000000000002,0.1],"Neck":[-0.21199999999999997,0.028000000000000025,0.141],"Head":[-0.17300000000000004,-0.07000000000000006,0.27]}}