{"p0":{"LeftToe":[0.009999999999999787,-0.5269999999999999,0.025],"RightToe":[-0.397,0.3340000000000001,0.025],"LeftHeel":[-0.21100000000000008,-0.476,0.035],"RightHeel":[-0.3959999999999999,0.274,0.245],"LeftAnkle":[-0.14500000000000002,-0.4710000000000001,0.094],"RightAnkle":[-0.33499999999999996,0.30500000000000016,0.189],"LeftKnee":[-0.02400000000000002,-0.29400000000000004,0.469],"RightKnee":[0.04300000000000015,0.22599999999999998,0.375],"LeftHip":[-0.349,-0.08000000000000007,0.652],"RightHip":[-0.32400000000000007,0.14000000000000012,0.584],"LeftShoulder":[0.21899999999999986,-0.1100000000000001,0.539],"RightShoulder":[0.17399999999999993,0.2200000000000002,0.534],"LeftElbow":[0.1120000000000001,-0.24,0.302],"RightElbow":[0.22199999999999998,0.3929999999999998,0.306],"LeftWrist":[0.33099999999999996,-0.10499999999999998,0.286],"RightWrist":[0.3929999999999998,0.19200000000000017,0.258],"LeftHand":[0.3290000000000002,-0.09099999999999997,0.366],"RightHand":[0.4129999999999998,0.17799999999999994,0.337],"LeftFingers":[0.375,-0.026999999999999913,0.39],"RightFingers":[0.4630000000000001,0.11399999999999988,0.349],"Core":[-0.10200000000000009,0.019000000000000128,0.675],"Neck":[0.2160000000000002,0.05699999999999994,0.495],"Head":[0.33899999999999997,0.15399999999999991,0.453]},"p1":{"LeftToe":[0,0.1509999999999998,1.034],"RightToe":[0.22100000000000009,-0.09800000000000009,0.885],"LeftHeel":[-0.1299999999999999,0.1120000000000001,0.849],"RightHeel":[0.13099999999999978,-0.07200000000000006,0.678],"LeftAnkle":[-0.062000000000000055,0.17300000000000004,0.863],"RightAnkle":[0.21899999999999986,-0.07899999999999996,0.705],"LeftKnee":[0.08999999999999986,0.43599999999999994,0.558],"RightKnee":[0.508,-0.05600000000000005,0.384],"LeftHip":[0.09799999999999986,0.2959999999999998,0.153],"RightHip":[0.16699999999999982,0.07799999999999985,0.164],"LeftShoulder":[0.5920000000000001,0.5459999999999998,0.116],"RightShoulder":[0.7280000000000002,0.2490000000000001,0.119],"LeftElbow":[0.32399999999999984,0.46899999999999986,0.203],"RightElbow":[0.589,0.0019999999999997797,0.054],"LeftWrist":[0.20400000000000018,0.375,0.415],"RightWrist":[0.45699999999999985,0.12699999999999978,0.252],"LeftHand":[0.18100000000000005,0.3799999999999999,0.492],"RightHand":[0.47699999999999987,0.16599999999999993,0.319],"LeftFingers":[0.14900000000000002,0.31700000000000017,0.534],"RightFingers":[0.43199999999999994,0.17899999999999983,0.381],"Core":[0.3599999999999999,0.2599999999999998,0.108],"Neck":[0.71,0.41900000000000004,0.142],"Head":[0.823,0.4910000000000001,0.243]}}