{"p0":{"LeftToe":[-0.506,-0.391,0.025],"RightToe":[-0.5880000000000001,0.16400000000000015,0.025],"LeftHeel":[-0.3680000000000001,-0.21500000000000008,0.075],"RightHeel":[-0.3680000000000001,0.1299999999999999,0.075],"LeftAnkle":[-0.3480000000000001,-0.30000000000000004,0.048],"RightAnkle":[-0.4119999999999999,0.20299999999999985,0.039],"LeftKnee":[0.06800000000000006,-0.23199999999999998,0.05],"RightKnee":[-0.07099999999999995,0.45199999999999996,0.05],"LeftHip":[-0.30000000000000004,-0.1060000000000001,0.249],"RightHip":[-0.29499999999999993,0.12699999999999978,0.25],"LeftShoulder":[0.2709999999999999,-0.028999999999999915,0.212],"RightShoulder":[0.18999999999999995,0.2469999999999999,0.252],"LeftElbow":[0.015000000000000124,-0.026000000000000023,0.069],"RightElbow":[-0.0040000000000000036,0.4169999999999998,0.126],"LeftWrist":[0.07500000000000018,0.20599999999999996,0.163],"RightWrist":[0.06499999999999995,0.1629999999999998,0.057],"LeftHand":[-0.0029999999999998916,0.18400000000000016,0.158],"RightHand":[0.07200000000000006,0.129,0.125],"LeftFingers":[-0.05400000000000005,0.2469999999999999,0.142],"RightFingers":[0.0259999999999998,0.07699999999999996,0.163],"Core":[-0.07299999999999995,0.0009999999999998899,0.341],"Neck":[0.30299999999999994,0.11900000000000022,0.294],"Head":[0.4249999999999998,0.21499999999999986,0.238]},"p1":{"LeftToe":[-0.06899999999999995,0.30600000000000005,0.564],"RightToe":[-0.30699999999999994,0.2509999999999999,0.457],"LeftHeel":[0.14400000000000013,0.21700000000000008,0.534],"RightHeel":[-0.17100000000000004,0.06199999999999983,0.472],"LeftAnkle":[0.08499999999999996,0.2570000000000001,0.478],"RightAnkle":[-0.15799999999999992,0.14800000000000013,0.477],"LeftKnee":[0.021999999999999797,0.254,0.06],"RightKnee":[0.18800000000000017,0.3690000000000002,0.403],"LeftHip":[0.3650000000000002,-0.01200000000000001,0.119],"RightHip":[0.375,-0.028999999999999915,0.35],"LeftShoulder":[0.7589999999999999,0.3660000000000001,0.095],"RightShoulder":[0.7370000000000001,0.3410000000000002,0.425],"LeftElbow":[0.5150000000000001,0.21399999999999997,0.069],"RightElbow":[0.46099999999999985,0.28500000000000014,0.495],"LeftWrist":[0.31000000000000005,0.3700000000000001,0.037],"RightWrist":[0.20000000000000018,0.3610000000000002,0.481],"LeftHand":[0.266,0.43599999999999994,0.02],"RightHand":[0.133,0.34299999999999997,0.516],"LeftFingers":[0.18800000000000017,0.44099999999999984,0.02],"RightFingers":[0.06499999999999995,0.31599999999999984,0.489],"Core":[0.5979999999999999,0.06000000000000005,0.23],"Neck":[0.81,0.3599999999999999,0.265],"Head":[0.8690000000000002,0.5169999999999999,0.26]}}