{"p0":{"LeftToe":[-0.03600000000000003,0.3490000000000002,0.025],"RightToe":[0.262,-0.2490000000000001,0.037],"LeftHeel":[0.14500000000000002,0.4860000000000002,0.038],"RightHeel":[0.41400000000000015,-0.08000000000000007,0.044],"LeftAnkle":[0.08999999999999986,0.45100000000000007,0.098],"RightAnkle":[0.3610000000000002,-0.11499999999999999,0.108],"LeftKnee":[-0.06499999999999995,0.3610000000000002,0.486],"RightKnee":[0.238,-0.125,0.519],"LeftHip":[0.27300000000000013,0.3900000000000001,0.755],"RightHip":[0.3860000000000001,0.18900000000000006,0.778],"LeftShoulder":[-0.17500000000000004,0.16100000000000003,1.036],"RightShoulder":[-0.010000000000000009,-0.09800000000000009,0.962],"LeftElbow":[-0.19500000000000006,0.19099999999999984,0.746],"RightElbow":[0.16000000000000014,-0.1339999999999999,0.733],"LeftWrist":[-0.30200000000000005,0.053999999999999826,0.551],"RightWrist":[0.11900000000000022,-0.06000000000000005,0.477],"LeftHand":[-0.33299999999999996,-0.010999999999999899,0.511],"RightHand":[0.08999999999999986,-0.010999999999999899,0.42],"LeftFingers":[-0.31499999999999995,-0.02499999999999991,0.434],"RightFingers":[0.052000000000000046,0.05799999999999983,0.44],"Core":[0.17799999999999994,0.22299999999999986,0.946],"Neck":[-0.14500000000000002,-0.008999999999999897,1.023],"Head":[-0.26,-0.123,1.045]},"p1":{"LeftToe":[0.4700000000000002,0.367,0.554],"RightToe":[-0.08699999999999997,0.762,0.028],"LeftHeel":[0.3490000000000002,0.2589999999999999,0.389],"RightHeel":[-0.21399999999999997,0.573,0.04],"LeftAnkle":[0.355,0.2559999999999998,0.476],"RightAnkle":[-0.16799999999999993,0.6200000000000001,0.101],"LeftKnee":[0.040999999999999925,-0.03299999999999992,0.5],"RightKnee":[-0.30400000000000005,0.3039999999999998,0.354],"LeftHip":[-0.21300000000000008,-0.18199999999999994,0.185],"RightHip":[-0.3859999999999999,-0.04699999999999993,0.116],"LeftShoulder":[-0.625,-0.591,0.264],"RightShoulder":[-0.8089999999999999,-0.357,0.107],"LeftElbow":[-0.3799999999999999,-0.44799999999999995,0.329],"RightElbow":[-0.98,-0.127,0.05],"LeftWrist":[-0.381,-0.27,0.521],"RightWrist":[-1.03,0.14000000000000012,0.039],"LeftHand":[-0.3500000000000001,-0.2589999999999999,0.595],"RightHand":[-1.038,0.20400000000000018,0.089],"LeftFingers":[-0.2929999999999999,-0.20100000000000007,0.606],"RightFingers":[-1.022,0.2789999999999999,0.064],"Core":[-0.43999999999999995,-0.31099999999999994,0.108],"Neck":[-0.7629999999999999,-0.51,0.186],"Head":[-0.8819999999999999,-0.532,0.301]}}