{"p0":{"LeftToe":[-0.22599999999999998,0.621,0.528],"RightToe":[-0.02400000000000002,0.7040000000000002,0.674],"LeftHeel":[-0.19100000000000006,0.4039999999999999,0.452],"RightHeel":[-0.16900000000000004,0.661,0.499],"LeftAnkle":[-0.1419999999999999,0.4700000000000002,0.483],"RightAnkle":[-0.133,0.613,0.565],"LeftKnee":[0.2400000000000002,0.2789999999999999,0.511],"RightKnee":[-0.20300000000000007,0.18999999999999995,0.559],"LeftHip":[0.121,0.19399999999999995,0.105],"RightHip":[-0.10400000000000009,0.18999999999999995,0.14],"LeftShoulder":[0.15600000000000014,-0.3939999999999999,0.082],"RightShoulder":[-0.15700000000000003,-0.383,0.114],"LeftElbow":[0.1080000000000001,-0.32899999999999996,0.359],"RightElbow":[-0.278,-0.17700000000000005,0.275],"LeftWrist":[-0.028000000000000025,-0.32400000000000007,0.578],"RightWrist":[-0.20300000000000007,-0.2410000000000001,0.525],"LeftHand":[-0.08800000000000008,-0.2809999999999999,0.612],"RightHand":[-0.18999999999999995,-0.28,0.596],"LeftFingers":[-0.119,-0.21500000000000008,0.581],"RightFingers":[-0.14700000000000002,-0.3500000000000001,0.591],"Core":[0.008999999999999897,-0.052999999999999936,0.1],"Neck":[0,-0.45799999999999996,0.134],"Head":[0.008000000000000007,-0.613,0.192]},"p1":{"LeftToe":[-0.21500000000000008,0.7010000000000001,0.896],"RightToe":[-0.21199999999999997,-0.31400000000000006,0.544],"LeftHeel":[-0.2869999999999999,0.5619999999999998,0.73],"RightHeel":[-0.014000000000000012,-0.2270000000000001,0.47],"LeftAnkle":[-0.20599999999999996,0.601,0.744],"RightAnkle":[-0.04800000000000004,-0.2450000000000001,0.549],"LeftKnee":[0.04800000000000004,0.4990000000000001,0.414],"RightKnee":[0.33899999999999997,-0.10400000000000009,0.666],"LeftHip":[0.06599999999999984,0.07900000000000018,0.313],"RightHip":[0.10999999999999988,-0.14900000000000002,0.303],"LeftShoulder":[0.5350000000000001,0.278,0.082],"RightShoulder":[0.657,-0.038999999999999924,0.11],"LeftElbow":[0.2570000000000001,0.2719999999999998,0.174],"RightElbow":[0.44899999999999984,-0.2270000000000001,0.185],"LeftWrist":[0.3410000000000002,0.09100000000000019,0.339],"RightWrist":[0.47699999999999987,-0.016999999999999904,0.349],"LeftHand":[0.387,0.04899999999999993,0.393],"RightHand":[0.5150000000000001,0.03799999999999981,0.389],"LeftFingers":[0.4249999999999998,-0.016999999999999904,0.364],"RightFingers":[0.4750000000000001,0.1070000000000002,0.409],"Core":[0.30200000000000005,0.01399999999999979,0.198],"Neck":[0.6349999999999998,0.137,0.123],"Head":[0.778,0.20199999999999996,0.175]}}