{"p0":{"LeftToe":[-0.14100000000000001,-0.5720000000000001,0.046],"RightToe":[0.5920000000000001,-0.952,0.04],"LeftHeel":[0.08499999999999996,-0.6180000000000001,0.03],"RightHeel":[0.6749999999999998,-0.74,0.091],"LeftAnkle":[0.03399999999999981,-0.546,0.034],"RightAnkle":[0.6070000000000002,-0.794,0.12],"LeftKnee":[0.18699999999999983,-0.15399999999999991,0.114],"RightKnee":[0.3410000000000002,-0.5209999999999999,0.317],"LeftHip":[0.6120000000000001,-0.10699999999999998,0.167],"RightHip":[0.5430000000000001,-0.1499999999999999,0.384],"LeftShoulder":[0.4500000000000002,0.4670000000000001,0.313],"RightShoulder":[0.2879999999999998,0.278,0.512],"LeftElbow":[0.28100000000000014,0.41500000000000004,0.081],"RightElbow":[0.17200000000000015,0.01399999999999979,0.533],"LeftWrist":[0.06000000000000005,0.2759999999999998,0.053],"RightWrist":[-0.014000000000000012,0.11799999999999988,0.365],"LeftHand":[-0.016999999999999904,0.2509999999999999,0.047],"RightHand":[-0.08099999999999996,0.125,0.321],"LeftFingers":[-0.038999999999999924,0.17499999999999982,0.065],"RightFingers":[-0.07499999999999996,0.11100000000000021,0.24],"Core":[0.5529999999999999,0.11100000000000021,0.316],"Neck":[0.34299999999999997,0.42600000000000016,0.443],"Head":[0.2629999999999999,0.556,0.499]},"p1":{"LeftToe":[-0.49,-0.04800000000000004,0.278],"RightToe":[-0.756,-0.1060000000000001,0.038],"LeftHeel":[-0.2929999999999999,0.06300000000000017,0.308],"RightHeel":[-0.5880000000000001,0.053999999999999826,0.03],"LeftAnkle":[-0.31299999999999994,-0.02400000000000002,0.293],"RightAnkle":[-0.5940000000000001,-0.03299999999999992,0.03],"LeftKnee":[0.07500000000000018,-0.20199999999999996,0.269],"RightKnee":[-0.21900000000000008,-0.21599999999999997,0.127],"LeftHip":[0.0259999999999998,0.22699999999999987,0.269],"RightHip":[0.07500000000000018,0.09600000000000009,0.09],"LeftShoulder":[0.5990000000000002,0.43299999999999983,0.198],"RightShoulder":[0.6099999999999999,0.12699999999999978,0.081],"LeftElbow":[0.6179999999999999,0.3879999999999999,0.486],"RightElbow":[0.4980000000000002,-0.1419999999999999,0.055],"LeftWrist":[0.637,0.1389999999999998,0.418],"RightWrist":[0.758,-0.09299999999999997,0.095],"LeftHand":[0.6459999999999999,0.06199999999999983,0.434],"RightHand":[0.798,-0.08200000000000007,0.164],"LeftFingers":[0.665,0.01200000000000001,0.371],"RightFingers":[0.7589999999999999,-0.04499999999999993,0.224],"Core":[0.27700000000000014,0.258,0.166],"Neck":[0.6680000000000001,0.28900000000000015,0.125],"Head":[0.8119999999999998,0.2749999999999999,0.209]}}