{"p0":{"LeftToe":[-0.3580000000000001,0.3919999999999999,0.399],"RightToe":[-0.357,0.911,0.081],"LeftHeel":[-0.268,0.5169999999999999,0.225],"RightHeel":[-0.31400000000000006,0.69,0.043],"LeftAnkle":[-0.238,0.4820000000000002,0.299],"RightAnkle":[-0.32899999999999996,0.7389999999999999,0.119],"LeftKnee":[0.14100000000000001,0.5979999999999999,0.138],"RightKnee":[-0.19799999999999995,0.4540000000000002,0.41],"LeftHip":[0.1549999999999998,0.16999999999999993,0.091],"RightHip":[-0.05899999999999994,0.129,0.167],"LeftShoulder":[0.42799999999999994,-0.266,0.223],"RightShoulder":[0.3849999999999998,-0.08000000000000007,0.467],"LeftElbow":[0.6629999999999998,-0.15900000000000003,0.095],"RightElbow":[0.5390000000000001,0.11500000000000021,0.323],"LeftWrist":[0.8210000000000002,-0.038999999999999924,0.26],"RightWrist":[0.7919999999999998,0.029999999999999805,0.363],"LeftHand":[0.823,0.016999999999999904,0.313],"RightHand":[0.8319999999999999,-0.010999999999999899,0.305],"LeftFingers":[0.7690000000000001,0.04700000000000015,0.359],"RightFingers":[0.7959999999999998,-0.07699999999999996,0.274],"Core":[0.11799999999999988,-0.06899999999999995,0.213],"Neck":[0.4590000000000001,-0.21700000000000008,0.389],"Head":[0.6179999999999999,-0.19700000000000006,0.438]},"p1":{"LeftToe":[-0.4950000000000001,0.8879999999999999,0.289],"RightToe":[-0.44199999999999995,-0.020000000000000018,0.161],"LeftHeel":[-0.502,0.6749999999999998,0.205],"RightHeel":[-0.21999999999999997,-0.06099999999999994,0.142],"LeftAnkle":[-0.43100000000000005,0.7330000000000001,0.217],"RightAnkle":[-0.264,0,0.194],"LeftKnee":[-0.040999999999999925,0.637,0.057],"RightKnee":[-0.21700000000000008,0.2639999999999998,0.532],"LeftHip":[0.10400000000000009,0.28600000000000003,0.258],"RightHip":[0.125,0.07699999999999996,0.355],"LeftShoulder":[0.6920000000000002,0.2370000000000001,0.145],"RightShoulder":[0.6299999999999999,-0.052999999999999936,0.128],"LeftElbow":[0.4620000000000002,0.3780000000000001,0.249],"RightElbow":[0.43800000000000017,-0.2589999999999999,0.059],"LeftWrist":[0.4910000000000001,0.16000000000000014,0.392],"RightWrist":[0.24299999999999988,-0.3360000000000001,0.229],"LeftHand":[0.5049999999999999,0.1080000000000001,0.453],"RightHand":[0.24299999999999988,-0.31699999999999995,0.304],"LeftFingers":[0.5030000000000001,0.028999999999999915,0.443],"RightFingers":[0.2589999999999999,-0.25,0.339],"Core":[0.33999999999999986,0.16100000000000003,0.219],"Neck":[0.7229999999999999,0.07299999999999995,0.206],"Head":[0.6789999999999998,-0.03699999999999992,0.324]}}