{"p0":{"LeftToe":[0.242,-0.5860000000000001,0.031],"RightToe":[0.8980000000000001,-0.79,0.052],"LeftHeel":[0.379,-0.405,0.039],"RightHeel":[0.8570000000000002,-0.562,0.03],"LeftAnkle":[0.29000000000000004,-0.41300000000000003,0.038],"RightAnkle":[0.81,-0.6319999999999999,0.066],"LeftKnee":[0.11500000000000021,-0.02200000000000002,0.053],"RightKnee":[0.46099999999999985,-0.5900000000000001,0.309],"LeftHip":[0.508,0.028999999999999915,0.225],"RightHip":[0.5270000000000001,-0.16500000000000004,0.353],"LeftShoulder":[0.121,0.30799999999999983,0.354],"RightShoulder":[-0.038000000000000034,0.052000000000000046,0.38],"LeftElbow":[0.2330000000000001,0.363,0.09],"RightElbow":[0.020000000000000018,-0.052000000000000046,0.114],"LeftWrist":[0.11299999999999999,0.14500000000000002,0.02],"RightWrist":[-0.17399999999999993,0.10899999999999999,0.02],"LeftHand":[0.10099999999999998,0.06700000000000017,0.021],"RightHand":[-0.24,0.12699999999999978,0.057],"LeftFingers":[0.13099999999999978,0.02300000000000013,0.083],"RightFingers":[-0.2430000000000001,0.1509999999999998,0.133],"Core":[0.3250000000000002,0.004999999999999893,0.421],"Neck":[-0.018999999999999906,0.22299999999999986,0.413],"Head":[-0.15700000000000003,0.31499999999999995,0.404]},"p1":{"LeftToe":[-0.353,0.053999999999999826,0.105],"RightToe":[-0.7649999999999999,0.10000000000000009,0.069],"LeftHeel":[-0.21500000000000008,-0.0009999999999998899,0.279],"RightHeel":[-0.659,0.2999999999999998,0.03],"LeftAnkle":[-0.20999999999999996,-0.0129999999999999,0.189],"RightAnkle":[-0.6339999999999999,0.2200000000000002,0.058],"LeftKnee":[0.1589999999999998,-0.2250000000000001,0.14],"RightKnee":[-0.32800000000000007,-0.07499999999999996,0.105],"LeftHip":[0.07900000000000018,0.16199999999999992,0.313],"RightHip":[0.03299999999999992,0.16199999999999992,0.09],"LeftShoulder":[0.5870000000000002,0.3780000000000001,0.315],"RightShoulder":[0.6389999999999998,0.1379999999999999,0.081],"LeftElbow":[0.4089999999999998,0.18299999999999983,0.436],"RightElbow":[0.4940000000000002,-0.1120000000000001,0.045],"LeftWrist":[0.6059999999999999,0.03299999999999992,0.353],"RightWrist":[0.694,-0.08099999999999996,0.221],"LeftHand":[0.6539999999999999,-0.016000000000000014,0.398],"RightHand":[0.762,-0.040999999999999925,0.23],"LeftFingers":[0.6970000000000001,-0.07099999999999995,0.357],"RightFingers":[0.7709999999999999,0.005999999999999783,0.297],"Core":[0.2869999999999999,0.23399999999999999,0.158],"Neck":[0.6480000000000001,0.28600000000000003,0.177],"Head":[0.8039999999999998,0.254,0.227]}}