{"p0":{"LeftToe":[1.12,-0.03600000000000003,0.032],"RightToe":[0.17899999999999983,-0.014000000000000012,0.025],"LeftHeel":[1.0699999999999998,-0.26,0.03],"RightHeel":[0.29499999999999993,-0.21599999999999997,0.03],"LeftAnkle":[1.0659999999999998,-0.19700000000000006,0.097],"RightAnkle":[0.2610000000000001,-0.15900000000000003,0.088],"LeftKnee":[0.9430000000000001,-0.040999999999999925,0.48],"RightKnee":[0.32799999999999985,-0.0029999999999998916,0.481],"LeftHip":[0.7469999999999999,-0.258,0.793],"RightHip":[0.516,-0.2350000000000001,0.789],"LeftShoulder":[0.7280000000000002,-0.026000000000000023,1.337],"RightShoulder":[0.44200000000000017,-0.15100000000000002,1.339],"LeftElbow":[0.8490000000000002,-0.030000000000000027,1.073],"RightElbow":[0.355,-0.20999999999999996,1.067],"LeftWrist":[0.7090000000000001,0.08999999999999986,0.887],"RightWrist":[0.3039999999999998,-0.028999999999999915,0.872],"LeftHand":[0.685,0.15700000000000003,0.848],"RightHand":[0.274,0.040999999999999925,0.853],"LeftFingers":[0.649,0.15700000000000003,0.778],"RightFingers":[0.2749999999999999,0.06499999999999995,0.775],"Core":[0.6320000000000001,-0.21500000000000008,1.032],"Neck":[0.5609999999999999,-0.03400000000000003,1.397],"Head":[0.48,0.08700000000000019,1.479]},"p1":{"LeftToe":[0.43199999999999994,-0.236,0.958],"RightToe":[1.0190000000000001,-0.135,0.553],"LeftHeel":[0.5059999999999998,-0.07899999999999996,0.803],"RightHeel":[0.9089999999999998,-0.26,0.398],"LeftAnkle":[0.43000000000000016,-0.125,0.818],"RightAnkle":[0.8889999999999998,-0.17799999999999994,0.437],"LeftKnee":[0.1259999999999999,-0.02400000000000002,0.534],"RightKnee":[0.637,0.1629999999999998,0.489],"LeftHip":[0.2160000000000002,0.0019999999999997797,0.117],"RightHip":[0.3759999999999999,0.1629999999999998,0.15],"LeftShoulder":[-0.2290000000000001,0.25,0.205],"RightShoulder":[-0.06899999999999995,0.5350000000000001,0.258],"LeftElbow":[-0.04899999999999993,0.02400000000000002,0.165],"RightElbow":[0.1389999999999998,0.5019999999999998,0.058],"LeftWrist":[0.1509999999999998,-0.14100000000000001,0.131],"RightWrist":[0.3740000000000001,0.3690000000000002,0.077],"LeftHand":[0.19799999999999995,-0.20799999999999996,0.125],"RightHand":[0.3650000000000002,0.355,0.157],"LeftFingers":[0.2749999999999999,-0.20900000000000007,0.112],"RightFingers":[0.4039999999999999,0.2869999999999999,0.183],"Core":[0.12699999999999978,0.2570000000000001,0.116],"Neck":[-0.18999999999999995,0.40700000000000003,0.275],"Head":[-0.236,0.43299999999999983,0.432]}}