{"p0":{"LeftToe":[0.6619999999999999,-0.9259999999999999,0.025],"RightToe":[0.0009999999999998899,-0.6799999999999999,0.028],"LeftHeel":[0.7959999999999998,-0.746,0.073],"RightHeel":[0.14800000000000013,-0.504,0.05],"LeftAnkle":[0.7109999999999999,-0.75,0.036],"RightAnkle":[0.06000000000000005,-0.508,0.033],"LeftKnee":[0.3570000000000002,-0.5029999999999999,0.05],"RightKnee":[0.03100000000000014,-0.10000000000000009,0.173],"LeftHip":[0.5,-0.123,0.182],"RightHip":[0.3969999999999998,-0.2749999999999999,0.321],"LeftShoulder":[0.2280000000000002,0.30200000000000005,0.515],"RightShoulder":[0.14500000000000002,0.04300000000000015,0.677],"LeftElbow":[0.129,0.43000000000000016,0.273],"RightElbow":[0.23499999999999988,-0.2310000000000001,0.639],"LeftWrist":[-0.050999999999999934,0.28900000000000015,0.148],"RightWrist":[0.10999999999999988,-0.08200000000000007,0.455],"LeftHand":[-0.1200000000000001,0.2519999999999998,0.123],"RightHand":[0.03600000000000003,-0.04699999999999993,0.443],"LeftFingers":[-0.11699999999999999,0.17700000000000005,0.093],"RightFingers":[0.01399999999999979,-0.03200000000000003,0.367],"Core":[0.379,-0.016000000000000014,0.399],"Neck":[0.16199999999999992,0.2160000000000002,0.652],"Head":[0.06700000000000017,0.32399999999999984,0.734]},"p1":{"LeftToe":[-0.272,-0.5469999999999999,0.191],"RightToe":[-0.19799999999999995,-0.528,0.137],"LeftHeel":[-0.264,-0.32000000000000006,0.175],"RightHeel":[-0.15700000000000003,-0.30499999999999994,0.162],"LeftAnkle":[-0.21300000000000008,-0.379,0.217],"RightAnkle":[-0.10400000000000009,-0.3759999999999999,0.155],"LeftKnee":[0.14000000000000012,-0.20199999999999996,0.385],"RightKnee":[0.30200000000000005,-0.2370000000000001,0.124],"LeftHip":[0.04700000000000015,0.20800000000000018,0.294],"RightHip":[0.051000000000000156,0.1070000000000002,0.09],"LeftShoulder":[0.43999999999999995,0.6080000000000001,0.171],"RightShoulder":[0.6059999999999999,0.351,0.082],"LeftElbow":[0.17899999999999983,0.4860000000000002,0.21],"RightElbow":[0.4580000000000002,0.10400000000000009,0.045],"LeftWrist":[0.2829999999999999,0.3860000000000001,0.429],"RightWrist":[0.45199999999999996,0.08899999999999997,0.312],"LeftHand":[0.3340000000000001,0.3599999999999999,0.483],"RightHand":[0.4940000000000002,0.11799999999999988,0.373],"LeftFingers":[0.32399999999999984,0.30900000000000016,0.541],"RightFingers":[0.4740000000000002,0.10199999999999987,0.448],"Core":[0.242,0.29700000000000015,0.126],"Neck":[0.5819999999999999,0.5019999999999998,0.173],"Head":[0.714,0.5369999999999999,0.265]}}